faltid;lan;kommun;areal_ha;markslag;inventeringsdatum;fastighet;objektrapport_ui;objektrapport_api;lokal_json
003-000;Södermanland;Katrineholm;0.51;Bete;2002-06-26;Kvarntorp 1;https://etjanst.sjv.se/tuvaut/?f=&id=003-000;https://etjanst.sjv.se/hagenpub/rest/base/object/003-000;docs/tuva/sodermanland/objektrapporter/003-000.json
004-QTF;Södermanland;Nyköping;2.75;Bete;2002-07-19;Rogstatorp;https://etjanst.sjv.se/tuvaut/?f=&id=004-QTF;https://etjanst.sjv.se/hagenpub/rest/base/object/004-QTF;docs/tuva/sodermanland/objektrapporter/004-QTF.json
004-SQW;Södermanland;Nyköping;0.35;Bete;2004-09-22;Ringsö 2;https://etjanst.sjv.se/tuvaut/?f=&id=004-SQW;https://etjanst.sjv.se/hagenpub/rest/base/object/004-SQW;docs/tuva/sodermanland/objektrapporter/004-SQW.json
008-HHG;Södermanland;Flen;0.86;Bete;2004-07-07;Starrkärr;https://etjanst.sjv.se/tuvaut/?f=&id=008-HHG;https://etjanst.sjv.se/hagenpub/rest/base/object/008-HHG;docs/tuva/sodermanland/objektrapporter/008-HHG.json
008-SYS;Södermanland;Nyköping;1.27;Bete;2002-07-08;Bäcketorp;https://etjanst.sjv.se/tuvaut/?f=&id=008-SYS;https://etjanst.sjv.se/hagenpub/rest/base/object/008-SYS;docs/tuva/sodermanland/objektrapporter/008-SYS.json
00E-ACP;Södermanland;Nyköping;0.34;Bete;2003-06-26;Valsta 2;https://etjanst.sjv.se/tuvaut/?f=&id=00E-ACP;https://etjanst.sjv.se/hagenpub/rest/base/object/00E-ACP;docs/tuva/sodermanland/objektrapporter/00E-ACP.json
00E-CKM;Södermanland;Flen;5.62;Bete;2004-07-08;Pumpedal 1;https://etjanst.sjv.se/tuvaut/?f=&id=00E-CKM;https://etjanst.sjv.se/hagenpub/rest/base/object/00E-CKM;docs/tuva/sodermanland/objektrapporter/00E-CKM.json
00E-FDJ;Södermanland;Nyköping;7.36;Restaurerbar;2004-06-19;Aspa;https://etjanst.sjv.se/tuvaut/?f=&id=00E-FDJ;https://etjanst.sjv.se/hagenpub/rest/base/object/00E-FDJ;docs/tuva/sodermanland/objektrapporter/00E-FDJ.json
00E-FOL;Södermanland;Katrineholm;0.96;Bete;2004-08-25;tjugesta 2;https://etjanst.sjv.se/tuvaut/?f=&id=00E-FOL;https://etjanst.sjv.se/hagenpub/rest/base/object/00E-FOL;docs/tuva/sodermanland/objektrapporter/00E-FOL.json
00F-200;Södermanland;Eskilstuna;3.77;Bete;2002-05-17;Hedtorp3;https://etjanst.sjv.se/tuvaut/?f=&id=00F-200;https://etjanst.sjv.se/hagenpub/rest/base/object/00F-200;docs/tuva/sodermanland/objektrapporter/00F-200.json
014-RRT;Södermanland;Eskilstuna;0.15;Bete;2003-09-03;Magda9;https://etjanst.sjv.se/tuvaut/?f=&id=014-RRT;https://etjanst.sjv.se/hagenpub/rest/base/object/014-RRT;docs/tuva/sodermanland/objektrapporter/014-RRT.json
017-PAG;Södermanland;Nyköping;18.46;Bete;2002-09-11;Löfsund;https://etjanst.sjv.se/tuvaut/?f=&id=017-PAG;https://etjanst.sjv.se/hagenpub/rest/base/object/017-PAG;docs/tuva/sodermanland/objektrapporter/017-PAG.json
018-DTF;Södermanland;Eskilstuna;1.47;Bete;2002-08-08;Kolsta2;https://etjanst.sjv.se/tuvaut/?f=&id=018-DTF;https://etjanst.sjv.se/hagenpub/rest/base/object/018-DTF;docs/tuva/sodermanland/objektrapporter/018-DTF.json
018-XNR;Södermanland;Nyköping;0.14;Restaurerbar;2002-07-07;Bråten;https://etjanst.sjv.se/tuvaut/?f=&id=018-XNR;https://etjanst.sjv.se/hagenpub/rest/base/object/018-XNR;docs/tuva/sodermanland/objektrapporter/018-XNR.json
01A-SDH;Södermanland;Gnesta;1.85;Bete;2004-06-18;Fräkenvassen 3;https://etjanst.sjv.se/tuvaut/?f=&id=01A-SDH;https://etjanst.sjv.se/hagenpub/rest/base/object/01A-SDH;docs/tuva/sodermanland/objektrapporter/01A-SDH.json
01C-RKD;Södermanland;Eskilstuna;0.45;Bete;2003-08-14;Öknatorp2;https://etjanst.sjv.se/tuvaut/?f=&id=01C-RKD;https://etjanst.sjv.se/hagenpub/rest/base/object/01C-RKD;docs/tuva/sodermanland/objektrapporter/01C-RKD.json
01D-KTQ;Södermanland;Katrineholm;4.76;Bete;2004-07-29;årsta 1;https://etjanst.sjv.se/tuvaut/?f=&id=01D-KTQ;https://etjanst.sjv.se/hagenpub/rest/base/object/01D-KTQ;docs/tuva/sodermanland/objektrapporter/01D-KTQ.json
01D-VUR;Södermanland;Katrineholm;0.39;Bete;2003-07-01;Hälltäppan 1;https://etjanst.sjv.se/tuvaut/?f=&id=01D-VUR;https://etjanst.sjv.se/hagenpub/rest/base/object/01D-VUR;docs/tuva/sodermanland/objektrapporter/01D-VUR.json
01E-RYX;Södermanland;Trosa;0.53;Bete;2004-05-11;Granhusa 3;https://etjanst.sjv.se/tuvaut/?f=&id=01E-RYX;https://etjanst.sjv.se/hagenpub/rest/base/object/01E-RYX;docs/tuva/sodermanland/objektrapporter/01E-RYX.json
01F-ZEB;Södermanland;Trosa;3.2;Bete;2004-05-11;Gisekvarn 2;https://etjanst.sjv.se/tuvaut/?f=&id=01F-ZEB;https://etjanst.sjv.se/hagenpub/rest/base/object/01F-ZEB;docs/tuva/sodermanland/objektrapporter/01F-ZEB.json
021-MKE;Södermanland;Eskilstuna;2.49;Bete;2003-06-23;Rännbäcken1;https://etjanst.sjv.se/tuvaut/?f=&id=021-MKE;https://etjanst.sjv.se/hagenpub/rest/base/object/021-MKE;docs/tuva/sodermanland/objektrapporter/021-MKE.json
021-PVX;Södermanland;Gnesta;0.67;Bete;2003-09-16;Yttervalla 2;https://etjanst.sjv.se/tuvaut/?f=&id=021-PVX;https://etjanst.sjv.se/hagenpub/rest/base/object/021-PVX;docs/tuva/sodermanland/objektrapporter/021-PVX.json
021-XPA;Södermanland;Flen;6.79;Bete;2004-07-21;harpsund 3;https://etjanst.sjv.se/tuvaut/?f=&id=021-XPA;https://etjanst.sjv.se/hagenpub/rest/base/object/021-XPA;docs/tuva/sodermanland/objektrapporter/021-XPA.json
023-CRX;Södermanland;Eskilstuna;1.42;Bete;2003-08-25;Rotarbo3;https://etjanst.sjv.se/tuvaut/?f=&id=023-CRX;https://etjanst.sjv.se/hagenpub/rest/base/object/023-CRX;docs/tuva/sodermanland/objektrapporter/023-CRX.json
024-LCK;Södermanland;Flen;5.5;Bete;2004-07-13;Sparreholm 5;https://etjanst.sjv.se/tuvaut/?f=&id=024-LCK;https://etjanst.sjv.se/hagenpub/rest/base/object/024-LCK;docs/tuva/sodermanland/objektrapporter/024-LCK.json
025-800;Södermanland;Nyköping;6.34;Restaurerbar;2002-06-04;Myra;https://etjanst.sjv.se/tuvaut/?f=&id=025-800;https://etjanst.sjv.se/hagenpub/rest/base/object/025-800;docs/tuva/sodermanland/objektrapporter/025-800.json
025-KWE;Södermanland;Flen;3.51;Bete;2003-10-01;;https://etjanst.sjv.se/tuvaut/?f=&id=025-KWE;https://etjanst.sjv.se/hagenpub/rest/base/object/025-KWE;docs/tuva/sodermanland/objektrapporter/025-KWE.json
029-CEX;Södermanland;Vingåker;6.8;Bete;2003-08-07;;https://etjanst.sjv.se/tuvaut/?f=&id=029-CEX;https://etjanst.sjv.se/hagenpub/rest/base/object/029-CEX;docs/tuva/sodermanland/objektrapporter/029-CEX.json
029-TNG;Södermanland;Strängnäs;2.25;Bete;2002-08-19;Kvicksta5;https://etjanst.sjv.se/tuvaut/?f=&id=029-TNG;https://etjanst.sjv.se/hagenpub/rest/base/object/029-TNG;docs/tuva/sodermanland/objektrapporter/029-TNG.json
02B-YCW;Södermanland;Nyköping;3.69;Bete;2002-08-30;Berg, Björksund;https://etjanst.sjv.se/tuvaut/?f=&id=02B-YCW;https://etjanst.sjv.se/hagenpub/rest/base/object/02B-YCW;docs/tuva/sodermanland/objektrapporter/02B-YCW.json
02D-FKC;Södermanland;Vingåker;0.83;Bete;2003-09-07;;https://etjanst.sjv.se/tuvaut/?f=&id=02D-FKC;https://etjanst.sjv.se/hagenpub/rest/base/object/02D-FKC;docs/tuva/sodermanland/objektrapporter/02D-FKC.json
02F-BUO;Södermanland;Nyköping;3.72;Bete;2004-08-09;Sävö 6;https://etjanst.sjv.se/tuvaut/?f=&id=02F-BUO;https://etjanst.sjv.se/hagenpub/rest/base/object/02F-BUO;docs/tuva/sodermanland/objektrapporter/02F-BUO.json
034-YHG;Södermanland;Eskilstuna;2.28;Bete;2003-08-21;Åstorp2;https://etjanst.sjv.se/tuvaut/?f=&id=034-YHG;https://etjanst.sjv.se/hagenpub/rest/base/object/034-YHG;docs/tuva/sodermanland/objektrapporter/034-YHG.json
036-280;Södermanland;Nyköping;1.24;Bete;2002-07-03;Kungstorp;https://etjanst.sjv.se/tuvaut/?f=&id=036-280;https://etjanst.sjv.se/hagenpub/rest/base/object/036-280;docs/tuva/sodermanland/objektrapporter/036-280.json
036-RQN;Södermanland;Nyköping;4.88;Bete;2003-07-25;Eneby 1;https://etjanst.sjv.se/tuvaut/?f=&id=036-RQN;https://etjanst.sjv.se/hagenpub/rest/base/object/036-RQN;docs/tuva/sodermanland/objektrapporter/036-RQN.json
036-XWT;Södermanland;Flen;4.83;Bete;2004-06-22;Spånga 3;https://etjanst.sjv.se/tuvaut/?f=&id=036-XWT;https://etjanst.sjv.se/hagenpub/rest/base/object/036-XWT;docs/tuva/sodermanland/objektrapporter/036-XWT.json
037-SDK;Södermanland;Katrineholm;4.06;Ej aktuell;2003-05-20;Lundsjö 1;https://etjanst.sjv.se/tuvaut/?f=&id=037-SDK;https://etjanst.sjv.se/hagenpub/rest/base/object/037-SDK;docs/tuva/sodermanland/objektrapporter/037-SDK.json
03B-ZSS;Södermanland;Vingåker;6.67;Bete;2003-09-07;;https://etjanst.sjv.se/tuvaut/?f=&id=03B-ZSS;https://etjanst.sjv.se/hagenpub/rest/base/object/03B-ZSS;docs/tuva/sodermanland/objektrapporter/03B-ZSS.json
03D-AFD;Södermanland;Katrineholm;2.36;Äng;2004-05-11;östra vegred 1;https://etjanst.sjv.se/tuvaut/?f=&id=03D-AFD;https://etjanst.sjv.se/hagenpub/rest/base/object/03D-AFD;docs/tuva/sodermanland/objektrapporter/03D-AFD.json
03E-NEM;Södermanland;Katrineholm;4.13;Bete;2003-07-09;Nackhäll;https://etjanst.sjv.se/tuvaut/?f=&id=03E-NEM;https://etjanst.sjv.se/hagenpub/rest/base/object/03E-NEM;docs/tuva/sodermanland/objektrapporter/03E-NEM.json
03F-XEK;Södermanland;Nyköping;1.88;Ej aktuell;2003-05-21;Skillra 1;https://etjanst.sjv.se/tuvaut/?f=&id=03F-XEK;https://etjanst.sjv.se/hagenpub/rest/base/object/03F-XEK;docs/tuva/sodermanland/objektrapporter/03F-XEK.json
040-ZSG;Södermanland;Nyköping;2.97;Restaurerbar;2004-09-28;Hartsö 10;https://etjanst.sjv.se/tuvaut/?f=&id=040-ZSG;https://etjanst.sjv.se/hagenpub/rest/base/object/040-ZSG;docs/tuva/sodermanland/objektrapporter/040-ZSG.json
041-000;Södermanland;Nyköping;2.19;Restaurerbar;2002-07-03;;https://etjanst.sjv.se/tuvaut/?f=&id=041-000;https://etjanst.sjv.se/hagenpub/rest/base/object/041-000;docs/tuva/sodermanland/objektrapporter/041-000.json
041-QRB;Södermanland;Vingåker;2.72;Bete;2003-09-03;;https://etjanst.sjv.se/tuvaut/?f=&id=041-QRB;https://etjanst.sjv.se/hagenpub/rest/base/object/041-QRB;docs/tuva/sodermanland/objektrapporter/041-QRB.json
042-DAD;Södermanland;Katrineholm;1.34;Bete;2004-06-02;knutsta 2;https://etjanst.sjv.se/tuvaut/?f=&id=042-DAD;https://etjanst.sjv.se/hagenpub/rest/base/object/042-DAD;docs/tuva/sodermanland/objektrapporter/042-DAD.json
045-FBW;Södermanland;Katrineholm;1.58;Bete;2002-08-06;Ramningstorp 2;https://etjanst.sjv.se/tuvaut/?f=&id=045-FBW;https://etjanst.sjv.se/hagenpub/rest/base/object/045-FBW;docs/tuva/sodermanland/objektrapporter/045-FBW.json
045-FMR;Södermanland;Trosa;4.6;Bete;2004-05-24;Sandbrink 1, Norrgården;https://etjanst.sjv.se/tuvaut/?f=&id=045-FMR;https://etjanst.sjv.se/hagenpub/rest/base/object/045-FMR;docs/tuva/sodermanland/objektrapporter/045-FMR.json
045-IGA;Södermanland;Katrineholm;2.77;Bete;2002-08-13;;https://etjanst.sjv.se/tuvaut/?f=&id=045-IGA;https://etjanst.sjv.se/hagenpub/rest/base/object/045-IGA;docs/tuva/sodermanland/objektrapporter/045-IGA.json
046-980;Södermanland;Gnesta;3.91;Restaurerbar;2002-05-13;Solberga;https://etjanst.sjv.se/tuvaut/?f=&id=046-980;https://etjanst.sjv.se/hagenpub/rest/base/object/046-980;docs/tuva/sodermanland/objektrapporter/046-980.json
046-RPJ;Södermanland;Flen;4.7;Bete;2003-09-25;;https://etjanst.sjv.se/tuvaut/?f=&id=046-RPJ;https://etjanst.sjv.se/hagenpub/rest/base/object/046-RPJ;docs/tuva/sodermanland/objektrapporter/046-RPJ.json
046-UCM;Södermanland;Katrineholm;1.39;Bete;2004-08-03;udden;https://etjanst.sjv.se/tuvaut/?f=&id=046-UCM;https://etjanst.sjv.se/hagenpub/rest/base/object/046-UCM;docs/tuva/sodermanland/objektrapporter/046-UCM.json
04A-MRT;Södermanland;Trosa;2.33;Bete;2004-05-11;Kungsbol 1;https://etjanst.sjv.se/tuvaut/?f=&id=04A-MRT;https://etjanst.sjv.se/hagenpub/rest/base/object/04A-MRT;docs/tuva/sodermanland/objektrapporter/04A-MRT.json
04B-C80;Södermanland;Strängnäs;44.63;Bete;2002-06-17;Gesta1;https://etjanst.sjv.se/tuvaut/?f=&id=04B-C80;https://etjanst.sjv.se/hagenpub/rest/base/object/04B-C80;docs/tuva/sodermanland/objektrapporter/04B-C80.json
04B-MWG;Södermanland;Trosa;25.91;Restaurerbar;2002-07-17;Askö;https://etjanst.sjv.se/tuvaut/?f=&id=04B-MWG;https://etjanst.sjv.se/hagenpub/rest/base/object/04B-MWG;docs/tuva/sodermanland/objektrapporter/04B-MWG.json
04C-RLE;Södermanland;Vingåker;0.43;Bete;2003-09-15;;https://etjanst.sjv.se/tuvaut/?f=&id=04C-RLE;https://etjanst.sjv.se/hagenpub/rest/base/object/04C-RLE;docs/tuva/sodermanland/objektrapporter/04C-RLE.json
04D-OJZ;Södermanland;Nyköping;19.72;Bete;2002-07-09;Nässelkärr;https://etjanst.sjv.se/tuvaut/?f=&id=04D-OJZ;https://etjanst.sjv.se/hagenpub/rest/base/object/04D-OJZ;docs/tuva/sodermanland/objektrapporter/04D-OJZ.json
04F-UON;Södermanland;Nyköping;6.37;Restaurerbar;2002-07-15;Jönåkers golfbana;https://etjanst.sjv.se/tuvaut/?f=&id=04F-UON;https://etjanst.sjv.se/hagenpub/rest/base/object/04F-UON;docs/tuva/sodermanland/objektrapporter/04F-UON.json
051-280;Södermanland;Gnesta;5.42;Bete;2002-06-27;Marö;https://etjanst.sjv.se/tuvaut/?f=&id=051-280;https://etjanst.sjv.se/hagenpub/rest/base/object/051-280;docs/tuva/sodermanland/objektrapporter/051-280.json
053-ZSS;Södermanland;Nyköping;4.54;Bete;2002-07-13;Backgården;https://etjanst.sjv.se/tuvaut/?f=&id=053-ZSS;https://etjanst.sjv.se/hagenpub/rest/base/object/053-ZSS;docs/tuva/sodermanland/objektrapporter/053-ZSS.json
055-AKH;Södermanland;Flen;0.49;Bete;2004-05-26;fågelsund 1;https://etjanst.sjv.se/tuvaut/?f=&id=055-AKH;https://etjanst.sjv.se/hagenpub/rest/base/object/055-AKH;docs/tuva/sodermanland/objektrapporter/055-AKH.json
056-PWH;Södermanland;Strängnäs;3.72;Bete;2003-06-11;Tobo2;https://etjanst.sjv.se/tuvaut/?f=&id=056-PWH;https://etjanst.sjv.se/hagenpub/rest/base/object/056-PWH;docs/tuva/sodermanland/objektrapporter/056-PWH.json
059-ANT;Södermanland;Gnesta;1.3;Bete;2004-06-17;Lilla Brandsbol 3;https://etjanst.sjv.se/tuvaut/?f=&id=059-ANT;https://etjanst.sjv.se/hagenpub/rest/base/object/059-ANT;docs/tuva/sodermanland/objektrapporter/059-ANT.json
059-UKP;Södermanland;Gnesta;0.99;Bete;2003-08-12;Krampan 2;https://etjanst.sjv.se/tuvaut/?f=&id=059-UKP;https://etjanst.sjv.se/hagenpub/rest/base/object/059-UKP;docs/tuva/sodermanland/objektrapporter/059-UKP.json
05A-PMBD;Södermanland;Nyköping;28.57;Bete;2002-08-30;Berg, Björksund;https://etjanst.sjv.se/tuvaut/?f=&id=05A-PMBD;https://etjanst.sjv.se/hagenpub/rest/base/object/05A-PMBD;docs/tuva/sodermanland/objektrapporter/05A-PMBD.json
05B-GFQ;Södermanland;Katrineholm;1.25;Bete;2003-07-01;Hälltäppan 2;https://etjanst.sjv.se/tuvaut/?f=&id=05B-GFQ;https://etjanst.sjv.se/hagenpub/rest/base/object/05B-GFQ;docs/tuva/sodermanland/objektrapporter/05B-GFQ.json
05C-D80;Södermanland;Katrineholm;2.79;Bete;2002-07-01;Älgsjötorp 2;https://etjanst.sjv.se/tuvaut/?f=&id=05C-D80;https://etjanst.sjv.se/hagenpub/rest/base/object/05C-D80;docs/tuva/sodermanland/objektrapporter/05C-D80.json
060-IGM;Södermanland;Trosa;1.85;Restaurerbar;2002-07-17;Askö;https://etjanst.sjv.se/tuvaut/?f=&id=060-IGM;https://etjanst.sjv.se/hagenpub/rest/base/object/060-IGM;docs/tuva/sodermanland/objektrapporter/060-IGM.json
060-ZUP;Södermanland;Gnesta;3.2;Bete;2003-09-24;Eknäs 5;https://etjanst.sjv.se/tuvaut/?f=&id=060-ZUP;https://etjanst.sjv.se/hagenpub/rest/base/object/060-ZUP;docs/tuva/sodermanland/objektrapporter/060-ZUP.json
065-GPO;Södermanland;Gnesta;2.1;Bete;2003-09-10;Ullsta 1;https://etjanst.sjv.se/tuvaut/?f=&id=065-GPO;https://etjanst.sjv.se/hagenpub/rest/base/object/065-GPO;docs/tuva/sodermanland/objektrapporter/065-GPO.json
069-BYT;Södermanland;Eskilstuna;0.62;Bete;2003-08-13;Svenstorp;https://etjanst.sjv.se/tuvaut/?f=&id=069-BYT;https://etjanst.sjv.se/hagenpub/rest/base/object/069-BYT;docs/tuva/sodermanland/objektrapporter/069-BYT.json
069-YAN;Södermanland;Flen;0.67;Bete;2004-08-24;bronäs 2;https://etjanst.sjv.se/tuvaut/?f=&id=069-YAN;https://etjanst.sjv.se/hagenpub/rest/base/object/069-YAN;docs/tuva/sodermanland/objektrapporter/069-YAN.json
06A-HYT;Södermanland;Flen;2.04;Bete;2003-07-24;Lilla Tveta 2;https://etjanst.sjv.se/tuvaut/?f=&id=06A-HYT;https://etjanst.sjv.se/hagenpub/rest/base/object/06A-HYT;docs/tuva/sodermanland/objektrapporter/06A-HYT.json
06A-OQS;Södermanland;Gnesta;8.57;Bete;2004-06-14;Kvegerö 2 ;https://etjanst.sjv.se/tuvaut/?f=&id=06A-OQS;https://etjanst.sjv.se/hagenpub/rest/base/object/06A-OQS;docs/tuva/sodermanland/objektrapporter/06A-OQS.json
06A-XWT;Södermanland;Flen;2.51;Bete;2003-08-29;Lundby 2;https://etjanst.sjv.se/tuvaut/?f=&id=06A-XWT;https://etjanst.sjv.se/hagenpub/rest/base/object/06A-XWT;docs/tuva/sodermanland/objektrapporter/06A-XWT.json
06D-MLI;Södermanland;Gnesta;1.99;Bete;2003-08-25;Jakobsberg;https://etjanst.sjv.se/tuvaut/?f=&id=06D-MLI;https://etjanst.sjv.se/hagenpub/rest/base/object/06D-MLI;docs/tuva/sodermanland/objektrapporter/06D-MLI.json
071-TRC;Södermanland;Katrineholm;4.19;Äng;2004-05-11;dagöholm 4;https://etjanst.sjv.se/tuvaut/?f=&id=071-TRC;https://etjanst.sjv.se/hagenpub/rest/base/object/071-TRC;docs/tuva/sodermanland/objektrapporter/071-TRC.json
072-BUK;Södermanland;Strängnäs;15.28;Bete;2002-08-14;Ulriksberg1;https://etjanst.sjv.se/tuvaut/?f=&id=072-BUK;https://etjanst.sjv.se/hagenpub/rest/base/object/072-BUK;docs/tuva/sodermanland/objektrapporter/072-BUK.json
072-YHI;Södermanland;Trosa;4.4;Bete;2004-05-27;Hillesta 1;https://etjanst.sjv.se/tuvaut/?f=&id=072-YHI;https://etjanst.sjv.se/hagenpub/rest/base/object/072-YHI;docs/tuva/sodermanland/objektrapporter/072-YHI.json
075-GTH;Södermanland;Strängnäs;6.33;Bete;2003-07-09;Björsund;https://etjanst.sjv.se/tuvaut/?f=&id=075-GTH;https://etjanst.sjv.se/hagenpub/rest/base/object/075-GTH;docs/tuva/sodermanland/objektrapporter/075-GTH.json
075-KFV;Södermanland;Gnesta;2.75;Bete;2004-09-17;södertuna extra 1;https://etjanst.sjv.se/tuvaut/?f=&id=075-KFV;https://etjanst.sjv.se/hagenpub/rest/base/object/075-KFV;docs/tuva/sodermanland/objektrapporter/075-KFV.json
076-LNO;Södermanland;Katrineholm;2.3;Bete;2003-05-21;Ökna 1;https://etjanst.sjv.se/tuvaut/?f=&id=076-LNO;https://etjanst.sjv.se/hagenpub/rest/base/object/076-LNO;docs/tuva/sodermanland/objektrapporter/076-LNO.json
077-LJP;Södermanland;Flen;5.52;Bete;2004-09-17;ällmora 2;https://etjanst.sjv.se/tuvaut/?f=&id=077-LJP;https://etjanst.sjv.se/hagenpub/rest/base/object/077-LJP;docs/tuva/sodermanland/objektrapporter/077-LJP.json
077-SQK;Södermanland;Flen;2.12;Bete;2003-08-15;Mora gård 3;https://etjanst.sjv.se/tuvaut/?f=&id=077-SQK;https://etjanst.sjv.se/hagenpub/rest/base/object/077-SQK;docs/tuva/sodermanland/objektrapporter/077-SQK.json
078-NKN;Södermanland;Nyköping;3.07;Restaurerbar;2003-05-20;Fjäll/Siggenäs;https://etjanst.sjv.se/tuvaut/?f=&id=078-NKN;https://etjanst.sjv.se/hagenpub/rest/base/object/078-NKN;docs/tuva/sodermanland/objektrapporter/078-NKN.json
079-900;Södermanland;Eskilstuna;7.18;Bete;2002-05-17;Hedtorp2;https://etjanst.sjv.se/tuvaut/?f=&id=079-900;https://etjanst.sjv.se/hagenpub/rest/base/object/079-900;docs/tuva/sodermanland/objektrapporter/079-900.json
079-OAR;Södermanland;Eskilstuna;2.29;Bete;2003-09-02;Magda5;https://etjanst.sjv.se/tuvaut/?f=&id=079-OAR;https://etjanst.sjv.se/hagenpub/rest/base/object/079-OAR;docs/tuva/sodermanland/objektrapporter/079-OAR.json
07A-YSI;Södermanland;Flen;0.56;Bete;2004-08-04;Brolöten 1;https://etjanst.sjv.se/tuvaut/?f=&id=07A-YSI;https://etjanst.sjv.se/hagenpub/rest/base/object/07A-YSI;docs/tuva/sodermanland/objektrapporter/07A-YSI.json
07D-RWI;Södermanland;Nyköping;2.76;Bete;2019-05-16;Horn 6;https://etjanst.sjv.se/tuvaut/?f=&id=07D-RWI;https://etjanst.sjv.se/hagenpub/rest/base/object/07D-RWI;docs/tuva/sodermanland/objektrapporter/07D-RWI.json
081-MND;Södermanland;Nyköping;1.64;Äng;2002-07-20;Sjösa;https://etjanst.sjv.se/tuvaut/?f=&id=081-MND;https://etjanst.sjv.se/hagenpub/rest/base/object/081-MND;docs/tuva/sodermanland/objektrapporter/081-MND.json
082-D00;Södermanland;Nyköping;5.64;Restaurerbar;2002-07-04;Måstena;https://etjanst.sjv.se/tuvaut/?f=&id=082-D00;https://etjanst.sjv.se/hagenpub/rest/base/object/082-D00;docs/tuva/sodermanland/objektrapporter/082-D00.json
084-KMZ;Södermanland;Gnesta;0.72;Bete;2004-08-24;?;https://etjanst.sjv.se/tuvaut/?f=&id=084-KMZ;https://etjanst.sjv.se/hagenpub/rest/base/object/084-KMZ;docs/tuva/sodermanland/objektrapporter/084-KMZ.json
085-NKT;Södermanland;Eskilstuna;0.33;Bete;2003-08-11;Skogstorp-Stora Sundby3;https://etjanst.sjv.se/tuvaut/?f=&id=085-NKT;https://etjanst.sjv.se/hagenpub/rest/base/object/085-NKT;docs/tuva/sodermanland/objektrapporter/085-NKT.json
087-OEN;Södermanland;Flen;6.99;Bete;2004-07-26;Gäversnäs 2;https://etjanst.sjv.se/tuvaut/?f=&id=087-OEN;https://etjanst.sjv.se/hagenpub/rest/base/object/087-OEN;docs/tuva/sodermanland/objektrapporter/087-OEN.json
087-UYT;Södermanland;Katrineholm;0.9;Bete;2004-07-19;näsby 1;https://etjanst.sjv.se/tuvaut/?f=&id=087-UYT;https://etjanst.sjv.se/hagenpub/rest/base/object/087-UYT;docs/tuva/sodermanland/objektrapporter/087-UYT.json
089-YAH;Södermanland;Eskilstuna;0.74;Bete;2003-08-26;Näsna2;https://etjanst.sjv.se/tuvaut/?f=&id=089-YAH;https://etjanst.sjv.se/hagenpub/rest/base/object/089-YAH;docs/tuva/sodermanland/objektrapporter/089-YAH.json
08A-980;Södermanland;Katrineholm;4.54;Bete;2002-07-04;Kolberga 3;https://etjanst.sjv.se/tuvaut/?f=&id=08A-980;https://etjanst.sjv.se/hagenpub/rest/base/object/08A-980;docs/tuva/sodermanland/objektrapporter/08A-980.json
08C-E00;Södermanland;Katrineholm;3.02;Bete;2002-05-28;Västra kulltorp;https://etjanst.sjv.se/tuvaut/?f=&id=08C-E00;https://etjanst.sjv.se/hagenpub/rest/base/object/08C-E00;docs/tuva/sodermanland/objektrapporter/08C-E00.json
08E-HGO;Södermanland;Gnesta;1.72;Bete;2004-06-28;Rösund 1;https://etjanst.sjv.se/tuvaut/?f=&id=08E-HGO;https://etjanst.sjv.se/hagenpub/rest/base/object/08E-HGO;docs/tuva/sodermanland/objektrapporter/08E-HGO.json
090-KKM;Södermanland;Gnesta;3.54;Bete;2003-08-12;Krampan 3;https://etjanst.sjv.se/tuvaut/?f=&id=090-KKM;https://etjanst.sjv.se/hagenpub/rest/base/object/090-KKM;docs/tuva/sodermanland/objektrapporter/090-KKM.json
093-LVS;Södermanland;Flen;1.96;Bete;2004-07-28;Hornsund 1;https://etjanst.sjv.se/tuvaut/?f=&id=093-LVS;https://etjanst.sjv.se/hagenpub/rest/base/object/093-LVS;docs/tuva/sodermanland/objektrapporter/093-LVS.json
093-TJS;Södermanland;Gnesta;0.28;Ej aktuell;2003-09-24;Bresätter 1;https://etjanst.sjv.se/tuvaut/?f=&id=093-TJS;https://etjanst.sjv.se/hagenpub/rest/base/object/093-TJS;docs/tuva/sodermanland/objektrapporter/093-TJS.json
094-EPV;Södermanland;Nyköping;4.4;Bete;2004-05-12;valva 3;https://etjanst.sjv.se/tuvaut/?f=&id=094-EPV;https://etjanst.sjv.se/hagenpub/rest/base/object/094-EPV;docs/tuva/sodermanland/objektrapporter/094-EPV.json
095-UTQ;Södermanland;Eskilstuna;3.47;Bete;2003-07-29;Tandla6;https://etjanst.sjv.se/tuvaut/?f=&id=095-UTQ;https://etjanst.sjv.se/hagenpub/rest/base/object/095-UTQ;docs/tuva/sodermanland/objektrapporter/095-UTQ.json
096-HCY;Södermanland;Eskilstuna;4.46;Bete;2002-09-05;Prostökna2;https://etjanst.sjv.se/tuvaut/?f=&id=096-HCY;https://etjanst.sjv.se/hagenpub/rest/base/object/096-HCY;docs/tuva/sodermanland/objektrapporter/096-HCY.json
098-UWJ;Södermanland;Katrineholm;9.24;Bete;2003-07-09;Fiskeboda 1;https://etjanst.sjv.se/tuvaut/?f=&id=098-UWJ;https://etjanst.sjv.se/hagenpub/rest/base/object/098-UWJ;docs/tuva/sodermanland/objektrapporter/098-UWJ.json
09A-MXP;Södermanland;Eskilstuna;10.14;Bete;2003-07-10;Fiholm1;https://etjanst.sjv.se/tuvaut/?f=&id=09A-MXP;https://etjanst.sjv.se/hagenpub/rest/base/object/09A-MXP;docs/tuva/sodermanland/objektrapporter/09A-MXP.json
09B-AMU;Södermanland;Eskilstuna;1.9;Bete;2003-06-30;Berga-Lista5;https://etjanst.sjv.se/tuvaut/?f=&id=09B-AMU;https://etjanst.sjv.se/hagenpub/rest/base/object/09B-AMU;docs/tuva/sodermanland/objektrapporter/09B-AMU.json
09C-IUC;Södermanland;Flen;2.15;Bete;2003-09-22;;https://etjanst.sjv.se/tuvaut/?f=&id=09C-IUC;https://etjanst.sjv.se/hagenpub/rest/base/object/09C-IUC;docs/tuva/sodermanland/objektrapporter/09C-IUC.json
09D-YLX;Södermanland;Eskilstuna;1.06;Bete;2004-09-01;Knutsta 5;https://etjanst.sjv.se/tuvaut/?f=&id=09D-YLX;https://etjanst.sjv.se/hagenpub/rest/base/object/09D-YLX;docs/tuva/sodermanland/objektrapporter/09D-YLX.json
09E-KJF;Södermanland;Nyköping;1.07;Bete;2004-08-10;Långö 10;https://etjanst.sjv.se/tuvaut/?f=&id=09E-KJF;https://etjanst.sjv.se/hagenpub/rest/base/object/09E-KJF;docs/tuva/sodermanland/objektrapporter/09E-KJF.json
09E-OUV;Södermanland;Nyköping;1.12;Bete;2004-06-09;Juresta 3;https://etjanst.sjv.se/tuvaut/?f=&id=09E-OUV;https://etjanst.sjv.se/hagenpub/rest/base/object/09E-OUV;docs/tuva/sodermanland/objektrapporter/09E-OUV.json
09E-RCO;Södermanland;Katrineholm;0.8;Bete;2003-07-15;;https://etjanst.sjv.se/tuvaut/?f=&id=09E-RCO;https://etjanst.sjv.se/hagenpub/rest/base/object/09E-RCO;docs/tuva/sodermanland/objektrapporter/09E-RCO.json
0A0-JOA;Södermanland;Nyköping;1.09;Bete;2004-09-22;Ringsö 5;https://etjanst.sjv.se/tuvaut/?f=&id=0A0-JOA;https://etjanst.sjv.se/hagenpub/rest/base/object/0A0-JOA;docs/tuva/sodermanland/objektrapporter/0A0-JOA.json
0A1-LKH;Södermanland;Trosa;1.35;Bete;2004-05-10;Järshagen 1;https://etjanst.sjv.se/tuvaut/?f=&id=0A1-LKH;https://etjanst.sjv.se/hagenpub/rest/base/object/0A1-LKH;docs/tuva/sodermanland/objektrapporter/0A1-LKH.json
0A2-QBI;Södermanland;Flen;6.88;Bete;2023-09-08;Stenhammar;https://etjanst.sjv.se/tuvaut/?f=&id=0A2-QBI;https://etjanst.sjv.se/hagenpub/rest/base/object/0A2-QBI;docs/tuva/sodermanland/objektrapporter/0A2-QBI.json
0A3-180;Södermanland;Nyköping;2.04;Bete;2023-10-05;Måstena;https://etjanst.sjv.se/tuvaut/?f=&id=0A3-180;https://etjanst.sjv.se/hagenpub/rest/base/object/0A3-180;docs/tuva/sodermanland/objektrapporter/0A3-180.json
0A3-TDA;Södermanland;Flen;2.7;Bete;2004-05-18;viby 1;https://etjanst.sjv.se/tuvaut/?f=&id=0A3-TDA;https://etjanst.sjv.se/hagenpub/rest/base/object/0A3-TDA;docs/tuva/sodermanland/objektrapporter/0A3-TDA.json
0A5-XTX;Södermanland;Katrineholm;12.17;Bete;2004-06-29;hålbonäs;https://etjanst.sjv.se/tuvaut/?f=&id=0A5-XTX;https://etjanst.sjv.se/hagenpub/rest/base/object/0A5-XTX;docs/tuva/sodermanland/objektrapporter/0A5-XTX.json
0A6-F00;Södermanland;Flen;1.24;Bete;2002-05-07;Sörtorp;https://etjanst.sjv.se/tuvaut/?f=&id=0A6-F00;https://etjanst.sjv.se/hagenpub/rest/base/object/0A6-F00;docs/tuva/sodermanland/objektrapporter/0A6-F00.json
0A7-780;Södermanland;Strängnäs;8.45;Bete;2002-04-29;Löt;https://etjanst.sjv.se/tuvaut/?f=&id=0A7-780;https://etjanst.sjv.se/hagenpub/rest/base/object/0A7-780;docs/tuva/sodermanland/objektrapporter/0A7-780.json
0A7-ZUP;Södermanland;Katrineholm;0.76;Bete;2003-06-05;Gabrielstorp;https://etjanst.sjv.se/tuvaut/?f=&id=0A7-ZUP;https://etjanst.sjv.se/hagenpub/rest/base/object/0A7-ZUP;docs/tuva/sodermanland/objektrapporter/0A7-ZUP.json
0AB-SXJ;Södermanland;Katrineholm;1.72;Bete;2004-06-09;lagmansö, sund 2;https://etjanst.sjv.se/tuvaut/?f=&id=0AB-SXJ;https://etjanst.sjv.se/hagenpub/rest/base/object/0AB-SXJ;docs/tuva/sodermanland/objektrapporter/0AB-SXJ.json
0AB-TWD;Södermanland;Eskilstuna;0.5;Bete;2003-06-16;Stavtorp3;https://etjanst.sjv.se/tuvaut/?f=&id=0AB-TWD;https://etjanst.sjv.se/hagenpub/rest/base/object/0AB-TWD;docs/tuva/sodermanland/objektrapporter/0AB-TWD.json
0AF-IQY;Södermanland;Flen;0.36;Bete;2003-09-17;Kulla1;https://etjanst.sjv.se/tuvaut/?f=&id=0AF-IQY;https://etjanst.sjv.se/hagenpub/rest/base/object/0AF-IQY;docs/tuva/sodermanland/objektrapporter/0AF-IQY.json
0AF-WUO;Södermanland;Nyköping;2.4;Bete;2003-05-26;Ekeby;https://etjanst.sjv.se/tuvaut/?f=&id=0AF-WUO;https://etjanst.sjv.se/hagenpub/rest/base/object/0AF-WUO;docs/tuva/sodermanland/objektrapporter/0AF-WUO.json
0B3-EDG;Södermanland;Flen;4.28;Bete;2004-07-29;Skedevi 8, Vikäng;https://etjanst.sjv.se/tuvaut/?f=&id=0B3-EDG;https://etjanst.sjv.se/hagenpub/rest/base/object/0B3-EDG;docs/tuva/sodermanland/objektrapporter/0B3-EDG.json
0B4-ANZ;Södermanland;Katrineholm;3.64;Bete;2004-06-07;berg 5;https://etjanst.sjv.se/tuvaut/?f=&id=0B4-ANZ;https://etjanst.sjv.se/hagenpub/rest/base/object/0B4-ANZ;docs/tuva/sodermanland/objektrapporter/0B4-ANZ.json
0B8-BKH;Södermanland;Flen;4.4;Bete;2003-09-29;;https://etjanst.sjv.se/tuvaut/?f=&id=0B8-BKH;https://etjanst.sjv.se/hagenpub/rest/base/object/0B8-BKH;docs/tuva/sodermanland/objektrapporter/0B8-BKH.json
0BF-VIU;Södermanland;Katrineholm;0.51;Bete;2003-07-08;Överkil;https://etjanst.sjv.se/tuvaut/?f=&id=0BF-VIU;https://etjanst.sjv.se/hagenpub/rest/base/object/0BF-VIU;docs/tuva/sodermanland/objektrapporter/0BF-VIU.json
0C0-900;Södermanland;Nyköping;0.38;Äng;2002-06-29;Daltorp;https://etjanst.sjv.se/tuvaut/?f=&id=0C0-900;https://etjanst.sjv.se/hagenpub/rest/base/object/0C0-900;docs/tuva/sodermanland/objektrapporter/0C0-900.json
0C3-MRO;Södermanland;Nyköping;2.55;Bete;2003-06-03;Stensund;https://etjanst.sjv.se/tuvaut/?f=&id=0C3-MRO;https://etjanst.sjv.se/hagenpub/rest/base/object/0C3-MRO;docs/tuva/sodermanland/objektrapporter/0C3-MRO.json
0C4-PUA;Södermanland;Katrineholm;0.66;Bete;2004-09-10;svarttorp 1;https://etjanst.sjv.se/tuvaut/?f=&id=0C4-PUA;https://etjanst.sjv.se/hagenpub/rest/base/object/0C4-PUA;docs/tuva/sodermanland/objektrapporter/0C4-PUA.json
0C7-600;Södermanland;Katrineholm;0.63;Bete;2002-06-11;Vikstorp 1;https://etjanst.sjv.se/tuvaut/?f=&id=0C7-600;https://etjanst.sjv.se/hagenpub/rest/base/object/0C7-600;docs/tuva/sodermanland/objektrapporter/0C7-600.json
0C8-RSR;Södermanland;Eskilstuna;1.25;Bete;2003-08-25;Knutstorp1;https://etjanst.sjv.se/tuvaut/?f=&id=0C8-RSR;https://etjanst.sjv.se/hagenpub/rest/base/object/0C8-RSR;docs/tuva/sodermanland/objektrapporter/0C8-RSR.json
0C9-DTY;Södermanland;Vingåker;1.82;Bete;2003-08-14;Klockarbol 2;https://etjanst.sjv.se/tuvaut/?f=&id=0C9-DTY;https://etjanst.sjv.se/hagenpub/rest/base/object/0C9-DTY;docs/tuva/sodermanland/objektrapporter/0C9-DTY.json
0CD-IKX;Södermanland;Gnesta;1.09;Bete;2003-08-25;Rocklösa 3;https://etjanst.sjv.se/tuvaut/?f=&id=0CD-IKX;https://etjanst.sjv.se/hagenpub/rest/base/object/0CD-IKX;docs/tuva/sodermanland/objektrapporter/0CD-IKX.json
0CE-EXQ;Södermanland;Nyköping;1.64;Bete;2004-06-09;Viby;https://etjanst.sjv.se/tuvaut/?f=&id=0CE-EXQ;https://etjanst.sjv.se/hagenpub/rest/base/object/0CE-EXQ;docs/tuva/sodermanland/objektrapporter/0CE-EXQ.json
0CE-JSR;Södermanland;Katrineholm;6.5;Bete;2004-09-14;Årsta;https://etjanst.sjv.se/tuvaut/?f=&id=0CE-JSR;https://etjanst.sjv.se/hagenpub/rest/base/object/0CE-JSR;docs/tuva/sodermanland/objektrapporter/0CE-JSR.json
0CF-YOL;Södermanland;Nyköping;3.53;Bete;2002-07-14;Vallby;https://etjanst.sjv.se/tuvaut/?f=&id=0CF-YOL;https://etjanst.sjv.se/hagenpub/rest/base/object/0CF-YOL;docs/tuva/sodermanland/objektrapporter/0CF-YOL.json
0D0-LKM;Södermanland;Katrineholm;1.99;Bete;2004-06-29;hålbonäs, gnallen;https://etjanst.sjv.se/tuvaut/?f=&id=0D0-LKM;https://etjanst.sjv.se/hagenpub/rest/base/object/0D0-LKM;docs/tuva/sodermanland/objektrapporter/0D0-LKM.json
0D0-YGI;Södermanland;Eskilstuna;6.94;Bete;2003-08-08;Husby;https://etjanst.sjv.se/tuvaut/?f=&id=0D0-YGI;https://etjanst.sjv.se/hagenpub/rest/base/object/0D0-YGI;docs/tuva/sodermanland/objektrapporter/0D0-YGI.json
0D1-OON;Södermanland;Katrineholm;1.6;Bete;2004-08-31;södra granhed extra;https://etjanst.sjv.se/tuvaut/?f=&id=0D1-OON;https://etjanst.sjv.se/hagenpub/rest/base/object/0D1-OON;docs/tuva/sodermanland/objektrapporter/0D1-OON.json
0D2-300;Södermanland;Nyköping;4.57;Bete;2002-07-03;Stora Skara;https://etjanst.sjv.se/tuvaut/?f=&id=0D2-300;https://etjanst.sjv.se/hagenpub/rest/base/object/0D2-300;docs/tuva/sodermanland/objektrapporter/0D2-300.json
0D4-D80;Södermanland;Katrineholm;2.37;Bete;2002-06-26;Kvarntorp 3;https://etjanst.sjv.se/tuvaut/?f=&id=0D4-D80;https://etjanst.sjv.se/hagenpub/rest/base/object/0D4-D80;docs/tuva/sodermanland/objektrapporter/0D4-D80.json
0D4-NYL;Södermanland;Nyköping;0.56;Bete;2002-07-09;Visäter;https://etjanst.sjv.se/tuvaut/?f=&id=0D4-NYL;https://etjanst.sjv.se/hagenpub/rest/base/object/0D4-NYL;docs/tuva/sodermanland/objektrapporter/0D4-NYL.json
0D4-XXQ;Södermanland;Nyköping;2.11;Bete;2002-07-20;;https://etjanst.sjv.se/tuvaut/?f=&id=0D4-XXQ;https://etjanst.sjv.se/hagenpub/rest/base/object/0D4-XXQ;docs/tuva/sodermanland/objektrapporter/0D4-XXQ.json
0D5-MGG;Södermanland;Katrineholm;2.15;Bete;2004-09-10;stenbylund;https://etjanst.sjv.se/tuvaut/?f=&id=0D5-MGG;https://etjanst.sjv.se/hagenpub/rest/base/object/0D5-MGG;docs/tuva/sodermanland/objektrapporter/0D5-MGG.json
0D7-BWS;Södermanland;Strängnäs;33.66;Bete;2002-07-05;Bergshammar5;https://etjanst.sjv.se/tuvaut/?f=&id=0D7-BWS;https://etjanst.sjv.se/hagenpub/rest/base/object/0D7-BWS;docs/tuva/sodermanland/objektrapporter/0D7-BWS.json
0D7-WVY;Södermanland;Katrineholm;11.56;Bete;2004-07-29;årsta 3;https://etjanst.sjv.se/tuvaut/?f=&id=0D7-WVY;https://etjanst.sjv.se/hagenpub/rest/base/object/0D7-WVY;docs/tuva/sodermanland/objektrapporter/0D7-WVY.json
0D7-XUJ;Södermanland;Nyköping;3.4;Bete;2004-06-05;Västra Malma 3;https://etjanst.sjv.se/tuvaut/?f=&id=0D7-XUJ;https://etjanst.sjv.se/hagenpub/rest/base/object/0D7-XUJ;docs/tuva/sodermanland/objektrapporter/0D7-XUJ.json
0D8-OFO;Södermanland;Nyköping;5.77;Bete;2004-05-12;vallby 1;https://etjanst.sjv.se/tuvaut/?f=&id=0D8-OFO;https://etjanst.sjv.se/hagenpub/rest/base/object/0D8-OFO;docs/tuva/sodermanland/objektrapporter/0D8-OFO.json
0D9-980;Södermanland;Gnesta;1.17;Bete;2002-05-07;;https://etjanst.sjv.se/tuvaut/?f=&id=0D9-980;https://etjanst.sjv.se/hagenpub/rest/base/object/0D9-980;docs/tuva/sodermanland/objektrapporter/0D9-980.json
0DA-E00;Södermanland;Strängnäs;5.58;Bete;2002-05-27;Nällsta1;https://etjanst.sjv.se/tuvaut/?f=&id=0DA-E00;https://etjanst.sjv.se/hagenpub/rest/base/object/0DA-E00;docs/tuva/sodermanland/objektrapporter/0DA-E00.json
0DB-KJG;Södermanland;Eskilstuna;5.87;Bete;2002-08-20;Skyttinge-Lundby;https://etjanst.sjv.se/tuvaut/?f=&id=0DB-KJG;https://etjanst.sjv.se/hagenpub/rest/base/object/0DB-KJG;docs/tuva/sodermanland/objektrapporter/0DB-KJG.json
0DC-EWN;Södermanland;Trosa;8.63;Bete;2004-05-19;Skällberga 4;https://etjanst.sjv.se/tuvaut/?f=&id=0DC-EWN;https://etjanst.sjv.se/hagenpub/rest/base/object/0DC-EWN;docs/tuva/sodermanland/objektrapporter/0DC-EWN.json
0DF-NAF;Södermanland;Katrineholm;0.93;Ej aktuell;2004-08-31;dålbol 1;https://etjanst.sjv.se/tuvaut/?f=&id=0DF-NAF;https://etjanst.sjv.se/hagenpub/rest/base/object/0DF-NAF;docs/tuva/sodermanland/objektrapporter/0DF-NAF.json
0E0-DPS;Södermanland;Eskilstuna;1.73;Bete;2003-06-26;Lista1;https://etjanst.sjv.se/tuvaut/?f=&id=0E0-DPS;https://etjanst.sjv.se/hagenpub/rest/base/object/0E0-DPS;docs/tuva/sodermanland/objektrapporter/0E0-DPS.json
0E2-FIP;Södermanland;Flen;3.6;Bete;2003-09-16;Navesta;https://etjanst.sjv.se/tuvaut/?f=&id=0E2-FIP;https://etjanst.sjv.se/hagenpub/rest/base/object/0E2-FIP;docs/tuva/sodermanland/objektrapporter/0E2-FIP.json
0E2-POZ;Södermanland;Katrineholm;3.84;Bete;2004-06-23;eriksberg 2;https://etjanst.sjv.se/tuvaut/?f=&id=0E2-POZ;https://etjanst.sjv.se/hagenpub/rest/base/object/0E2-POZ;docs/tuva/sodermanland/objektrapporter/0E2-POZ.json
0E4-CER;Södermanland;Nyköping;3.93;Bete;2004-08-19;Minninge;https://etjanst.sjv.se/tuvaut/?f=&id=0E4-CER;https://etjanst.sjv.se/hagenpub/rest/base/object/0E4-CER;docs/tuva/sodermanland/objektrapporter/0E4-CER.json
0E5-OGN;Södermanland;Eskilstuna;1.26;Bete;2003-07-09;Hesselby;https://etjanst.sjv.se/tuvaut/?f=&id=0E5-OGN;https://etjanst.sjv.se/hagenpub/rest/base/object/0E5-OGN;docs/tuva/sodermanland/objektrapporter/0E5-OGN.json
0E6-OVO;Södermanland;Katrineholm;2.07;Bete;2004-06-04;berg 2;https://etjanst.sjv.se/tuvaut/?f=&id=0E6-OVO;https://etjanst.sjv.se/hagenpub/rest/base/object/0E6-OVO;docs/tuva/sodermanland/objektrapporter/0E6-OVO.json
0E8-F00;Södermanland;Nyköping;9.39;Bete;2002-06-25;;https://etjanst.sjv.se/tuvaut/?f=&id=0E8-F00;https://etjanst.sjv.se/hagenpub/rest/base/object/0E8-F00;docs/tuva/sodermanland/objektrapporter/0E8-F00.json
0EA-FPE;Södermanland;Nyköping;5.58;Bete;2003-06-11;Valla 4;https://etjanst.sjv.se/tuvaut/?f=&id=0EA-FPE;https://etjanst.sjv.se/hagenpub/rest/base/object/0EA-FPE;docs/tuva/sodermanland/objektrapporter/0EA-FPE.json
0EA-YUS;Södermanland;Nyköping;4.21;Bete;2002-07-18;Slättkärr;https://etjanst.sjv.se/tuvaut/?f=&id=0EA-YUS;https://etjanst.sjv.se/hagenpub/rest/base/object/0EA-YUS;docs/tuva/sodermanland/objektrapporter/0EA-YUS.json
0EB-BGS;Södermanland;Eskilstuna;1.87;Bete;2003-08-25;Åstorp5;https://etjanst.sjv.se/tuvaut/?f=&id=0EB-BGS;https://etjanst.sjv.se/hagenpub/rest/base/object/0EB-BGS;docs/tuva/sodermanland/objektrapporter/0EB-BGS.json
0EC-KHQ;Södermanland;Katrineholm;2.64;Bete;2004-06-15;lagmansö, brebol 1;https://etjanst.sjv.se/tuvaut/?f=&id=0EC-KHQ;https://etjanst.sjv.se/hagenpub/rest/base/object/0EC-KHQ;docs/tuva/sodermanland/objektrapporter/0EC-KHQ.json
0ED-GGF;Södermanland;Flen;0.39;Bete;2004-08-04;Brolöten 2;https://etjanst.sjv.se/tuvaut/?f=&id=0ED-GGF;https://etjanst.sjv.se/hagenpub/rest/base/object/0ED-GGF;docs/tuva/sodermanland/objektrapporter/0ED-GGF.json
0F0-BSA;Södermanland;Eskilstuna;0.5;Bete;2003-08-14;Österby2;https://etjanst.sjv.se/tuvaut/?f=&id=0F0-BSA;https://etjanst.sjv.se/hagenpub/rest/base/object/0F0-BSA;docs/tuva/sodermanland/objektrapporter/0F0-BSA.json
0F1-NUF;Södermanland;Flen;1.15;Bete;2003-09-10;Ulrikslund;https://etjanst.sjv.se/tuvaut/?f=&id=0F1-NUF;https://etjanst.sjv.se/hagenpub/rest/base/object/0F1-NUF;docs/tuva/sodermanland/objektrapporter/0F1-NUF.json
0F4-YXI;Södermanland;Trosa;5.48;Bete;2004-05-17;Erikslund;https://etjanst.sjv.se/tuvaut/?f=&id=0F4-YXI;https://etjanst.sjv.se/hagenpub/rest/base/object/0F4-YXI;docs/tuva/sodermanland/objektrapporter/0F4-YXI.json
0F6-D00;Södermanland;Katrineholm;4.79;Bete;2002-06-27;Sörgölet;https://etjanst.sjv.se/tuvaut/?f=&id=0F6-D00;https://etjanst.sjv.se/hagenpub/rest/base/object/0F6-D00;docs/tuva/sodermanland/objektrapporter/0F6-D00.json
0F9-DBV;Södermanland;Nyköping;15.02;Bete;2004-05-11;ekeby 2;https://etjanst.sjv.se/tuvaut/?f=&id=0F9-DBV;https://etjanst.sjv.se/hagenpub/rest/base/object/0F9-DBV;docs/tuva/sodermanland/objektrapporter/0F9-DBV.json
0F9-ZKQ;Södermanland;Strängnäs;4.24;Bete;2002-07-11;Mora;https://etjanst.sjv.se/tuvaut/?f=&id=0F9-ZKQ;https://etjanst.sjv.se/hagenpub/rest/base/object/0F9-ZKQ;docs/tuva/sodermanland/objektrapporter/0F9-ZKQ.json
0FC-KTG;Södermanland;Flen;2.22;Bete;2003-09-30;Storhult1;https://etjanst.sjv.se/tuvaut/?f=&id=0FC-KTG;https://etjanst.sjv.se/hagenpub/rest/base/object/0FC-KTG;docs/tuva/sodermanland/objektrapporter/0FC-KTG.json
0FD-SZY;Södermanland;Vingåker;0.38;Bete;2003-08-14;;https://etjanst.sjv.se/tuvaut/?f=&id=0FD-SZY;https://etjanst.sjv.se/hagenpub/rest/base/object/0FD-SZY;docs/tuva/sodermanland/objektrapporter/0FD-SZY.json
0FE-IDZ;Södermanland;Nyköping;2.78;Restaurerbar;2004-08-09;Sävö 4;https://etjanst.sjv.se/tuvaut/?f=&id=0FE-IDZ;https://etjanst.sjv.se/hagenpub/rest/base/object/0FE-IDZ;docs/tuva/sodermanland/objektrapporter/0FE-IDZ.json
0FF-UTV;Södermanland;Flen;9.01;Bete;2004-05-26;sofielund 1;https://etjanst.sjv.se/tuvaut/?f=&id=0FF-UTV;https://etjanst.sjv.se/hagenpub/rest/base/object/0FF-UTV;docs/tuva/sodermanland/objektrapporter/0FF-UTV.json
101-JZL;Södermanland;Gnesta;0.81;Bete;2004-06-02;Hållsta 1;https://etjanst.sjv.se/tuvaut/?f=&id=101-JZL;https://etjanst.sjv.se/hagenpub/rest/base/object/101-JZL;docs/tuva/sodermanland/objektrapporter/101-JZL.json
102-WNV;Södermanland;Flen;1.61;Bete;2003-09-26;;https://etjanst.sjv.se/tuvaut/?f=&id=102-WNV;https://etjanst.sjv.se/hagenpub/rest/base/object/102-WNV;docs/tuva/sodermanland/objektrapporter/102-WNV.json
103-RSC;Södermanland;Trosa;2.99;Bete;2026-08-12;Örboholm 1;https://etjanst.sjv.se/tuvaut/?f=&id=103-RSC;https://etjanst.sjv.se/hagenpub/rest/base/object/103-RSC;docs/tuva/sodermanland/objektrapporter/103-RSC.json
105-800;Södermanland;Katrineholm;4.47;Bete;2002-05-29;Simonsbol 1;https://etjanst.sjv.se/tuvaut/?f=&id=105-800;https://etjanst.sjv.se/hagenpub/rest/base/object/105-800;docs/tuva/sodermanland/objektrapporter/105-800.json
107-XOV;Södermanland;Nyköping;12.4;Bete;2004-06-04;?;https://etjanst.sjv.se/tuvaut/?f=&id=107-XOV;https://etjanst.sjv.se/hagenpub/rest/base/object/107-XOV;docs/tuva/sodermanland/objektrapporter/107-XOV.json
108-ICH;Södermanland;Nyköping;2.47;Bete;2002-07-19;Arnö;https://etjanst.sjv.se/tuvaut/?f=&id=108-ICH;https://etjanst.sjv.se/hagenpub/rest/base/object/108-ICH;docs/tuva/sodermanland/objektrapporter/108-ICH.json
109-IST;Södermanland;Flen;1.5;Bete;2003-07-30;Herrgölet 4;https://etjanst.sjv.se/tuvaut/?f=&id=109-IST;https://etjanst.sjv.se/hagenpub/rest/base/object/109-IST;docs/tuva/sodermanland/objektrapporter/109-IST.json
10D-QCF;Södermanland;Katrineholm;1.19;Bete;2003-07-08;;https://etjanst.sjv.se/tuvaut/?f=&id=10D-QCF;https://etjanst.sjv.se/hagenpub/rest/base/object/10D-QCF;docs/tuva/sodermanland/objektrapporter/10D-QCF.json
112-600;Södermanland;Strängnäs;2.44;Bete;2002-05-27;Nällsta3;https://etjanst.sjv.se/tuvaut/?f=&id=112-600;https://etjanst.sjv.se/hagenpub/rest/base/object/112-600;docs/tuva/sodermanland/objektrapporter/112-600.json
113-CTB;Södermanland;Gnesta;2.24;Bete;2004-06-02;Stensätter 3, Fridhem;https://etjanst.sjv.se/tuvaut/?f=&id=113-CTB;https://etjanst.sjv.se/hagenpub/rest/base/object/113-CTB;docs/tuva/sodermanland/objektrapporter/113-CTB.json
114-EKB;Södermanland;Gnesta;0.48;Restaurerbar;2003-08-25;Hässelby 2;https://etjanst.sjv.se/tuvaut/?f=&id=114-EKB;https://etjanst.sjv.se/hagenpub/rest/base/object/114-EKB;docs/tuva/sodermanland/objektrapporter/114-EKB.json
115-C80;Södermanland;Katrineholm;2.49;Bete;2002-07-02;Hinnäs 1;https://etjanst.sjv.se/tuvaut/?f=&id=115-C80;https://etjanst.sjv.se/hagenpub/rest/base/object/115-C80;docs/tuva/sodermanland/objektrapporter/115-C80.json
115-IUX;Södermanland;Nyköping;2.68;Bete;2003-09-10;Harsta 3;https://etjanst.sjv.se/tuvaut/?f=&id=115-IUX;https://etjanst.sjv.se/hagenpub/rest/base/object/115-IUX;docs/tuva/sodermanland/objektrapporter/115-IUX.json
115-ZSM;Södermanland;Eskilstuna;1.38;Bete;2002-08-27;Lund2;https://etjanst.sjv.se/tuvaut/?f=&id=115-ZSM;https://etjanst.sjv.se/hagenpub/rest/base/object/115-ZSM;docs/tuva/sodermanland/objektrapporter/115-ZSM.json
118-AWR;Södermanland;Katrineholm;0.81;Bete;2003-07-09;Gammeråd;https://etjanst.sjv.se/tuvaut/?f=&id=118-AWR;https://etjanst.sjv.se/hagenpub/rest/base/object/118-AWR;docs/tuva/sodermanland/objektrapporter/118-AWR.json
11C-YIW;Södermanland;Katrineholm;2.26;Bete;2003-07-12;Bjärsätterstorp 1;https://etjanst.sjv.se/tuvaut/?f=&id=11C-YIW;https://etjanst.sjv.se/hagenpub/rest/base/object/11C-YIW;docs/tuva/sodermanland/objektrapporter/11C-YIW.json
11D-YXU;Södermanland;Nyköping;21.56;Bete;2019-10-10;Krognäs;https://etjanst.sjv.se/tuvaut/?f=&id=11D-YXU;https://etjanst.sjv.se/hagenpub/rest/base/object/11D-YXU;docs/tuva/sodermanland/objektrapporter/11D-YXU.json
11E-XDS;Södermanland;Vingåker;2.72;Bete;2003-08-06;Sliparbol 1;https://etjanst.sjv.se/tuvaut/?f=&id=11E-XDS;https://etjanst.sjv.se/hagenpub/rest/base/object/11E-XDS;docs/tuva/sodermanland/objektrapporter/11E-XDS.json
124-EHF;Södermanland;Katrineholm;11.3;Bete;2003-07-22;Eriksberg-Melån;https://etjanst.sjv.se/tuvaut/?f=&id=124-EHF;https://etjanst.sjv.se/hagenpub/rest/base/object/124-EHF;docs/tuva/sodermanland/objektrapporter/124-EHF.json
124-NIE;Södermanland;Vingåker;2.33;Bete;2003-08-10;;https://etjanst.sjv.se/tuvaut/?f=&id=124-NIE;https://etjanst.sjv.se/hagenpub/rest/base/object/124-NIE;docs/tuva/sodermanland/objektrapporter/124-NIE.json
126-GLJ;Södermanland;Flen;1.12;Bete;2003-09-29;;https://etjanst.sjv.se/tuvaut/?f=&id=126-GLJ;https://etjanst.sjv.se/hagenpub/rest/base/object/126-GLJ;docs/tuva/sodermanland/objektrapporter/126-GLJ.json
127-A00;Södermanland;Strängnäs;4.18;Bete;2002-06-11;Berg2;https://etjanst.sjv.se/tuvaut/?f=&id=127-A00;https://etjanst.sjv.se/hagenpub/rest/base/object/127-A00;docs/tuva/sodermanland/objektrapporter/127-A00.json
129-CHZ;Södermanland;Katrineholm;5.19;Bete;2004-06-22;vik 5;https://etjanst.sjv.se/tuvaut/?f=&id=129-CHZ;https://etjanst.sjv.se/hagenpub/rest/base/object/129-CHZ;docs/tuva/sodermanland/objektrapporter/129-CHZ.json
12D-THS;Södermanland;Nyköping;0.95;Bete;2002-07-08;Bäcketorp;https://etjanst.sjv.se/tuvaut/?f=&id=12D-THS;https://etjanst.sjv.se/hagenpub/rest/base/object/12D-THS;docs/tuva/sodermanland/objektrapporter/12D-THS.json
12E-IHE;Södermanland;Katrineholm;0.75;Bete;2002-08-15;Vegersbergs kvarn;https://etjanst.sjv.se/tuvaut/?f=&id=12E-IHE;https://etjanst.sjv.se/hagenpub/rest/base/object/12E-IHE;docs/tuva/sodermanland/objektrapporter/12E-IHE.json
12F-800;Södermanland;Nyköping;3.79;Bete;2002-04-29;;https://etjanst.sjv.se/tuvaut/?f=&id=12F-800;https://etjanst.sjv.se/hagenpub/rest/base/object/12F-800;docs/tuva/sodermanland/objektrapporter/12F-800.json
132-BSB;Södermanland;Eskilstuna;3.16;Restaurerbar;2002-08-19;Stenby1;https://etjanst.sjv.se/tuvaut/?f=&id=132-BSB;https://etjanst.sjv.se/hagenpub/rest/base/object/132-BSB;docs/tuva/sodermanland/objektrapporter/132-BSB.json
134-A80;Södermanland;Nyköping;10.99;Bete;2002-05-10;;https://etjanst.sjv.se/tuvaut/?f=&id=134-A80;https://etjanst.sjv.se/hagenpub/rest/base/object/134-A80;docs/tuva/sodermanland/objektrapporter/134-A80.json
134-JWD;Södermanland;Gnesta;1.41;Bete;2003-09-04;Bagarshammar;https://etjanst.sjv.se/tuvaut/?f=&id=134-JWD;https://etjanst.sjv.se/hagenpub/rest/base/object/134-JWD;docs/tuva/sodermanland/objektrapporter/134-JWD.json
134-QGJ;Södermanland;Nyköping;2.66;Bete;2004-06-07;Västra Malma 4;https://etjanst.sjv.se/tuvaut/?f=&id=134-QGJ;https://etjanst.sjv.se/hagenpub/rest/base/object/134-QGJ;docs/tuva/sodermanland/objektrapporter/134-QGJ.json
138-C00;Södermanland;Gnesta;2.72;Restaurerbar;2002-04-29;;https://etjanst.sjv.se/tuvaut/?f=&id=138-C00;https://etjanst.sjv.se/hagenpub/rest/base/object/138-C00;docs/tuva/sodermanland/objektrapporter/138-C00.json
138-MKE;Södermanland;Gnesta;1.84;Restaurerbar;2003-09-24;Eknäs 4;https://etjanst.sjv.se/tuvaut/?f=&id=138-MKE;https://etjanst.sjv.se/hagenpub/rest/base/object/138-MKE;docs/tuva/sodermanland/objektrapporter/138-MKE.json
139-BYQ;Södermanland;Flen;4.15;Bete;2004-07-08;Humledal 1;https://etjanst.sjv.se/tuvaut/?f=&id=139-BYQ;https://etjanst.sjv.se/hagenpub/rest/base/object/139-BYQ;docs/tuva/sodermanland/objektrapporter/139-BYQ.json
139-LLY;Södermanland;Flen;1.7;Bete;2004-08-09;;https://etjanst.sjv.se/tuvaut/?f=&id=139-LLY;https://etjanst.sjv.se/hagenpub/rest/base/object/139-LLY;docs/tuva/sodermanland/objektrapporter/139-LLY.json
139-YIY;Södermanland;Strängnäs;2.22;Restaurerbar;2004-08-27;Tobo 2;https://etjanst.sjv.se/tuvaut/?f=&id=139-YIY;https://etjanst.sjv.se/hagenpub/rest/base/object/139-YIY;docs/tuva/sodermanland/objektrapporter/139-YIY.json
13B-DCZ;Södermanland;Nyköping;1.97;Bete;2004-06-09;Juresta 1;https://etjanst.sjv.se/tuvaut/?f=&id=13B-DCZ;https://etjanst.sjv.se/hagenpub/rest/base/object/13B-DCZ;docs/tuva/sodermanland/objektrapporter/13B-DCZ.json
13C-CMJ;Södermanland;Eskilstuna;3.82;Bete;2002-08-21;Broby2;https://etjanst.sjv.se/tuvaut/?f=&id=13C-CMJ;https://etjanst.sjv.se/hagenpub/rest/base/object/13C-CMJ;docs/tuva/sodermanland/objektrapporter/13C-CMJ.json
13C-CVO;Södermanland;Flen;0.55;Bete;2003-09-25;;https://etjanst.sjv.se/tuvaut/?f=&id=13C-CVO;https://etjanst.sjv.se/hagenpub/rest/base/object/13C-CVO;docs/tuva/sodermanland/objektrapporter/13C-CVO.json
13C-DLU;Södermanland;Katrineholm;6.36;Bete;2004-07-29;årby, krigarholmen;https://etjanst.sjv.se/tuvaut/?f=&id=13C-DLU;https://etjanst.sjv.se/hagenpub/rest/base/object/13C-DLU;docs/tuva/sodermanland/objektrapporter/13C-DLU.json
13C-PMQ;Södermanland;Katrineholm;18.14;Bete;2003-09-11;;https://etjanst.sjv.se/tuvaut/?f=&id=13C-PMQ;https://etjanst.sjv.se/hagenpub/rest/base/object/13C-PMQ;docs/tuva/sodermanland/objektrapporter/13C-PMQ.json
13D-JDW;Södermanland;Nyköping;3.27;Bete;2004-05-12;valva 4;https://etjanst.sjv.se/tuvaut/?f=&id=13D-JDW;https://etjanst.sjv.se/hagenpub/rest/base/object/13D-JDW;docs/tuva/sodermanland/objektrapporter/13D-JDW.json
13D-QZY;Södermanland;Flen;0.96;Bete;2003-08-01;Yxtaholm 1;https://etjanst.sjv.se/tuvaut/?f=&id=13D-QZY;https://etjanst.sjv.se/hagenpub/rest/base/object/13D-QZY;docs/tuva/sodermanland/objektrapporter/13D-QZY.json
13D-SIM;Södermanland;Eskilstuna;5.73;Bete;2003-08-18;Fagernäs1;https://etjanst.sjv.se/tuvaut/?f=&id=13D-SIM;https://etjanst.sjv.se/hagenpub/rest/base/object/13D-SIM;docs/tuva/sodermanland/objektrapporter/13D-SIM.json
142-ITU;Södermanland;Flen;0.8;Bete;2003-09-03;Klovsten 2;https://etjanst.sjv.se/tuvaut/?f=&id=142-ITU;https://etjanst.sjv.se/hagenpub/rest/base/object/142-ITU;docs/tuva/sodermanland/objektrapporter/142-ITU.json
143-JUB;Södermanland;Katrineholm;4.91;Bete;2002-08-08;Sund;https://etjanst.sjv.se/tuvaut/?f=&id=143-JUB;https://etjanst.sjv.se/hagenpub/rest/base/object/143-JUB;docs/tuva/sodermanland/objektrapporter/143-JUB.json
147-KIC;Södermanland;Nyköping;1.74;Bete;2004-05-06;horsvik 2;https://etjanst.sjv.se/tuvaut/?f=&id=147-KIC;https://etjanst.sjv.se/hagenpub/rest/base/object/147-KIC;docs/tuva/sodermanland/objektrapporter/147-KIC.json
148-PEF;Södermanland;Eskilstuna;5.75;Bete;2003-07-07;Arninge;https://etjanst.sjv.se/tuvaut/?f=&id=148-PEF;https://etjanst.sjv.se/hagenpub/rest/base/object/148-PEF;docs/tuva/sodermanland/objektrapporter/148-PEF.json
14D-WRM;Södermanland;Nyköping;4.69;Bete;2004-05-11;gunnersta;https://etjanst.sjv.se/tuvaut/?f=&id=14D-WRM;https://etjanst.sjv.se/hagenpub/rest/base/object/14D-WRM;docs/tuva/sodermanland/objektrapporter/14D-WRM.json
14E-MOY;Södermanland;Eskilstuna;1.76;Bete;2003-08-26;Näsna1;https://etjanst.sjv.se/tuvaut/?f=&id=14E-MOY;https://etjanst.sjv.se/hagenpub/rest/base/object/14E-MOY;docs/tuva/sodermanland/objektrapporter/14E-MOY.json
14E-ZSU;Södermanland;Gnesta;2.7;Bete;2003-08-13;Åbosätter 3;https://etjanst.sjv.se/tuvaut/?f=&id=14E-ZSU;https://etjanst.sjv.se/hagenpub/rest/base/object/14E-ZSU;docs/tuva/sodermanland/objektrapporter/14E-ZSU.json
14F-UMD;Södermanland;Gnesta;1.81;Bete;2004-06-15;Älvesta 2;https://etjanst.sjv.se/tuvaut/?f=&id=14F-UMD;https://etjanst.sjv.se/hagenpub/rest/base/object/14F-UMD;docs/tuva/sodermanland/objektrapporter/14F-UMD.json
150-AKI;Södermanland;Katrineholm;0.2;Bete;2004-06-09;lindebol 3;https://etjanst.sjv.se/tuvaut/?f=&id=150-AKI;https://etjanst.sjv.se/hagenpub/rest/base/object/150-AKI;docs/tuva/sodermanland/objektrapporter/150-AKI.json
150-HYG;Södermanland;Vingåker;6.43;Bete;2003-08-10;;https://etjanst.sjv.se/tuvaut/?f=&id=150-HYG;https://etjanst.sjv.se/hagenpub/rest/base/object/150-HYG;docs/tuva/sodermanland/objektrapporter/150-HYG.json
150-QGR;Södermanland;Flen;2.46;Bete;2004-07-12;Bogården 1;https://etjanst.sjv.se/tuvaut/?f=&id=150-QGR;https://etjanst.sjv.se/hagenpub/rest/base/object/150-QGR;docs/tuva/sodermanland/objektrapporter/150-QGR.json
151-LZP;Södermanland;Nyköping;0.74;Bete;2002-07-13;Backgården;https://etjanst.sjv.se/tuvaut/?f=&id=151-LZP;https://etjanst.sjv.se/hagenpub/rest/base/object/151-LZP;docs/tuva/sodermanland/objektrapporter/151-LZP.json
152-NYC;Södermanland;Eskilstuna;9.41;Bete;2003-08-07;Hagby1;https://etjanst.sjv.se/tuvaut/?f=&id=152-NYC;https://etjanst.sjv.se/hagenpub/rest/base/object/152-NYC;docs/tuva/sodermanland/objektrapporter/152-NYC.json
154-A00;Södermanland;Katrineholm;1.78;Bete;2002-06-03;Sjögetorp 2;https://etjanst.sjv.se/tuvaut/?f=&id=154-A00;https://etjanst.sjv.se/hagenpub/rest/base/object/154-A00;docs/tuva/sodermanland/objektrapporter/154-A00.json
155-HRS;Södermanland;Eskilstuna;1.96;Bete;2002-09-03;Ekeby;https://etjanst.sjv.se/tuvaut/?f=&id=155-HRS;https://etjanst.sjv.se/hagenpub/rest/base/object/155-HRS;docs/tuva/sodermanland/objektrapporter/155-HRS.json
157-CCV;Södermanland;Gnesta;2.31;Bete;2004-07-02;Näs 3;https://etjanst.sjv.se/tuvaut/?f=&id=157-CCV;https://etjanst.sjv.se/hagenpub/rest/base/object/157-CCV;docs/tuva/sodermanland/objektrapporter/157-CCV.json
15A-000;Södermanland;Katrineholm;0.32;Bete;2002-06-07;Brännkärr;https://etjanst.sjv.se/tuvaut/?f=&id=15A-000;https://etjanst.sjv.se/hagenpub/rest/base/object/15A-000;docs/tuva/sodermanland/objektrapporter/15A-000.json
15B-980;Södermanland;Gnesta;4.79;Restaurerbar;2002-05-13;Kvagerö;https://etjanst.sjv.se/tuvaut/?f=&id=15B-980;https://etjanst.sjv.se/hagenpub/rest/base/object/15B-980;docs/tuva/sodermanland/objektrapporter/15B-980.json
15B-EKK;Södermanland;Flen;0.66;Bete;2003-09-19;;https://etjanst.sjv.se/tuvaut/?f=&id=15B-EKK;https://etjanst.sjv.se/hagenpub/rest/base/object/15B-EKK;docs/tuva/sodermanland/objektrapporter/15B-EKK.json
15C-680;Södermanland;Eskilstuna;2.52;Bete;2002-05-14;Lilla Tjärbruket;https://etjanst.sjv.se/tuvaut/?f=&id=15C-680;https://etjanst.sjv.se/hagenpub/rest/base/object/15C-680;docs/tuva/sodermanland/objektrapporter/15C-680.json
15C-EKL;Södermanland;Eskilstuna;2.92;Bete;2002-09-03;Flacksta;https://etjanst.sjv.se/tuvaut/?f=&id=15C-EKL;https://etjanst.sjv.se/hagenpub/rest/base/object/15C-EKL;docs/tuva/sodermanland/objektrapporter/15C-EKL.json
15C-YWW;Södermanland;Strängnäs;3.38;Bete;2004-08-24;Edeby 3;https://etjanst.sjv.se/tuvaut/?f=&id=15C-YWW;https://etjanst.sjv.se/hagenpub/rest/base/object/15C-YWW;docs/tuva/sodermanland/objektrapporter/15C-YWW.json
15D-CBG;Södermanland;Gnesta;1.66;Bete;2003-08-14;Mjölnarstugan 2;https://etjanst.sjv.se/tuvaut/?f=&id=15D-CBG;https://etjanst.sjv.se/hagenpub/rest/base/object/15D-CBG;docs/tuva/sodermanland/objektrapporter/15D-CBG.json
15F-AIS;Södermanland;Eskilstuna;2.33;Bete;2002-08-21;Broby1;https://etjanst.sjv.se/tuvaut/?f=&id=15F-AIS;https://etjanst.sjv.se/hagenpub/rest/base/object/15F-AIS;docs/tuva/sodermanland/objektrapporter/15F-AIS.json
15F-WYT;Södermanland;Gnesta;7.22;Bete;2004-06-03;Långlid 2;https://etjanst.sjv.se/tuvaut/?f=&id=15F-WYT;https://etjanst.sjv.se/hagenpub/rest/base/object/15F-WYT;docs/tuva/sodermanland/objektrapporter/15F-WYT.json
160-MYG;Södermanland;Nyköping;0.96;Bete;2002-09-12;Ekla;https://etjanst.sjv.se/tuvaut/?f=&id=160-MYG;https://etjanst.sjv.se/hagenpub/rest/base/object/160-MYG;docs/tuva/sodermanland/objektrapporter/160-MYG.json
161-B80;Södermanland;Nyköping;11.13;Bete;2002-07-02;Kvarntorp;https://etjanst.sjv.se/tuvaut/?f=&id=161-B80;https://etjanst.sjv.se/hagenpub/rest/base/object/161-B80;docs/tuva/sodermanland/objektrapporter/161-B80.json
162-CUL;Södermanland;Nyköping;1.25;Bete;2002-09-12;Ekla;https://etjanst.sjv.se/tuvaut/?f=&id=162-CUL;https://etjanst.sjv.se/hagenpub/rest/base/object/162-CUL;docs/tuva/sodermanland/objektrapporter/162-CUL.json
164-ISC;Södermanland;Flen;8.44;Bete;2003-09-15;Ekeby1;https://etjanst.sjv.se/tuvaut/?f=&id=164-ISC;https://etjanst.sjv.se/hagenpub/rest/base/object/164-ISC;docs/tuva/sodermanland/objektrapporter/164-ISC.json
164-YMX;Södermanland;Flen;6.76;Bete;2004-05-27;stäringe 3;https://etjanst.sjv.se/tuvaut/?f=&id=164-YMX;https://etjanst.sjv.se/hagenpub/rest/base/object/164-YMX;docs/tuva/sodermanland/objektrapporter/164-YMX.json
166-NDG;Södermanland;Eskilstuna;3.91;Bete;2003-08-27;Torp3;https://etjanst.sjv.se/tuvaut/?f=&id=166-NDG;https://etjanst.sjv.se/hagenpub/rest/base/object/166-NDG;docs/tuva/sodermanland/objektrapporter/166-NDG.json
169-CSQ;Södermanland;Eskilstuna;3.97;Bete;2003-12-18;Ribbinglund-Hummelkärr;https://etjanst.sjv.se/tuvaut/?f=&id=169-CSQ;https://etjanst.sjv.se/hagenpub/rest/base/object/169-CSQ;docs/tuva/sodermanland/objektrapporter/169-CSQ.json
16A-C00;Södermanland;Nyköping;8.56;Bete;2002-06-19;Löt/Brink;https://etjanst.sjv.se/tuvaut/?f=&id=16A-C00;https://etjanst.sjv.se/hagenpub/rest/base/object/16A-C00;docs/tuva/sodermanland/objektrapporter/16A-C00.json
16C-FDX;Södermanland;Flen;3.29;Bete;2004-07-26;Hökmora;https://etjanst.sjv.se/tuvaut/?f=&id=16C-FDX;https://etjanst.sjv.se/hagenpub/rest/base/object/16C-FDX;docs/tuva/sodermanland/objektrapporter/16C-FDX.json
16F-TJH;Södermanland;Nyköping;7.88;Äng;2002-07-20;;https://etjanst.sjv.se/tuvaut/?f=&id=16F-TJH;https://etjanst.sjv.se/hagenpub/rest/base/object/16F-TJH;docs/tuva/sodermanland/objektrapporter/16F-TJH.json
172-ZIG;Södermanland;Gnesta;0.13;Bete;2004-09-16;jägerdal 4;https://etjanst.sjv.se/tuvaut/?f=&id=172-ZIG;https://etjanst.sjv.se/hagenpub/rest/base/object/172-ZIG;docs/tuva/sodermanland/objektrapporter/172-ZIG.json
173-ZNX;Södermanland;Nyköping;2.84;Äng;2018-07-13;Brandholmen 1;https://etjanst.sjv.se/tuvaut/?f=&id=173-ZNX;https://etjanst.sjv.se/hagenpub/rest/base/object/173-ZNX;docs/tuva/sodermanland/objektrapporter/173-ZNX.json
177-QKK;Södermanland;Katrineholm;2.6;Bete;2004-06-22;gustafsvik 7;https://etjanst.sjv.se/tuvaut/?f=&id=177-QKK;https://etjanst.sjv.se/hagenpub/rest/base/object/177-QKK;docs/tuva/sodermanland/objektrapporter/177-QKK.json
178-WBK;Södermanland;Vingåker;9.73;Bete;2003-09-10;;https://etjanst.sjv.se/tuvaut/?f=&id=178-WBK;https://etjanst.sjv.se/hagenpub/rest/base/object/178-WBK;docs/tuva/sodermanland/objektrapporter/178-WBK.json
179-KUR;Södermanland;Katrineholm;11.67;Bete;2002-08-01;Stubbetorp;https://etjanst.sjv.se/tuvaut/?f=&id=179-KUR;https://etjanst.sjv.se/hagenpub/rest/base/object/179-KUR;docs/tuva/sodermanland/objektrapporter/179-KUR.json
17A-800;Södermanland;Nyköping;0.71;Bete;2002-06-29;Daltorp;https://etjanst.sjv.se/tuvaut/?f=&id=17A-800;https://etjanst.sjv.se/hagenpub/rest/base/object/17A-800;docs/tuva/sodermanland/objektrapporter/17A-800.json
17B-CQB;Södermanland;Eskilstuna;3.07;Bete;2003-06-06;Järpeberg3;https://etjanst.sjv.se/tuvaut/?f=&id=17B-CQB;https://etjanst.sjv.se/hagenpub/rest/base/object/17B-CQB;docs/tuva/sodermanland/objektrapporter/17B-CQB.json
17C-F00;Södermanland;Nyköping;37.29;Restaurerbar;2002-06-27;Gärdesta;https://etjanst.sjv.se/tuvaut/?f=&id=17C-F00;https://etjanst.sjv.se/hagenpub/rest/base/object/17C-F00;docs/tuva/sodermanland/objektrapporter/17C-F00.json
17E-TOK;Södermanland;Nyköping;0.75;Bete;2003-05-16;Strand 2;https://etjanst.sjv.se/tuvaut/?f=&id=17E-TOK;https://etjanst.sjv.se/hagenpub/rest/base/object/17E-TOK;docs/tuva/sodermanland/objektrapporter/17E-TOK.json
17F-XOV;Södermanland;Trosa;3.17;Restaurerbar;2004-08-11;Borsö 3;https://etjanst.sjv.se/tuvaut/?f=&id=17F-XOV;https://etjanst.sjv.se/hagenpub/rest/base/object/17F-XOV;docs/tuva/sodermanland/objektrapporter/17F-XOV.json
181-KTZ;Södermanland;Katrineholm;0.63;Bete;2004-09-10;svarttorp 3;https://etjanst.sjv.se/tuvaut/?f=&id=181-KTZ;https://etjanst.sjv.se/hagenpub/rest/base/object/181-KTZ;docs/tuva/sodermanland/objektrapporter/181-KTZ.json
181-WSW;Södermanland;Flen;3.05;Bete;2003-09-30;;https://etjanst.sjv.se/tuvaut/?f=&id=181-WSW;https://etjanst.sjv.se/hagenpub/rest/base/object/181-WSW;docs/tuva/sodermanland/objektrapporter/181-WSW.json
187-DBV;Södermanland;Nyköping;1.57;Bete;2003-05-27;;https://etjanst.sjv.se/tuvaut/?f=&id=187-DBV;https://etjanst.sjv.se/hagenpub/rest/base/object/187-DBV;docs/tuva/sodermanland/objektrapporter/187-DBV.json
189-MAQ;Södermanland;Eskilstuna;8.13;Bete;2003-08-01;Tummelsta3;https://etjanst.sjv.se/tuvaut/?f=&id=189-MAQ;https://etjanst.sjv.se/hagenpub/rest/base/object/189-MAQ;docs/tuva/sodermanland/objektrapporter/189-MAQ.json
189-OQS;Södermanland;Trosa;1.62;Bete;2004-05-11;Granhusa 4;https://etjanst.sjv.se/tuvaut/?f=&id=189-OQS;https://etjanst.sjv.se/hagenpub/rest/base/object/189-OQS;docs/tuva/sodermanland/objektrapporter/189-OQS.json
18A-CAU;Södermanland;Flen;6.73;Bete;2003-10-01;;https://etjanst.sjv.se/tuvaut/?f=&id=18A-CAU;https://etjanst.sjv.se/hagenpub/rest/base/object/18A-CAU;docs/tuva/sodermanland/objektrapporter/18A-CAU.json
18A-ZNO;Södermanland;Flen;0.19;Bete;2004-05-28;stavhälla 2;https://etjanst.sjv.se/tuvaut/?f=&id=18A-ZNO;https://etjanst.sjv.se/hagenpub/rest/base/object/18A-ZNO;docs/tuva/sodermanland/objektrapporter/18A-ZNO.json
18D-980;Södermanland;Katrineholm;0.45;Bete;2002-07-02;Hinnäs 2;https://etjanst.sjv.se/tuvaut/?f=&id=18D-980;https://etjanst.sjv.se/hagenpub/rest/base/object/18D-980;docs/tuva/sodermanland/objektrapporter/18D-980.json
18E-DNQ;Södermanland;Strängnäs;3.66;Bete;2002-08-05;Stora Sundby3;https://etjanst.sjv.se/tuvaut/?f=&id=18E-DNQ;https://etjanst.sjv.se/hagenpub/rest/base/object/18E-DNQ;docs/tuva/sodermanland/objektrapporter/18E-DNQ.json
18E-WJP;Södermanland;Nyköping;9.8;Bete;2003-06-12;Horn 1;https://etjanst.sjv.se/tuvaut/?f=&id=18E-WJP;https://etjanst.sjv.se/hagenpub/rest/base/object/18E-WJP;docs/tuva/sodermanland/objektrapporter/18E-WJP.json
18F-380;Södermanland;Katrineholm;3.01;Bete;2002-07-02;Älgsjötorp 3;https://etjanst.sjv.se/tuvaut/?f=&id=18F-380;https://etjanst.sjv.se/hagenpub/rest/base/object/18F-380;docs/tuva/sodermanland/objektrapporter/18F-380.json
190-BHJ;Södermanland;Katrineholm;2.36;Bete;2003-07-09;Leråsen 1;https://etjanst.sjv.se/tuvaut/?f=&id=190-BHJ;https://etjanst.sjv.se/hagenpub/rest/base/object/190-BHJ;docs/tuva/sodermanland/objektrapporter/190-BHJ.json
190-KID;Södermanland;Katrineholm;4.55;Bete;2002-08-13;Simonstorp;https://etjanst.sjv.se/tuvaut/?f=&id=190-KID;https://etjanst.sjv.se/hagenpub/rest/base/object/190-KID;docs/tuva/sodermanland/objektrapporter/190-KID.json
191-680;Södermanland;Strängnäs;1.46;Bete;2002-06-13;Malmby;https://etjanst.sjv.se/tuvaut/?f=&id=191-680;https://etjanst.sjv.se/hagenpub/rest/base/object/191-680;docs/tuva/sodermanland/objektrapporter/191-680.json
191-D00;Södermanland;Katrineholm;9.98;Bete;2002-06-20;Stenbäcken;https://etjanst.sjv.se/tuvaut/?f=&id=191-D00;https://etjanst.sjv.se/hagenpub/rest/base/object/191-D00;docs/tuva/sodermanland/objektrapporter/191-D00.json
192-HLX;Södermanland;Katrineholm;1.17;Bete;2004-08-31;ingvaldstorp 3;https://etjanst.sjv.se/tuvaut/?f=&id=192-HLX;https://etjanst.sjv.se/hagenpub/rest/base/object/192-HLX;docs/tuva/sodermanland/objektrapporter/192-HLX.json
193-B80;Södermanland;Strängnäs;2.15;Bete;2002-07-02;Hannemyra3;https://etjanst.sjv.se/tuvaut/?f=&id=193-B80;https://etjanst.sjv.se/hagenpub/rest/base/object/193-B80;docs/tuva/sodermanland/objektrapporter/193-B80.json
195-XVV;Södermanland;Nyköping;0.51;Bete;2002-07-13;;https://etjanst.sjv.se/tuvaut/?f=&id=195-XVV;https://etjanst.sjv.se/hagenpub/rest/base/object/195-XVV;docs/tuva/sodermanland/objektrapporter/195-XVV.json
196-EFP;Södermanland;Katrineholm;1.89;Bete;2004-07-14;sättra 4;https://etjanst.sjv.se/tuvaut/?f=&id=196-EFP;https://etjanst.sjv.se/hagenpub/rest/base/object/196-EFP;docs/tuva/sodermanland/objektrapporter/196-EFP.json
196-SDJ;Södermanland;Flen;1.09;Bete;2004-05-19;lena 2;https://etjanst.sjv.se/tuvaut/?f=&id=196-SDJ;https://etjanst.sjv.se/hagenpub/rest/base/object/196-SDJ;docs/tuva/sodermanland/objektrapporter/196-SDJ.json
199-F00;Södermanland;Nyköping;4.03;Restaurerbar;2002-07-03;;https://etjanst.sjv.se/tuvaut/?f=&id=199-F00;https://etjanst.sjv.se/hagenpub/rest/base/object/199-F00;docs/tuva/sodermanland/objektrapporter/199-F00.json
19A-FVT;Södermanland;Katrineholm;8.18;Bete;2004-06-29;stenta 2;https://etjanst.sjv.se/tuvaut/?f=&id=19A-FVT;https://etjanst.sjv.se/hagenpub/rest/base/object/19A-FVT;docs/tuva/sodermanland/objektrapporter/19A-FVT.json
19A-ZZZ;Södermanland;Flen;0.69;Bete;2003-09-15;Kvarnängen1;https://etjanst.sjv.se/tuvaut/?f=&id=19A-ZZZ;https://etjanst.sjv.se/hagenpub/rest/base/object/19A-ZZZ;docs/tuva/sodermanland/objektrapporter/19A-ZZZ.json
19B-EMO;Södermanland;Nyköping;5.67;Bete;2003-09-10;Kläfsta 2;https://etjanst.sjv.se/tuvaut/?f=&id=19B-EMO;https://etjanst.sjv.se/hagenpub/rest/base/object/19B-EMO;docs/tuva/sodermanland/objektrapporter/19B-EMO.json
19D-100;Södermanland;Nyköping;8.0;Bete;2002-06-25;Hånö;https://etjanst.sjv.se/tuvaut/?f=&id=19D-100;https://etjanst.sjv.se/hagenpub/rest/base/object/19D-100;docs/tuva/sodermanland/objektrapporter/19D-100.json
19D-B00;Södermanland;Nyköping;13.26;Bete;2023-10-25;Måstena;https://etjanst.sjv.se/tuvaut/?f=&id=19D-B00;https://etjanst.sjv.se/hagenpub/rest/base/object/19D-B00;docs/tuva/sodermanland/objektrapporter/19D-B00.json
19E-100;Södermanland;Katrineholm;7.47;Bete;2002-06-20;Stenbäcksstugan;https://etjanst.sjv.se/tuvaut/?f=&id=19E-100;https://etjanst.sjv.se/hagenpub/rest/base/object/19E-100;docs/tuva/sodermanland/objektrapporter/19E-100.json
19E-WBE;Södermanland;Flen;0.6;Bete;2004-06-30;Slaggärdet 4;https://etjanst.sjv.se/tuvaut/?f=&id=19E-WBE;https://etjanst.sjv.se/hagenpub/rest/base/object/19E-WBE;docs/tuva/sodermanland/objektrapporter/19E-WBE.json
19F-880;Södermanland;Katrineholm;3.79;Bete;2002-06-17;Långviken 1;https://etjanst.sjv.se/tuvaut/?f=&id=19F-880;https://etjanst.sjv.se/hagenpub/rest/base/object/19F-880;docs/tuva/sodermanland/objektrapporter/19F-880.json
1A1-XWY;Södermanland;Flen;0.31;Bete;2004-06-17;Kulsta 1;https://etjanst.sjv.se/tuvaut/?f=&id=1A1-XWY;https://etjanst.sjv.se/hagenpub/rest/base/object/1A1-XWY;docs/tuva/sodermanland/objektrapporter/1A1-XWY.json
1A2-E80;Södermanland;Strängnäs;1.31;Bete;2002-05-31;Odensicke3;https://etjanst.sjv.se/tuvaut/?f=&id=1A2-E80;https://etjanst.sjv.se/hagenpub/rest/base/object/1A2-E80;docs/tuva/sodermanland/objektrapporter/1A2-E80.json
1A2-UCE;Södermanland;Oxelösund;14.71;Bete;2002-07-10;Djursvik;https://etjanst.sjv.se/tuvaut/?f=&id=1A2-UCE;https://etjanst.sjv.se/hagenpub/rest/base/object/1A2-UCE;docs/tuva/sodermanland/objektrapporter/1A2-UCE.json
1A4-PJC;Södermanland;Strängnäs;5.23;Bete;2002-07-05;Grinda1;https://etjanst.sjv.se/tuvaut/?f=&id=1A4-PJC;https://etjanst.sjv.se/hagenpub/rest/base/object/1A4-PJC;docs/tuva/sodermanland/objektrapporter/1A4-PJC.json
1A6-680;Södermanland;Strängnäs;3.86;Restaurerbar;2002-06-13;Sundby2;https://etjanst.sjv.se/tuvaut/?f=&id=1A6-680;https://etjanst.sjv.se/hagenpub/rest/base/object/1A6-680;docs/tuva/sodermanland/objektrapporter/1A6-680.json
1A9-800;Södermanland;Katrineholm;2.37;Bete;2002-07-03;Myrkärr 2;https://etjanst.sjv.se/tuvaut/?f=&id=1A9-800;https://etjanst.sjv.se/hagenpub/rest/base/object/1A9-800;docs/tuva/sodermanland/objektrapporter/1A9-800.json
1AB-400;Södermanland;Katrineholm;8.82;Bete;2002-07-04;Kolberga 1;https://etjanst.sjv.se/tuvaut/?f=&id=1AB-400;https://etjanst.sjv.se/hagenpub/rest/base/object/1AB-400;docs/tuva/sodermanland/objektrapporter/1AB-400.json
1AB-900;Södermanland;Strängnäs;2.9;Restaurerbar;2002-06-18;Langö;https://etjanst.sjv.se/tuvaut/?f=&id=1AB-900;https://etjanst.sjv.se/hagenpub/rest/base/object/1AB-900;docs/tuva/sodermanland/objektrapporter/1AB-900.json
1AB-IHE;Södermanland;Gnesta;2.49;Bete;2004-06-07;Gröndal 2;https://etjanst.sjv.se/tuvaut/?f=&id=1AB-IHE;https://etjanst.sjv.se/hagenpub/rest/base/object/1AB-IHE;docs/tuva/sodermanland/objektrapporter/1AB-IHE.json
1AC-HFZ;Södermanland;Eskilstuna;0.49;Bete;2002-09-12;Vi by3;https://etjanst.sjv.se/tuvaut/?f=&id=1AC-HFZ;https://etjanst.sjv.se/hagenpub/rest/base/object/1AC-HFZ;docs/tuva/sodermanland/objektrapporter/1AC-HFZ.json
1B0-HDH;Södermanland;Gnesta;3.07;Bete;2004-06-14;Harlinge 6;https://etjanst.sjv.se/tuvaut/?f=&id=1B0-HDH;https://etjanst.sjv.se/hagenpub/rest/base/object/1B0-HDH;docs/tuva/sodermanland/objektrapporter/1B0-HDH.json
1B4-MYV;Södermanland;Flen;4.06;Bete;2004-07-26;vik 1;https://etjanst.sjv.se/tuvaut/?f=&id=1B4-MYV;https://etjanst.sjv.se/hagenpub/rest/base/object/1B4-MYV;docs/tuva/sodermanland/objektrapporter/1B4-MYV.json
1B5-WYL;Södermanland;Katrineholm;20.13;Bete;2004-07-27;veckla 1;https://etjanst.sjv.se/tuvaut/?f=&id=1B5-WYL;https://etjanst.sjv.se/hagenpub/rest/base/object/1B5-WYL;docs/tuva/sodermanland/objektrapporter/1B5-WYL.json
1B8-LCL;Södermanland;Flen;6.06;Bete;2023-09-08;Stenhammar;https://etjanst.sjv.se/tuvaut/?f=&id=1B8-LCL;https://etjanst.sjv.se/hagenpub/rest/base/object/1B8-LCL;docs/tuva/sodermanland/objektrapporter/1B8-LCL.json
1B8-XIJ;Södermanland;Katrineholm;0.62;Bete;2003-07-03;Kvisterhult 2;https://etjanst.sjv.se/tuvaut/?f=&id=1B8-XIJ;https://etjanst.sjv.se/hagenpub/rest/base/object/1B8-XIJ;docs/tuva/sodermanland/objektrapporter/1B8-XIJ.json
1BA-URG;Södermanland;Nyköping;1.54;Bete;2002-07-19;Lilla Björshult;https://etjanst.sjv.se/tuvaut/?f=&id=1BA-URG;https://etjanst.sjv.se/hagenpub/rest/base/object/1BA-URG;docs/tuva/sodermanland/objektrapporter/1BA-URG.json
1BC-YZJ;Södermanland;Flen;1.48;Bete;2004-09-01;;https://etjanst.sjv.se/tuvaut/?f=&id=1BC-YZJ;https://etjanst.sjv.se/hagenpub/rest/base/object/1BC-YZJ;docs/tuva/sodermanland/objektrapporter/1BC-YZJ.json
1BC-ZEQ;Södermanland;Strängnäs;19.05;Bete;2002-08-05;Stora Sundby1;https://etjanst.sjv.se/tuvaut/?f=&id=1BC-ZEQ;https://etjanst.sjv.se/hagenpub/rest/base/object/1BC-ZEQ;docs/tuva/sodermanland/objektrapporter/1BC-ZEQ.json
1BD-LSD;Södermanland;Nyköping;6.6;Bete;2003-06-13;Horn 5;https://etjanst.sjv.se/tuvaut/?f=&id=1BD-LSD;https://etjanst.sjv.se/hagenpub/rest/base/object/1BD-LSD;docs/tuva/sodermanland/objektrapporter/1BD-LSD.json
1BE-C80;Södermanland;Strängnäs;6.06;Bete;2002-06-20;Märinge;https://etjanst.sjv.se/tuvaut/?f=&id=1BE-C80;https://etjanst.sjv.se/hagenpub/rest/base/object/1BE-C80;docs/tuva/sodermanland/objektrapporter/1BE-C80.json
1BF-EKM;Södermanland;Katrineholm;0.64;Bete;2003-07-03;Kvisterhult 1;https://etjanst.sjv.se/tuvaut/?f=&id=1BF-EKM;https://etjanst.sjv.se/hagenpub/rest/base/object/1BF-EKM;docs/tuva/sodermanland/objektrapporter/1BF-EKM.json
1BF-PWC;Södermanland;Eskilstuna;4.66;Bete;2003-06-30;Övernäs1;https://etjanst.sjv.se/tuvaut/?f=&id=1BF-PWC;https://etjanst.sjv.se/hagenpub/rest/base/object/1BF-PWC;docs/tuva/sodermanland/objektrapporter/1BF-PWC.json
1C0-DIA;Södermanland;Nyköping;5.9;Bete;2003-05-09;Limängen ;https://etjanst.sjv.se/tuvaut/?f=&id=1C0-DIA;https://etjanst.sjv.se/hagenpub/rest/base/object/1C0-DIA;docs/tuva/sodermanland/objektrapporter/1C0-DIA.json
1C1-QGM;Södermanland;Eskilstuna;1.25;Bete;2004-09-24;Lindsäter/Våmtorp;https://etjanst.sjv.se/tuvaut/?f=&id=1C1-QGM;https://etjanst.sjv.se/hagenpub/rest/base/object/1C1-QGM;docs/tuva/sodermanland/objektrapporter/1C1-QGM.json
1C3-CMJ;Södermanland;Katrineholm;0.52;Bete;2004-05-12;östra vegred 3;https://etjanst.sjv.se/tuvaut/?f=&id=1C3-CMJ;https://etjanst.sjv.se/hagenpub/rest/base/object/1C3-CMJ;docs/tuva/sodermanland/objektrapporter/1C3-CMJ.json
1C7-100;Södermanland;Nyköping;1.95;Bete;2002-05-10;;https://etjanst.sjv.se/tuvaut/?f=&id=1C7-100;https://etjanst.sjv.se/hagenpub/rest/base/object/1C7-100;docs/tuva/sodermanland/objektrapporter/1C7-100.json
1C7-700;Södermanland;Strängnäs;3.96;Restaurerbar;2002-06-12;Håsta2;https://etjanst.sjv.se/tuvaut/?f=&id=1C7-700;https://etjanst.sjv.se/hagenpub/rest/base/object/1C7-700;docs/tuva/sodermanland/objektrapporter/1C7-700.json
1C8-D00;Södermanland;Katrineholm;1.03;Äng;2002-04-29;Lisstorp 2;https://etjanst.sjv.se/tuvaut/?f=&id=1C8-D00;https://etjanst.sjv.se/hagenpub/rest/base/object/1C8-D00;docs/tuva/sodermanland/objektrapporter/1C8-D00.json
1C8-GZB;Södermanland;Katrineholm;0.23;Bete;2004-08-30;valfalla 3;https://etjanst.sjv.se/tuvaut/?f=&id=1C8-GZB;https://etjanst.sjv.se/hagenpub/rest/base/object/1C8-GZB;docs/tuva/sodermanland/objektrapporter/1C8-GZB.json
1CC-BEN;Södermanland;Gnesta;2.69;Bete;2003-09-11;Dillnäsby 1;https://etjanst.sjv.se/tuvaut/?f=&id=1CC-BEN;https://etjanst.sjv.se/hagenpub/rest/base/object/1CC-BEN;docs/tuva/sodermanland/objektrapporter/1CC-BEN.json
1D0-LQT;Södermanland;Katrineholm;2.05;Bete;2004-09-14;vedeby extra;https://etjanst.sjv.se/tuvaut/?f=&id=1D0-LQT;https://etjanst.sjv.se/hagenpub/rest/base/object/1D0-LQT;docs/tuva/sodermanland/objektrapporter/1D0-LQT.json
1D1-900;Södermanland;Nyköping;15.14;Bete;2002-07-04;Måstena, Segersta;https://etjanst.sjv.se/tuvaut/?f=&id=1D1-900;https://etjanst.sjv.se/hagenpub/rest/base/object/1D1-900;docs/tuva/sodermanland/objektrapporter/1D1-900.json
1D2-DWK;Södermanland;Flen;1.64;Bete;2003-09-16;Bråhovda1;https://etjanst.sjv.se/tuvaut/?f=&id=1D2-DWK;https://etjanst.sjv.se/hagenpub/rest/base/object/1D2-DWK;docs/tuva/sodermanland/objektrapporter/1D2-DWK.json
1D4-JCQ;Södermanland;Flen;1.04;Restaurerbar;2004-07-08;Sparreholm 3;https://etjanst.sjv.se/tuvaut/?f=&id=1D4-JCQ;https://etjanst.sjv.se/hagenpub/rest/base/object/1D4-JCQ;docs/tuva/sodermanland/objektrapporter/1D4-JCQ.json
1D9-KUY;Södermanland;Nyköping;5.76;Bete;2002-07-14;Vallby;https://etjanst.sjv.se/tuvaut/?f=&id=1D9-KUY;https://etjanst.sjv.se/hagenpub/rest/base/object/1D9-KUY;docs/tuva/sodermanland/objektrapporter/1D9-KUY.json
1DA-600;Södermanland;Strängnäs;1.95;Bete;2002-06-25;Igelshäll;https://etjanst.sjv.se/tuvaut/?f=&id=1DA-600;https://etjanst.sjv.se/hagenpub/rest/base/object/1DA-600;docs/tuva/sodermanland/objektrapporter/1DA-600.json
1DB-CGO;Södermanland;Flen;0.6;Bete;2004-08-12;flenmo 1:2, 2;https://etjanst.sjv.se/tuvaut/?f=&id=1DB-CGO;https://etjanst.sjv.se/hagenpub/rest/base/object/1DB-CGO;docs/tuva/sodermanland/objektrapporter/1DB-CGO.json
1DC-DBM;Södermanland;Eskilstuna;0.4;Bete;2003-05-30;Ribbingelund-Hummelkärr2;https://etjanst.sjv.se/tuvaut/?f=&id=1DC-DBM;https://etjanst.sjv.se/hagenpub/rest/base/object/1DC-DBM;docs/tuva/sodermanland/objektrapporter/1DC-DBM.json
1DC-UQC;Södermanland;Flen;1.73;Bete;2004-09-01;torp extra 2;https://etjanst.sjv.se/tuvaut/?f=&id=1DC-UQC;https://etjanst.sjv.se/hagenpub/rest/base/object/1DC-UQC;docs/tuva/sodermanland/objektrapporter/1DC-UQC.json
1DE-VRM;Södermanland;Eskilstuna;4.4;Bete;2002-09-17;Våmtorp;https://etjanst.sjv.se/tuvaut/?f=&id=1DE-VRM;https://etjanst.sjv.se/hagenpub/rest/base/object/1DE-VRM;docs/tuva/sodermanland/objektrapporter/1DE-VRM.json
1DF-XJP;Södermanland;Nyköping;1.69;Bete;2004-05-11;gråsta 3;https://etjanst.sjv.se/tuvaut/?f=&id=1DF-XJP;https://etjanst.sjv.se/hagenpub/rest/base/object/1DF-XJP;docs/tuva/sodermanland/objektrapporter/1DF-XJP.json
1E1-FNV;Södermanland;Gnesta;1.93;Bete;2003-09-11;Hammersta 3;https://etjanst.sjv.se/tuvaut/?f=&id=1E1-FNV;https://etjanst.sjv.se/hagenpub/rest/base/object/1E1-FNV;docs/tuva/sodermanland/objektrapporter/1E1-FNV.json
1E1-LKM;Södermanland;Nyköping;0.8;Restaurerbar;2002-07-08;Botten;https://etjanst.sjv.se/tuvaut/?f=&id=1E1-LKM;https://etjanst.sjv.se/hagenpub/rest/base/object/1E1-LKM;docs/tuva/sodermanland/objektrapporter/1E1-LKM.json
1E4-EUX;Södermanland;Eskilstuna;1.35;Bete;2003-07-21;Nyäng1;https://etjanst.sjv.se/tuvaut/?f=&id=1E4-EUX;https://etjanst.sjv.se/hagenpub/rest/base/object/1E4-EUX;docs/tuva/sodermanland/objektrapporter/1E4-EUX.json
1E4-WRG;Södermanland;Eskilstuna;1.91;Bete;2003-08-25;Åstorp8;https://etjanst.sjv.se/tuvaut/?f=&id=1E4-WRG;https://etjanst.sjv.se/hagenpub/rest/base/object/1E4-WRG;docs/tuva/sodermanland/objektrapporter/1E4-WRG.json
1E8-MAB;Södermanland;Flen;2.19;Bete;2004-08-31;yxtatorpet;https://etjanst.sjv.se/tuvaut/?f=&id=1E8-MAB;https://etjanst.sjv.se/hagenpub/rest/base/object/1E8-MAB;docs/tuva/sodermanland/objektrapporter/1E8-MAB.json
1EB-OXW;Södermanland;Katrineholm;0.5;Bete;2004-05-18;hässle 3;https://etjanst.sjv.se/tuvaut/?f=&id=1EB-OXW;https://etjanst.sjv.se/hagenpub/rest/base/object/1EB-OXW;docs/tuva/sodermanland/objektrapporter/1EB-OXW.json
1ED-FWD;Södermanland;Eskilstuna;0.62;Bete;2003-08-26;Näsna3;https://etjanst.sjv.se/tuvaut/?f=&id=1ED-FWD;https://etjanst.sjv.se/hagenpub/rest/base/object/1ED-FWD;docs/tuva/sodermanland/objektrapporter/1ED-FWD.json
1EF-700;Södermanland;Katrineholm;1.49;Bete;2002-06-13;Billstorp 4;https://etjanst.sjv.se/tuvaut/?f=&id=1EF-700;https://etjanst.sjv.se/hagenpub/rest/base/object/1EF-700;docs/tuva/sodermanland/objektrapporter/1EF-700.json
1EF-F80;Södermanland;Flen;12.01;Restaurerbar;2002-05-15;Långstjärten;https://etjanst.sjv.se/tuvaut/?f=&id=1EF-F80;https://etjanst.sjv.se/hagenpub/rest/base/object/1EF-F80;docs/tuva/sodermanland/objektrapporter/1EF-F80.json
1F1-EDG;Södermanland;Nyköping;0.65;Ej aktuell;2004-08-20;Stunken 2;https://etjanst.sjv.se/tuvaut/?f=&id=1F1-EDG;https://etjanst.sjv.se/hagenpub/rest/base/object/1F1-EDG;docs/tuva/sodermanland/objektrapporter/1F1-EDG.json
1F1-VKL;Södermanland;Flen;1.98;Bete;2004-06-21;Kyrkobol 3;https://etjanst.sjv.se/tuvaut/?f=&id=1F1-VKL;https://etjanst.sjv.se/hagenpub/rest/base/object/1F1-VKL;docs/tuva/sodermanland/objektrapporter/1F1-VKL.json
1F4-300;Södermanland;Strängnäs;1.1;Restaurerbar;2002-06-25;Edeby2;https://etjanst.sjv.se/tuvaut/?f=&id=1F4-300;https://etjanst.sjv.se/hagenpub/rest/base/object/1F4-300;docs/tuva/sodermanland/objektrapporter/1F4-300.json
1F4-JHN;Södermanland;Eskilstuna;2.33;Bete;2003-07-04;Gålhammar2;https://etjanst.sjv.se/tuvaut/?f=&id=1F4-JHN;https://etjanst.sjv.se/hagenpub/rest/base/object/1F4-JHN;docs/tuva/sodermanland/objektrapporter/1F4-JHN.json
1F6-QXC;Södermanland;Katrineholm;6.27;Bete;2003-07-12;Bjärsätterstorp 2;https://etjanst.sjv.se/tuvaut/?f=&id=1F6-QXC;https://etjanst.sjv.se/hagenpub/rest/base/object/1F6-QXC;docs/tuva/sodermanland/objektrapporter/1F6-QXC.json
1F8-FHC;Södermanland;Vingåker;22.15;Restaurerbar;2003-09-06;;https://etjanst.sjv.se/tuvaut/?f=&id=1F8-FHC;https://etjanst.sjv.se/hagenpub/rest/base/object/1F8-FHC;docs/tuva/sodermanland/objektrapporter/1F8-FHC.json
1F9-HWX;Södermanland;Katrineholm;4.31;Bete;2004-06-09;lagmansö 3;https://etjanst.sjv.se/tuvaut/?f=&id=1F9-HWX;https://etjanst.sjv.se/hagenpub/rest/base/object/1F9-HWX;docs/tuva/sodermanland/objektrapporter/1F9-HWX.json
1F9-QGJ;Södermanland;Strängnäs;7.69;Bete;2004-08-24;Edeby 1;https://etjanst.sjv.se/tuvaut/?f=&id=1F9-QGJ;https://etjanst.sjv.se/hagenpub/rest/base/object/1F9-QGJ;docs/tuva/sodermanland/objektrapporter/1F9-QGJ.json
1FC-NSQ;Södermanland;Katrineholm;2.33;Bete;2004-05-28;valla, gunnarsdal 3;https://etjanst.sjv.se/tuvaut/?f=&id=1FC-NSQ;https://etjanst.sjv.se/hagenpub/rest/base/object/1FC-NSQ;docs/tuva/sodermanland/objektrapporter/1FC-NSQ.json
1FD-MAF;Södermanland;Eskilstuna;4.21;Bete;2003-08-04;Hagby säteri1;https://etjanst.sjv.se/tuvaut/?f=&id=1FD-MAF;https://etjanst.sjv.se/hagenpub/rest/base/object/1FD-MAF;docs/tuva/sodermanland/objektrapporter/1FD-MAF.json
1FD-SET;Södermanland;Eskilstuna;0.29;Bete;2004-08-31;Norra Åby 2;https://etjanst.sjv.se/tuvaut/?f=&id=1FD-SET;https://etjanst.sjv.se/hagenpub/rest/base/object/1FD-SET;docs/tuva/sodermanland/objektrapporter/1FD-SET.json
1FF-UZQ;Södermanland;Katrineholm;6.94;Bete;2023-06-28;Smedsbol 1;https://etjanst.sjv.se/tuvaut/?f=&id=1FF-UZQ;https://etjanst.sjv.se/hagenpub/rest/base/object/1FF-UZQ;docs/tuva/sodermanland/objektrapporter/1FF-UZQ.json
201-680;Södermanland;Nyköping;0.38;Bete;2002-06-17;Visätter, Tuna;https://etjanst.sjv.se/tuvaut/?f=&id=201-680;https://etjanst.sjv.se/hagenpub/rest/base/object/201-680;docs/tuva/sodermanland/objektrapporter/201-680.json
201-ELW;Södermanland;Eskilstuna;0.6;Bete;2003-08-21;Åstorp5;https://etjanst.sjv.se/tuvaut/?f=&id=201-ELW;https://etjanst.sjv.se/hagenpub/rest/base/object/201-ELW;docs/tuva/sodermanland/objektrapporter/201-ELW.json
202-580;Södermanland;Nyköping;1.22;Bete;2002-06-28;Tjärbäck;https://etjanst.sjv.se/tuvaut/?f=&id=202-580;https://etjanst.sjv.se/hagenpub/rest/base/object/202-580;docs/tuva/sodermanland/objektrapporter/202-580.json
203-NJV;Södermanland;Vingåker;9.66;Bete;2003-08-05;;https://etjanst.sjv.se/tuvaut/?f=&id=203-NJV;https://etjanst.sjv.se/hagenpub/rest/base/object/203-NJV;docs/tuva/sodermanland/objektrapporter/203-NJV.json
206-BYT;Södermanland;Katrineholm;14.0;Bete;2003-07-09;Väsby;https://etjanst.sjv.se/tuvaut/?f=&id=206-BYT;https://etjanst.sjv.se/hagenpub/rest/base/object/206-BYT;docs/tuva/sodermanland/objektrapporter/206-BYT.json
206-XVP;Södermanland;Katrineholm;0.46;Bete;2002-08-13;;https://etjanst.sjv.se/tuvaut/?f=&id=206-XVP;https://etjanst.sjv.se/hagenpub/rest/base/object/206-XVP;docs/tuva/sodermanland/objektrapporter/206-XVP.json
207-EKK;Södermanland;Nyköping;2.69;Bete;2002-08-11;Broby;https://etjanst.sjv.se/tuvaut/?f=&id=207-EKK;https://etjanst.sjv.se/hagenpub/rest/base/object/207-EKK;docs/tuva/sodermanland/objektrapporter/207-EKK.json
207-REH;Södermanland;Eskilstuna;8.67;Bete;2003-07-30;Hällberga;https://etjanst.sjv.se/tuvaut/?f=&id=207-REH;https://etjanst.sjv.se/hagenpub/rest/base/object/207-REH;docs/tuva/sodermanland/objektrapporter/207-REH.json
209-MSG;Södermanland;Gnesta;2.11;Bete;2004-06-22;Lilltorp 4;https://etjanst.sjv.se/tuvaut/?f=&id=209-MSG;https://etjanst.sjv.se/hagenpub/rest/base/object/209-MSG;docs/tuva/sodermanland/objektrapporter/209-MSG.json
20A-LSG;Södermanland;Eskilstuna;3.61;Bete;2002-08-08;Kolsta1;https://etjanst.sjv.se/tuvaut/?f=&id=20A-LSG;https://etjanst.sjv.se/hagenpub/rest/base/object/20A-LSG;docs/tuva/sodermanland/objektrapporter/20A-LSG.json
20A-TBJ;Södermanland;Eskilstuna;21.74;Bete;2003-07-15;Mågla1;https://etjanst.sjv.se/tuvaut/?f=&id=20A-TBJ;https://etjanst.sjv.se/hagenpub/rest/base/object/20A-TBJ;docs/tuva/sodermanland/objektrapporter/20A-TBJ.json
20D-FJP;Södermanland;Gnesta;2.2;Bete;2003-09-12;Dillnäsby 6;https://etjanst.sjv.se/tuvaut/?f=&id=20D-FJP;https://etjanst.sjv.se/hagenpub/rest/base/object/20D-FJP;docs/tuva/sodermanland/objektrapporter/20D-FJP.json
20D-PLX;Södermanland;Katrineholm;6.16;Bete;2003-07-18;Grova 1;https://etjanst.sjv.se/tuvaut/?f=&id=20D-PLX;https://etjanst.sjv.se/hagenpub/rest/base/object/20D-PLX;docs/tuva/sodermanland/objektrapporter/20D-PLX.json
20E-BFN;Södermanland;Flen;2.8;Bete;2003-07-23;Grindstorp 1;https://etjanst.sjv.se/tuvaut/?f=&id=20E-BFN;https://etjanst.sjv.se/hagenpub/rest/base/object/20E-BFN;docs/tuva/sodermanland/objektrapporter/20E-BFN.json
214-600;Södermanland;Nyköping;5.45;Bete;2002-05-29;Stora kungsladugården;https://etjanst.sjv.se/tuvaut/?f=&id=214-600;https://etjanst.sjv.se/hagenpub/rest/base/object/214-600;docs/tuva/sodermanland/objektrapporter/214-600.json
216-WHI;Södermanland;Flen;65.08;Bete;2004-07-14;Ramsberg 3;https://etjanst.sjv.se/tuvaut/?f=&id=216-WHI;https://etjanst.sjv.se/hagenpub/rest/base/object/216-WHI;docs/tuva/sodermanland/objektrapporter/216-WHI.json
217-F80;Södermanland;Nyköping;1.95;Bete;2002-06-18;Gubbkärr;https://etjanst.sjv.se/tuvaut/?f=&id=217-F80;https://etjanst.sjv.se/hagenpub/rest/base/object/217-F80;docs/tuva/sodermanland/objektrapporter/217-F80.json
217-XRK;Södermanland;Nyköping;6.47;Bete;2004-05-05;horsvik;https://etjanst.sjv.se/tuvaut/?f=&id=217-XRK;https://etjanst.sjv.se/hagenpub/rest/base/object/217-XRK;docs/tuva/sodermanland/objektrapporter/217-XRK.json
218-XDE;Södermanland;Nyköping;0.94;Bete;2003-06-03;Farneby 2;https://etjanst.sjv.se/tuvaut/?f=&id=218-XDE;https://etjanst.sjv.se/hagenpub/rest/base/object/218-XDE;docs/tuva/sodermanland/objektrapporter/218-XDE.json
21A-900;Södermanland;Strängnäs;1.75;Bete;2002-06-03;Fjällsta;https://etjanst.sjv.se/tuvaut/?f=&id=21A-900;https://etjanst.sjv.se/hagenpub/rest/base/object/21A-900;docs/tuva/sodermanland/objektrapporter/21A-900.json
21A-VFT;Södermanland;Nyköping;2.84;Bete;2002-08-13;Västra Segersta;https://etjanst.sjv.se/tuvaut/?f=&id=21A-VFT;https://etjanst.sjv.se/hagenpub/rest/base/object/21A-VFT;docs/tuva/sodermanland/objektrapporter/21A-VFT.json
21A-XQJ;Södermanland;Nyköping;3.79;Bete;2004-06-10;Välvesta 3;https://etjanst.sjv.se/tuvaut/?f=&id=21A-XQJ;https://etjanst.sjv.se/hagenpub/rest/base/object/21A-XQJ;docs/tuva/sodermanland/objektrapporter/21A-XQJ.json
21C-CER;Södermanland;Katrineholm;2.33;Bete;2002-09-04;Husby;https://etjanst.sjv.se/tuvaut/?f=&id=21C-CER;https://etjanst.sjv.se/hagenpub/rest/base/object/21C-CER;docs/tuva/sodermanland/objektrapporter/21C-CER.json
21C-ELQ;Södermanland;Gnesta;9.74;Bete;2003-08-13;Solvik 1;https://etjanst.sjv.se/tuvaut/?f=&id=21C-ELQ;https://etjanst.sjv.se/hagenpub/rest/base/object/21C-ELQ;docs/tuva/sodermanland/objektrapporter/21C-ELQ.json
21F-DKP;Södermanland;Gnesta;0.27;Bete;2004-09-16;hammarstugan extra;https://etjanst.sjv.se/tuvaut/?f=&id=21F-DKP;https://etjanst.sjv.se/hagenpub/rest/base/object/21F-DKP;docs/tuva/sodermanland/objektrapporter/21F-DKP.json
222-NLX;Södermanland;Gnesta;2.03;Bete;2004-08-24;?;https://etjanst.sjv.se/tuvaut/?f=&id=222-NLX;https://etjanst.sjv.se/hagenpub/rest/base/object/222-NLX;docs/tuva/sodermanland/objektrapporter/222-NLX.json
224-E80;Södermanland;Nyköping;1.33;Restaurerbar;2002-05-10;;https://etjanst.sjv.se/tuvaut/?f=&id=224-E80;https://etjanst.sjv.se/hagenpub/rest/base/object/224-E80;docs/tuva/sodermanland/objektrapporter/224-E80.json
225-JUV;Södermanland;Katrineholm;3.13;Bete;2003-05-20;Sollida 1;https://etjanst.sjv.se/tuvaut/?f=&id=225-JUV;https://etjanst.sjv.se/hagenpub/rest/base/object/225-JUV;docs/tuva/sodermanland/objektrapporter/225-JUV.json
226-EJB;Södermanland;Flen;2.21;Restaurerbar;2004-08-13;annebäck;https://etjanst.sjv.se/tuvaut/?f=&id=226-EJB;https://etjanst.sjv.se/hagenpub/rest/base/object/226-EJB;docs/tuva/sodermanland/objektrapporter/226-EJB.json
228-EPP;Södermanland;Katrineholm;5.44;Bete;2002-08-01;Bodaholm;https://etjanst.sjv.se/tuvaut/?f=&id=228-EPP;https://etjanst.sjv.se/hagenpub/rest/base/object/228-EPP;docs/tuva/sodermanland/objektrapporter/228-EPP.json
228-ZGX;Södermanland;Nyköping;11.42;Restaurerbar;2002-07-15;Gevle;https://etjanst.sjv.se/tuvaut/?f=&id=228-ZGX;https://etjanst.sjv.se/hagenpub/rest/base/object/228-ZGX;docs/tuva/sodermanland/objektrapporter/228-ZGX.json
229-RCC;Södermanland;Nyköping;0.19;Bete;2004-08-19;Svärtingstorp 2;https://etjanst.sjv.se/tuvaut/?f=&id=229-RCC;https://etjanst.sjv.se/hagenpub/rest/base/object/229-RCC;docs/tuva/sodermanland/objektrapporter/229-RCC.json
22B-XCL;Södermanland;Flen;7.16;Bete;2004-06-30;Jälund 3;https://etjanst.sjv.se/tuvaut/?f=&id=22B-XCL;https://etjanst.sjv.se/hagenpub/rest/base/object/22B-XCL;docs/tuva/sodermanland/objektrapporter/22B-XCL.json
22D-SXU;Södermanland;Flen;3.43;Bete;2004-07-28;bergstorp;https://etjanst.sjv.se/tuvaut/?f=&id=22D-SXU;https://etjanst.sjv.se/hagenpub/rest/base/object/22D-SXU;docs/tuva/sodermanland/objektrapporter/22D-SXU.json
22E-SZE;Södermanland;Strängnäs;4.15;Bete;2002-07-31;Stora Trana2;https://etjanst.sjv.se/tuvaut/?f=&id=22E-SZE;https://etjanst.sjv.se/hagenpub/rest/base/object/22E-SZE;docs/tuva/sodermanland/objektrapporter/22E-SZE.json
22F-PEK;Södermanland;Gnesta;2.44;Bete;2004-06-18;Fräkenvassen 3;https://etjanst.sjv.se/tuvaut/?f=&id=22F-PEK;https://etjanst.sjv.se/hagenpub/rest/base/object/22F-PEK;docs/tuva/sodermanland/objektrapporter/22F-PEK.json
232-ONK;Södermanland;Flen;1.22;Bete;2004-05-19;;https://etjanst.sjv.se/tuvaut/?f=&id=232-ONK;https://etjanst.sjv.se/hagenpub/rest/base/object/232-ONK;docs/tuva/sodermanland/objektrapporter/232-ONK.json
233-SUW;Södermanland;Nyköping;2.18;Bete;2003-06-10;Valla 1;https://etjanst.sjv.se/tuvaut/?f=&id=233-SUW;https://etjanst.sjv.se/hagenpub/rest/base/object/233-SUW;docs/tuva/sodermanland/objektrapporter/233-SUW.json
233-YGI;Södermanland;Trosa;2.63;Bete;2004-09-27;Gälön 1;https://etjanst.sjv.se/tuvaut/?f=&id=233-YGI;https://etjanst.sjv.se/hagenpub/rest/base/object/233-YGI;docs/tuva/sodermanland/objektrapporter/233-YGI.json
234-MTZ;Södermanland;Vingåker;4.29;Bete;2003-08-15;;https://etjanst.sjv.se/tuvaut/?f=&id=234-MTZ;https://etjanst.sjv.se/hagenpub/rest/base/object/234-MTZ;docs/tuva/sodermanland/objektrapporter/234-MTZ.json
234-ZLC;Södermanland;Vingåker;0.95;Bete;2003-09-05;;https://etjanst.sjv.se/tuvaut/?f=&id=234-ZLC;https://etjanst.sjv.se/hagenpub/rest/base/object/234-ZLC;docs/tuva/sodermanland/objektrapporter/234-ZLC.json
235-IUX;Södermanland;Nyköping;0.89;Restaurerbar;2002-08-16;Grytmar;https://etjanst.sjv.se/tuvaut/?f=&id=235-IUX;https://etjanst.sjv.se/hagenpub/rest/base/object/235-IUX;docs/tuva/sodermanland/objektrapporter/235-IUX.json
236-880;Södermanland;Strängnäs;2.36;Bete;2002-05-31;Näsby5;https://etjanst.sjv.se/tuvaut/?f=&id=236-880;https://etjanst.sjv.se/hagenpub/rest/base/object/236-880;docs/tuva/sodermanland/objektrapporter/236-880.json
236-RYJ;Södermanland;Gnesta;14.27;Ej aktuell;2003-08-14;Mjölnartorp 3;https://etjanst.sjv.se/tuvaut/?f=&id=236-RYJ;https://etjanst.sjv.se/hagenpub/rest/base/object/236-RYJ;docs/tuva/sodermanland/objektrapporter/236-RYJ.json
23A-KSU;Södermanland;Flen;1.66;Bete;2004-09-01;torp extra 1;https://etjanst.sjv.se/tuvaut/?f=&id=23A-KSU;https://etjanst.sjv.se/hagenpub/rest/base/object/23A-KSU;docs/tuva/sodermanland/objektrapporter/23A-KSU.json
23A-OVA;Södermanland;Flen;4.19;Bete;2003-10-01;;https://etjanst.sjv.se/tuvaut/?f=&id=23A-OVA;https://etjanst.sjv.se/hagenpub/rest/base/object/23A-OVA;docs/tuva/sodermanland/objektrapporter/23A-OVA.json
23C-JIF;Södermanland;Eskilstuna;1.96;Bete;2003-07-04;Kila;https://etjanst.sjv.se/tuvaut/?f=&id=23C-JIF;https://etjanst.sjv.se/hagenpub/rest/base/object/23C-JIF;docs/tuva/sodermanland/objektrapporter/23C-JIF.json
23C-OMM;Södermanland;Katrineholm;2.72;Bete;2004-06-18;vik 4;https://etjanst.sjv.se/tuvaut/?f=&id=23C-OMM;https://etjanst.sjv.se/hagenpub/rest/base/object/23C-OMM;docs/tuva/sodermanland/objektrapporter/23C-OMM.json
23D-YJP;Södermanland;Flen;1.3;Bete;2003-07-29;;https://etjanst.sjv.se/tuvaut/?f=&id=23D-YJP;https://etjanst.sjv.se/hagenpub/rest/base/object/23D-YJP;docs/tuva/sodermanland/objektrapporter/23D-YJP.json
240-BLI;Södermanland;Gnesta;0.35;Bete;2003-09-29;Viby 7;https://etjanst.sjv.se/tuvaut/?f=&id=240-BLI;https://etjanst.sjv.se/hagenpub/rest/base/object/240-BLI;docs/tuva/sodermanland/objektrapporter/240-BLI.json
241-BIS;Södermanland;Flen;0.39;Ej aktuell;2003-09-03;Klovsten 4;https://etjanst.sjv.se/tuvaut/?f=&id=241-BIS;https://etjanst.sjv.se/hagenpub/rest/base/object/241-BIS;docs/tuva/sodermanland/objektrapporter/241-BIS.json
242-BYI;Södermanland;Nyköping;0.64;Bete;2002-07-18;;https://etjanst.sjv.se/tuvaut/?f=&id=242-BYI;https://etjanst.sjv.se/hagenpub/rest/base/object/242-BYI;docs/tuva/sodermanland/objektrapporter/242-BYI.json
244-FUV;Södermanland;Flen;1.1;Bete;2004-08-04;Kåveta 1;https://etjanst.sjv.se/tuvaut/?f=&id=244-FUV;https://etjanst.sjv.se/hagenpub/rest/base/object/244-FUV;docs/tuva/sodermanland/objektrapporter/244-FUV.json
246-KPG;Södermanland;Nyköping;8.79;Bete;2004-05-10;ramsta 1;https://etjanst.sjv.se/tuvaut/?f=&id=246-KPG;https://etjanst.sjv.se/hagenpub/rest/base/object/246-KPG;docs/tuva/sodermanland/objektrapporter/246-KPG.json
247-ACP;Södermanland;Nyköping;4.76;Bete;2004-06-10;Lindö 2;https://etjanst.sjv.se/tuvaut/?f=&id=247-ACP;https://etjanst.sjv.se/hagenpub/rest/base/object/247-ACP;docs/tuva/sodermanland/objektrapporter/247-ACP.json
247-MAB;Södermanland;Katrineholm;3.43;Bete;2004-05-24;västra vegred  4;https://etjanst.sjv.se/tuvaut/?f=&id=247-MAB;https://etjanst.sjv.se/hagenpub/rest/base/object/247-MAB;docs/tuva/sodermanland/objektrapporter/247-MAB.json
24B-HIM;Södermanland;Gnesta;4.37;Bete;2004-06-02;Lundby 2;https://etjanst.sjv.se/tuvaut/?f=&id=24B-HIM;https://etjanst.sjv.se/hagenpub/rest/base/object/24B-HIM;docs/tuva/sodermanland/objektrapporter/24B-HIM.json
24C-B00;Södermanland;Katrineholm;0.96;Bete;2002-06-26;Hinnäs 5;https://etjanst.sjv.se/tuvaut/?f=&id=24C-B00;https://etjanst.sjv.se/hagenpub/rest/base/object/24C-B00;docs/tuva/sodermanland/objektrapporter/24C-B00.json
24D-XNR;Södermanland;Katrineholm;6.8;Bete;2003-07-03;Segerhult;https://etjanst.sjv.se/tuvaut/?f=&id=24D-XNR;https://etjanst.sjv.se/hagenpub/rest/base/object/24D-XNR;docs/tuva/sodermanland/objektrapporter/24D-XNR.json
24F-AFD;Södermanland;Eskilstuna;3.62;Bete;2003-06-26;Lista4;https://etjanst.sjv.se/tuvaut/?f=&id=24F-AFD;https://etjanst.sjv.se/hagenpub/rest/base/object/24F-AFD;docs/tuva/sodermanland/objektrapporter/24F-AFD.json
24F-C00;Södermanland;Gnesta;0.85;Bete;2002-05-17;Åttersta 1;https://etjanst.sjv.se/tuvaut/?f=&id=24F-C00;https://etjanst.sjv.se/hagenpub/rest/base/object/24F-C00;docs/tuva/sodermanland/objektrapporter/24F-C00.json
24F-JPR;Södermanland;Eskilstuna;11.08;Bete;2002-08-20;Mälhammar;https://etjanst.sjv.se/tuvaut/?f=&id=24F-JPR;https://etjanst.sjv.se/hagenpub/rest/base/object/24F-JPR;docs/tuva/sodermanland/objektrapporter/24F-JPR.json
252-GXR;Södermanland;Vingåker;2.74;Bete;2003-09-06;Sköldnäs 1;https://etjanst.sjv.se/tuvaut/?f=&id=252-GXR;https://etjanst.sjv.se/hagenpub/rest/base/object/252-GXR;docs/tuva/sodermanland/objektrapporter/252-GXR.json
253-JIQ;Södermanland;Gnesta;1.4;Bete;2003-09-11;Dillnäsby 2;https://etjanst.sjv.se/tuvaut/?f=&id=253-JIQ;https://etjanst.sjv.se/hagenpub/rest/base/object/253-JIQ;docs/tuva/sodermanland/objektrapporter/253-JIQ.json
255-NCJ;Södermanland;Katrineholm;9.17;Bete;2004-06-12;himlinge 2;https://etjanst.sjv.se/tuvaut/?f=&id=255-NCJ;https://etjanst.sjv.se/hagenpub/rest/base/object/255-NCJ;docs/tuva/sodermanland/objektrapporter/255-NCJ.json
256-LSL;Södermanland;Nyköping;1.45;Ej aktuell;2004-07-30;Sandvik;https://etjanst.sjv.se/tuvaut/?f=&id=256-LSL;https://etjanst.sjv.se/hagenpub/rest/base/object/256-LSL;docs/tuva/sodermanland/objektrapporter/256-LSL.json
256-RPB;Södermanland;Nyköping;2.93;Bete;2004-06-10;Kesta;https://etjanst.sjv.se/tuvaut/?f=&id=256-RPB;https://etjanst.sjv.se/hagenpub/rest/base/object/256-RPB;docs/tuva/sodermanland/objektrapporter/256-RPB.json
256-YLX;Södermanland;Nyköping;1.0;Bete;2002-07-15;Skena;https://etjanst.sjv.se/tuvaut/?f=&id=256-YLX;https://etjanst.sjv.se/hagenpub/rest/base/object/256-YLX;docs/tuva/sodermanland/objektrapporter/256-YLX.json
257-OMM;Södermanland;Katrineholm;10.2;Bete;2003-09-05;;https://etjanst.sjv.se/tuvaut/?f=&id=257-OMM;https://etjanst.sjv.se/hagenpub/rest/base/object/257-OMM;docs/tuva/sodermanland/objektrapporter/257-OMM.json
259-HNQ;Södermanland;Flen;0.63;Bete;2003-09-30;Storhult4;https://etjanst.sjv.se/tuvaut/?f=&id=259-HNQ;https://etjanst.sjv.se/hagenpub/rest/base/object/259-HNQ;docs/tuva/sodermanland/objektrapporter/259-HNQ.json
25B-HPF;Södermanland;Gnesta;0.24;Bete;2004-09-16;jägerdal 1;https://etjanst.sjv.se/tuvaut/?f=&id=25B-HPF;https://etjanst.sjv.se/hagenpub/rest/base/object/25B-HPF;docs/tuva/sodermanland/objektrapporter/25B-HPF.json
25C-DAP;Södermanland;Flen;4.66;Bete;2003-09-29;Skräddarstugan;https://etjanst.sjv.se/tuvaut/?f=&id=25C-DAP;https://etjanst.sjv.se/hagenpub/rest/base/object/25C-DAP;docs/tuva/sodermanland/objektrapporter/25C-DAP.json
25C-SDJ;Södermanland;Katrineholm;3.56;Bete;2002-09-04;Smedstorp;https://etjanst.sjv.se/tuvaut/?f=&id=25C-SDJ;https://etjanst.sjv.se/hagenpub/rest/base/object/25C-SDJ;docs/tuva/sodermanland/objektrapporter/25C-SDJ.json
25C-TEK;Södermanland;Gnesta;0.94;Bete;2004-06-02;Stensätter 2;https://etjanst.sjv.se/tuvaut/?f=&id=25C-TEK;https://etjanst.sjv.se/hagenpub/rest/base/object/25C-TEK;docs/tuva/sodermanland/objektrapporter/25C-TEK.json
25D-BFN;Södermanland;Gnesta;5.76;Bete;2004-06-28;Lövnäs;https://etjanst.sjv.se/tuvaut/?f=&id=25D-BFN;https://etjanst.sjv.se/hagenpub/rest/base/object/25D-BFN;docs/tuva/sodermanland/objektrapporter/25D-BFN.json
25E-980;Södermanland;Nyköping;6.48;Bete;2002-07-03;Nynäs;https://etjanst.sjv.se/tuvaut/?f=&id=25E-980;https://etjanst.sjv.se/hagenpub/rest/base/object/25E-980;docs/tuva/sodermanland/objektrapporter/25E-980.json
25E-BZW;Södermanland;Flen;1.09;Bete;2004-07-28;hagtorp;https://etjanst.sjv.se/tuvaut/?f=&id=25E-BZW;https://etjanst.sjv.se/hagenpub/rest/base/object/25E-BZW;docs/tuva/sodermanland/objektrapporter/25E-BZW.json
25E-NFW;Södermanland;Eskilstuna;5.13;Restaurerbar;2003-08-01;Mälsäter3;https://etjanst.sjv.se/tuvaut/?f=&id=25E-NFW;https://etjanst.sjv.se/hagenpub/rest/base/object/25E-NFW;docs/tuva/sodermanland/objektrapporter/25E-NFW.json
25F-HSE;Södermanland;Gnesta;0.54;Bete;2003-08-14;Mjölnarstugan 1;https://etjanst.sjv.se/tuvaut/?f=&id=25F-HSE;https://etjanst.sjv.se/hagenpub/rest/base/object/25F-HSE;docs/tuva/sodermanland/objektrapporter/25F-HSE.json
261-EMU;Södermanland;Flen;0.8;Bete;2004-07-09;Helgesta 3;https://etjanst.sjv.se/tuvaut/?f=&id=261-EMU;https://etjanst.sjv.se/hagenpub/rest/base/object/261-EMU;docs/tuva/sodermanland/objektrapporter/261-EMU.json
261-QOI;Södermanland;Katrineholm;0.69;Bete;2003-06-11;Bränntorp 1;https://etjanst.sjv.se/tuvaut/?f=&id=261-QOI;https://etjanst.sjv.se/hagenpub/rest/base/object/261-QOI;docs/tuva/sodermanland/objektrapporter/261-QOI.json
262-GLN;Södermanland;Flen;2.09;Bete;2004-07-14;Ramsberg 2;https://etjanst.sjv.se/tuvaut/?f=&id=262-GLN;https://etjanst.sjv.se/hagenpub/rest/base/object/262-GLN;docs/tuva/sodermanland/objektrapporter/262-GLN.json
262-LGB;Södermanland;Nyköping;7.85;Bete;2004-06-07;Davik 3;https://etjanst.sjv.se/tuvaut/?f=&id=262-LGB;https://etjanst.sjv.se/hagenpub/rest/base/object/262-LGB;docs/tuva/sodermanland/objektrapporter/262-LGB.json
264-ZJQ;Södermanland;Flen;0.57;Bete;2004-07-08;Sparreholm 2;https://etjanst.sjv.se/tuvaut/?f=&id=264-ZJQ;https://etjanst.sjv.se/hagenpub/rest/base/object/264-ZJQ;docs/tuva/sodermanland/objektrapporter/264-ZJQ.json
265-DNO;Södermanland;Gnesta;6.6;Bete;2003-09-17;Norrtuna 1;https://etjanst.sjv.se/tuvaut/?f=&id=265-DNO;https://etjanst.sjv.se/hagenpub/rest/base/object/265-DNO;docs/tuva/sodermanland/objektrapporter/265-DNO.json
266-180;Södermanland;Katrineholm;4.21;Restaurerbar;2002-06-18;;https://etjanst.sjv.se/tuvaut/?f=&id=266-180;https://etjanst.sjv.se/hagenpub/rest/base/object/266-180;docs/tuva/sodermanland/objektrapporter/266-180.json
266-300;Södermanland;Strängnäs;11.0;Bete;2002-06-18;Säby1;https://etjanst.sjv.se/tuvaut/?f=&id=266-300;https://etjanst.sjv.se/hagenpub/rest/base/object/266-300;docs/tuva/sodermanland/objektrapporter/266-300.json
267-LTC;Södermanland;Vingåker;2.16;Bete;2003-08-14;Mogetorp 1;https://etjanst.sjv.se/tuvaut/?f=&id=267-LTC;https://etjanst.sjv.se/hagenpub/rest/base/object/267-LTC;docs/tuva/sodermanland/objektrapporter/267-LTC.json
267-MFZ;Södermanland;Vingåker;0.21;Bete;2003-08-10;Vittorp 2;https://etjanst.sjv.se/tuvaut/?f=&id=267-MFZ;https://etjanst.sjv.se/hagenpub/rest/base/object/267-MFZ;docs/tuva/sodermanland/objektrapporter/267-MFZ.json
268-PMV;Södermanland;Gnesta;1.42;Bete;2004-06-22;Axala 1;https://etjanst.sjv.se/tuvaut/?f=&id=268-PMV;https://etjanst.sjv.se/hagenpub/rest/base/object/268-PMV;docs/tuva/sodermanland/objektrapporter/268-PMV.json
26A-CXT;Södermanland;Katrineholm;2.92;Bete;2002-07-08;Kolberga 5;https://etjanst.sjv.se/tuvaut/?f=&id=26A-CXT;https://etjanst.sjv.se/hagenpub/rest/base/object/26A-CXT;docs/tuva/sodermanland/objektrapporter/26A-CXT.json
26E-E80;Södermanland;Katrineholm;19.59;Bete;2002-06-27;Sörgölet 2;https://etjanst.sjv.se/tuvaut/?f=&id=26E-E80;https://etjanst.sjv.se/hagenpub/rest/base/object/26E-E80;docs/tuva/sodermanland/objektrapporter/26E-E80.json
26F-HOI;Södermanland;Eskilstuna;4.78;Bete;2003-08-01;Tummelsta1;https://etjanst.sjv.se/tuvaut/?f=&id=26F-HOI;https://etjanst.sjv.se/hagenpub/rest/base/object/26F-HOI;docs/tuva/sodermanland/objektrapporter/26F-HOI.json
273-JJX;Södermanland;Flen;2.58;Bete;2004-07-09;Dalkarlstorp;https://etjanst.sjv.se/tuvaut/?f=&id=273-JJX;https://etjanst.sjv.se/hagenpub/rest/base/object/273-JJX;docs/tuva/sodermanland/objektrapporter/273-JJX.json
274-QXQ;Södermanland;Strängnäs;8.01;Bete;2002-08-14;Kvicksta1;https://etjanst.sjv.se/tuvaut/?f=&id=274-QXQ;https://etjanst.sjv.se/hagenpub/rest/base/object/274-QXQ;docs/tuva/sodermanland/objektrapporter/274-QXQ.json
27A-AOD;Södermanland;Vingåker;4.16;Ej aktuell;2003-09-06;;https://etjanst.sjv.se/tuvaut/?f=&id=27A-AOD;https://etjanst.sjv.se/hagenpub/rest/base/object/27A-AOD;docs/tuva/sodermanland/objektrapporter/27A-AOD.json
27B-OIB;Södermanland;Eskilstuna;1.54;Bete;2003-06-23;Brevik1;https://etjanst.sjv.se/tuvaut/?f=&id=27B-OIB;https://etjanst.sjv.se/hagenpub/rest/base/object/27B-OIB;docs/tuva/sodermanland/objektrapporter/27B-OIB.json
27D-CFR;Södermanland;Nyköping;5.7;Bete;2004-06-09;Stene 2;https://etjanst.sjv.se/tuvaut/?f=&id=27D-CFR;https://etjanst.sjv.se/hagenpub/rest/base/object/27D-CFR;docs/tuva/sodermanland/objektrapporter/27D-CFR.json
281-XHI;Södermanland;Nyköping;1.96;Bete;2003-06-26;Gillinge 3;https://etjanst.sjv.se/tuvaut/?f=&id=281-XHI;https://etjanst.sjv.se/hagenpub/rest/base/object/281-XHI;docs/tuva/sodermanland/objektrapporter/281-XHI.json
282-880;Södermanland;Katrineholm;17.17;Restaurerbar;2002-04-19;Sjöholm;https://etjanst.sjv.se/tuvaut/?f=&id=282-880;https://etjanst.sjv.se/hagenpub/rest/base/object/282-880;docs/tuva/sodermanland/objektrapporter/282-880.json
283-NTT;Södermanland;Katrineholm;17.55;Bete;2004-06-02;knutsta 3;https://etjanst.sjv.se/tuvaut/?f=&id=283-NTT;https://etjanst.sjv.se/hagenpub/rest/base/object/283-NTT;docs/tuva/sodermanland/objektrapporter/283-NTT.json
285-700;Södermanland;Katrineholm;0.7;Bete;2002-06-24;Bronäs 1;https://etjanst.sjv.se/tuvaut/?f=&id=285-700;https://etjanst.sjv.se/hagenpub/rest/base/object/285-700;docs/tuva/sodermanland/objektrapporter/285-700.json
286-SCQ;Södermanland;Flen;0.56;Ej aktuell;2004-08-20;Berga 3;https://etjanst.sjv.se/tuvaut/?f=&id=286-SCQ;https://etjanst.sjv.se/hagenpub/rest/base/object/286-SCQ;docs/tuva/sodermanland/objektrapporter/286-SCQ.json
287-XGE;Södermanland;Eskilstuna;0.96;Bete;2003-08-18;Hedensö8;https://etjanst.sjv.se/tuvaut/?f=&id=287-XGE;https://etjanst.sjv.se/hagenpub/rest/base/object/287-XGE;docs/tuva/sodermanland/objektrapporter/287-XGE.json
289-B00;Södermanland;Eskilstuna;7.84;Restaurerbar;2002-04-30;Kroberga-Hagstugan;https://etjanst.sjv.se/tuvaut/?f=&id=289-B00;https://etjanst.sjv.se/hagenpub/rest/base/object/289-B00;docs/tuva/sodermanland/objektrapporter/289-B00.json
289-IWN;Södermanland;Gnesta;3.34;Restaurerbar;2003-08-13;Åbosätter 2;https://etjanst.sjv.se/tuvaut/?f=&id=289-IWN;https://etjanst.sjv.se/hagenpub/rest/base/object/289-IWN;docs/tuva/sodermanland/objektrapporter/289-IWN.json
289-WRH;Södermanland;Katrineholm;9.43;Bete;2004-07-13;v grysta;https://etjanst.sjv.se/tuvaut/?f=&id=289-WRH;https://etjanst.sjv.se/hagenpub/rest/base/object/289-WRH;docs/tuva/sodermanland/objektrapporter/289-WRH.json
28B-E80;Södermanland;Nyköping;4.01;Restaurerbar;2002-04-29;;https://etjanst.sjv.se/tuvaut/?f=&id=28B-E80;https://etjanst.sjv.se/hagenpub/rest/base/object/28B-E80;docs/tuva/sodermanland/objektrapporter/28B-E80.json
28B-NDI;Södermanland;Flen;2.17;Bete;2004-07-19;Johannesnäs 1;https://etjanst.sjv.se/tuvaut/?f=&id=28B-NDI;https://etjanst.sjv.se/hagenpub/rest/base/object/28B-NDI;docs/tuva/sodermanland/objektrapporter/28B-NDI.json
28B-RIQ;Södermanland;Katrineholm;6.08;Bete;2004-07-27;brynstorp 5;https://etjanst.sjv.se/tuvaut/?f=&id=28B-RIQ;https://etjanst.sjv.se/hagenpub/rest/base/object/28B-RIQ;docs/tuva/sodermanland/objektrapporter/28B-RIQ.json
28C-NZC;Södermanland;Nyköping;1.67;Bete;2003-05-19;Råby;https://etjanst.sjv.se/tuvaut/?f=&id=28C-NZC;https://etjanst.sjv.se/hagenpub/rest/base/object/28C-NZC;docs/tuva/sodermanland/objektrapporter/28C-NZC.json
28F-YKS;Södermanland;Trosa;2.8;Bete;2004-05-12;Nyckkelby 1;https://etjanst.sjv.se/tuvaut/?f=&id=28F-YKS;https://etjanst.sjv.se/hagenpub/rest/base/object/28F-YKS;docs/tuva/sodermanland/objektrapporter/28F-YKS.json
290-SQK;Södermanland;Katrineholm;0.85;Bete;2002-08-15;Sörtorp 2;https://etjanst.sjv.se/tuvaut/?f=&id=290-SQK;https://etjanst.sjv.se/hagenpub/rest/base/object/290-SQK;docs/tuva/sodermanland/objektrapporter/290-SQK.json
291-JVY;Södermanland;Flen;8.32;Bete;2003-09-03;;https://etjanst.sjv.se/tuvaut/?f=&id=291-JVY;https://etjanst.sjv.se/hagenpub/rest/base/object/291-JVY;docs/tuva/sodermanland/objektrapporter/291-JVY.json
291-KEX;Södermanland;Katrineholm;1.14;Bete;2002-08-13;Ödesdal 2;https://etjanst.sjv.se/tuvaut/?f=&id=291-KEX;https://etjanst.sjv.se/hagenpub/rest/base/object/291-KEX;docs/tuva/sodermanland/objektrapporter/291-KEX.json
291-UBV;Södermanland;Katrineholm;6.96;Bete;2003-07-08;Källarboda 2;https://etjanst.sjv.se/tuvaut/?f=&id=291-UBV;https://etjanst.sjv.se/hagenpub/rest/base/object/291-UBV;docs/tuva/sodermanland/objektrapporter/291-UBV.json
293-DIU;Södermanland;Nyköping;5.15;Bete;2002-08-15;Hällsätter;https://etjanst.sjv.se/tuvaut/?f=&id=293-DIU;https://etjanst.sjv.se/hagenpub/rest/base/object/293-DIU;docs/tuva/sodermanland/objektrapporter/293-DIU.json
294-EJV;Södermanland;Gnesta;3.34;Bete;2003-09-10;Bondekeby 1;https://etjanst.sjv.se/tuvaut/?f=&id=294-EJV;https://etjanst.sjv.se/hagenpub/rest/base/object/294-EJV;docs/tuva/sodermanland/objektrapporter/294-EJV.json
294-QAD;Södermanland;Katrineholm;3.59;Bete;2003-07-16;Svartbol;https://etjanst.sjv.se/tuvaut/?f=&id=294-QAD;https://etjanst.sjv.se/hagenpub/rest/base/object/294-QAD;docs/tuva/sodermanland/objektrapporter/294-QAD.json
295-OGX;Södermanland;Strängnäs;6.66;Bete;2002-07-31;Källdalen;https://etjanst.sjv.se/tuvaut/?f=&id=295-OGX;https://etjanst.sjv.se/hagenpub/rest/base/object/295-OGX;docs/tuva/sodermanland/objektrapporter/295-OGX.json
296-BHJ;Södermanland;Vingåker;0.71;Bete;2003-08-11;;https://etjanst.sjv.se/tuvaut/?f=&id=296-BHJ;https://etjanst.sjv.se/hagenpub/rest/base/object/296-BHJ;docs/tuva/sodermanland/objektrapporter/296-BHJ.json
297-ABX;Södermanland;Eskilstuna;3.25;Bete;2003-08-29;Husby2;https://etjanst.sjv.se/tuvaut/?f=&id=297-ABX;https://etjanst.sjv.se/hagenpub/rest/base/object/297-ABX;docs/tuva/sodermanland/objektrapporter/297-ABX.json
297-XUX;Södermanland;Flen;1.61;Bete;2003-09-19;Rökärr 1;https://etjanst.sjv.se/tuvaut/?f=&id=297-XUX;https://etjanst.sjv.se/hagenpub/rest/base/object/297-XUX;docs/tuva/sodermanland/objektrapporter/297-XUX.json
298-A00;Södermanland;Katrineholm;5.19;Bete;2002-06-10;Harpebol;https://etjanst.sjv.se/tuvaut/?f=&id=298-A00;https://etjanst.sjv.se/hagenpub/rest/base/object/298-A00;docs/tuva/sodermanland/objektrapporter/298-A00.json
299-WSW;Södermanland;Flen;3.38;Bete;2004-05-18;viby 4;https://etjanst.sjv.se/tuvaut/?f=&id=299-WSW;https://etjanst.sjv.se/hagenpub/rest/base/object/299-WSW;docs/tuva/sodermanland/objektrapporter/299-WSW.json
29A-HCX;Södermanland;Nyköping;1.85;Bete;2003-05-27;Börsta 4;https://etjanst.sjv.se/tuvaut/?f=&id=29A-HCX;https://etjanst.sjv.se/hagenpub/rest/base/object/29A-HCX;docs/tuva/sodermanland/objektrapporter/29A-HCX.json
29B-580;Södermanland;Nyköping;0.19;Bete;2002-07-03;Hultebo;https://etjanst.sjv.se/tuvaut/?f=&id=29B-580;https://etjanst.sjv.se/hagenpub/rest/base/object/29B-580;docs/tuva/sodermanland/objektrapporter/29B-580.json
29D-180;Södermanland;Katrineholm;0.2;Bete;2002-05-29;Simonsbol 5;https://etjanst.sjv.se/tuvaut/?f=&id=29D-180;https://etjanst.sjv.se/hagenpub/rest/base/object/29D-180;docs/tuva/sodermanland/objektrapporter/29D-180.json
29F-NEM;Södermanland;Katrineholm;1.84;Bete;2004-05-27;älvesta 2;https://etjanst.sjv.se/tuvaut/?f=&id=29F-NEM;https://etjanst.sjv.se/hagenpub/rest/base/object/29F-NEM;docs/tuva/sodermanland/objektrapporter/29F-NEM.json
2A0-SBA;Södermanland;Gnesta;1.17;Bete;2003-08-14;Nystugan;https://etjanst.sjv.se/tuvaut/?f=&id=2A0-SBA;https://etjanst.sjv.se/hagenpub/rest/base/object/2A0-SBA;docs/tuva/sodermanland/objektrapporter/2A0-SBA.json
2A2-FJD;Södermanland;Flen;4.0;Bete;2003-09-23;Röl2;https://etjanst.sjv.se/tuvaut/?f=&id=2A2-FJD;https://etjanst.sjv.se/hagenpub/rest/base/object/2A2-FJD;docs/tuva/sodermanland/objektrapporter/2A2-FJD.json
2A2-SVT;Södermanland;Eskilstuna;0.42;Bete;2003-08-12;Heden1;https://etjanst.sjv.se/tuvaut/?f=&id=2A2-SVT;https://etjanst.sjv.se/hagenpub/rest/base/object/2A2-SVT;docs/tuva/sodermanland/objektrapporter/2A2-SVT.json
2A2-SYA;Södermanland;Flen;2.51;Bete;2004-05-26;sittuna 1;https://etjanst.sjv.se/tuvaut/?f=&id=2A2-SYA;https://etjanst.sjv.se/hagenpub/rest/base/object/2A2-SYA;docs/tuva/sodermanland/objektrapporter/2A2-SYA.json
2A3-TYP;Södermanland;Eskilstuna;0.78;Restaurerbar;2004-08-17;Säby 2;https://etjanst.sjv.se/tuvaut/?f=&id=2A3-TYP;https://etjanst.sjv.se/hagenpub/rest/base/object/2A3-TYP;docs/tuva/sodermanland/objektrapporter/2A3-TYP.json
2A4-BVO;Södermanland;Nyköping;2.14;Bete;2004-05-11;gråsta 2;https://etjanst.sjv.se/tuvaut/?f=&id=2A4-BVO;https://etjanst.sjv.se/hagenpub/rest/base/object/2A4-BVO;docs/tuva/sodermanland/objektrapporter/2A4-BVO.json
2A4-OVP;Södermanland;Katrineholm;2.09;Bete;2004-08-30;hissjö;https://etjanst.sjv.se/tuvaut/?f=&id=2A4-OVP;https://etjanst.sjv.se/hagenpub/rest/base/object/2A4-OVP;docs/tuva/sodermanland/objektrapporter/2A4-OVP.json
2AA-YDU;Södermanland;Nyköping;0.84;Bete;2004-05-06;horsvik 4;https://etjanst.sjv.se/tuvaut/?f=&id=2AA-YDU;https://etjanst.sjv.se/hagenpub/rest/base/object/2AA-YDU;docs/tuva/sodermanland/objektrapporter/2AA-YDU.json
2AB-UFG;Södermanland;Nyköping;0.45;Bete;2003-06-06;Stensund 3;https://etjanst.sjv.se/tuvaut/?f=&id=2AB-UFG;https://etjanst.sjv.se/hagenpub/rest/base/object/2AB-UFG;docs/tuva/sodermanland/objektrapporter/2AB-UFG.json
2AC-980;Södermanland;Strängnäs;2.51;Bete;2002-06-14;Waxäng3;https://etjanst.sjv.se/tuvaut/?f=&id=2AC-980;https://etjanst.sjv.se/hagenpub/rest/base/object/2AC-980;docs/tuva/sodermanland/objektrapporter/2AC-980.json
2AC-IOC;Södermanland;Nyköping;18.54;Bete;2004-06-04;Aspa;https://etjanst.sjv.se/tuvaut/?f=&id=2AC-IOC;https://etjanst.sjv.se/hagenpub/rest/base/object/2AC-IOC;docs/tuva/sodermanland/objektrapporter/2AC-IOC.json
2B0-EJB;Södermanland;Flen;2.0;Bete;2003-10-15;;https://etjanst.sjv.se/tuvaut/?f=&id=2B0-EJB;https://etjanst.sjv.se/hagenpub/rest/base/object/2B0-EJB;docs/tuva/sodermanland/objektrapporter/2B0-EJB.json
2B2-CYT;Södermanland;Gnesta;3.81;Bete;2003-09-26;Björnlundagården 2;https://etjanst.sjv.se/tuvaut/?f=&id=2B2-CYT;https://etjanst.sjv.se/hagenpub/rest/base/object/2B2-CYT;docs/tuva/sodermanland/objektrapporter/2B2-CYT.json
2B3-APE;Södermanland;Gnesta;0.66;Bete;2003-09-12;Klövet 1;https://etjanst.sjv.se/tuvaut/?f=&id=2B3-APE;https://etjanst.sjv.se/hagenpub/rest/base/object/2B3-APE;docs/tuva/sodermanland/objektrapporter/2B3-APE.json
2B3-IAR;Södermanland;Katrineholm;0.32;Bete;2004-05-17;östra vegred 4;https://etjanst.sjv.se/tuvaut/?f=&id=2B3-IAR;https://etjanst.sjv.se/hagenpub/rest/base/object/2B3-IAR;docs/tuva/sodermanland/objektrapporter/2B3-IAR.json
2B6-JDI;Södermanland;Eskilstuna;1.38;Bete;2004-07-15;svalbo;https://etjanst.sjv.se/tuvaut/?f=&id=2B6-JDI;https://etjanst.sjv.se/hagenpub/rest/base/object/2B6-JDI;docs/tuva/sodermanland/objektrapporter/2B6-JDI.json
2B7-VLQ;Södermanland;Gnesta;1.46;Bete;2004-06-14;Harlinge 4;https://etjanst.sjv.se/tuvaut/?f=&id=2B7-VLQ;https://etjanst.sjv.se/hagenpub/rest/base/object/2B7-VLQ;docs/tuva/sodermanland/objektrapporter/2B7-VLQ.json
2B7-XEX;Södermanland;Flen;5.33;Bete;2004-08-02;Fållökna/Stenstorp 3;https://etjanst.sjv.se/tuvaut/?f=&id=2B7-XEX;https://etjanst.sjv.se/hagenpub/rest/base/object/2B7-XEX;docs/tuva/sodermanland/objektrapporter/2B7-XEX.json
2BA-680;Södermanland;Strängnäs;2.33;Bete;2002-06-26;Söderårby;https://etjanst.sjv.se/tuvaut/?f=&id=2BA-680;https://etjanst.sjv.se/hagenpub/rest/base/object/2BA-680;docs/tuva/sodermanland/objektrapporter/2BA-680.json
2BB-HMJ;Södermanland;Nyköping;3.52;Bete;2004-08-19;Ingelsta 1;https://etjanst.sjv.se/tuvaut/?f=&id=2BB-HMJ;https://etjanst.sjv.se/hagenpub/rest/base/object/2BB-HMJ;docs/tuva/sodermanland/objektrapporter/2BB-HMJ.json
2BC-BKH;Södermanland;Katrineholm;5.8;Bete;2003-07-03;Hagbyberga 1;https://etjanst.sjv.se/tuvaut/?f=&id=2BC-BKH;https://etjanst.sjv.se/hagenpub/rest/base/object/2BC-BKH;docs/tuva/sodermanland/objektrapporter/2BC-BKH.json
2BD-KVB;Södermanland;Trosa;4.45;Bete;2004-05-07;Litselby 2;https://etjanst.sjv.se/tuvaut/?f=&id=2BD-KVB;https://etjanst.sjv.se/hagenpub/rest/base/object/2BD-KVB;docs/tuva/sodermanland/objektrapporter/2BD-KVB.json
2BE-ZLT;Södermanland;Katrineholm;3.65;Bete;2004-06-03;fors, floda;https://etjanst.sjv.se/tuvaut/?f=&id=2BE-ZLT;https://etjanst.sjv.se/hagenpub/rest/base/object/2BE-ZLT;docs/tuva/sodermanland/objektrapporter/2BE-ZLT.json
2C1-VWV;Södermanland;Nyköping;5.63;Bete;2004-06-03;?;https://etjanst.sjv.se/tuvaut/?f=&id=2C1-VWV;https://etjanst.sjv.se/hagenpub/rest/base/object/2C1-VWV;docs/tuva/sodermanland/objektrapporter/2C1-VWV.json
2C3-ZWX;Södermanland;Flen;1.77;Bete;2003-07-23;Holmen 1;https://etjanst.sjv.se/tuvaut/?f=&id=2C3-ZWX;https://etjanst.sjv.se/hagenpub/rest/base/object/2C3-ZWX;docs/tuva/sodermanland/objektrapporter/2C3-ZWX.json
2C5-KVH;Södermanland;Flen;2.59;Bete;2004-08-03;bronäs;https://etjanst.sjv.se/tuvaut/?f=&id=2C5-KVH;https://etjanst.sjv.se/hagenpub/rest/base/object/2C5-KVH;docs/tuva/sodermanland/objektrapporter/2C5-KVH.json
2C7-AUN;Södermanland;Nyköping;2.81;Bete;2004-06-08;Spelvik 1;https://etjanst.sjv.se/tuvaut/?f=&id=2C7-AUN;https://etjanst.sjv.se/hagenpub/rest/base/object/2C7-AUN;docs/tuva/sodermanland/objektrapporter/2C7-AUN.json
2C8-PUM;Södermanland;Vingåker;5.92;Bete;2003-09-15;;https://etjanst.sjv.se/tuvaut/?f=&id=2C8-PUM;https://etjanst.sjv.se/hagenpub/rest/base/object/2C8-PUM;docs/tuva/sodermanland/objektrapporter/2C8-PUM.json
2CB-PTY;Södermanland;Flen;5.75;Bete;2004-07-07;Valsund 2;https://etjanst.sjv.se/tuvaut/?f=&id=2CB-PTY;https://etjanst.sjv.se/hagenpub/rest/base/object/2CB-PTY;docs/tuva/sodermanland/objektrapporter/2CB-PTY.json
2CC-SRU;Södermanland;Eskilstuna;3.04;Bete;2003-08-18;Fagersnäs2;https://etjanst.sjv.se/tuvaut/?f=&id=2CC-SRU;https://etjanst.sjv.se/hagenpub/rest/base/object/2CC-SRU;docs/tuva/sodermanland/objektrapporter/2CC-SRU.json
2CC-TZZ;Södermanland;Strängnäs;5.35;Bete;2002-07-15;Björnvad2;https://etjanst.sjv.se/tuvaut/?f=&id=2CC-TZZ;https://etjanst.sjv.se/hagenpub/rest/base/object/2CC-TZZ;docs/tuva/sodermanland/objektrapporter/2CC-TZZ.json
2CD-GLD;Södermanland;Katrineholm;6.13;Restaurerbar;2003-06-12;Gryt 3;https://etjanst.sjv.se/tuvaut/?f=&id=2CD-GLD;https://etjanst.sjv.se/hagenpub/rest/base/object/2CD-GLD;docs/tuva/sodermanland/objektrapporter/2CD-GLD.json
2CE-MBC;Södermanland;Nyköping;4.96;Bete;2002-08-15;Hällsätter;https://etjanst.sjv.se/tuvaut/?f=&id=2CE-MBC;https://etjanst.sjv.se/hagenpub/rest/base/object/2CE-MBC;docs/tuva/sodermanland/objektrapporter/2CE-MBC.json
2CF-C80;Södermanland;Strängnäs;1.61;Bete;2002-06-13;Sundby1;https://etjanst.sjv.se/tuvaut/?f=&id=2CF-C80;https://etjanst.sjv.se/hagenpub/rest/base/object/2CF-C80;docs/tuva/sodermanland/objektrapporter/2CF-C80.json
2D0-SKH;Södermanland;Flen;0.25;Bete;2003-09-15;Kvarnängen2;https://etjanst.sjv.se/tuvaut/?f=&id=2D0-SKH;https://etjanst.sjv.se/hagenpub/rest/base/object/2D0-SKH;docs/tuva/sodermanland/objektrapporter/2D0-SKH.json
2D2-SPS;Södermanland;Eskilstuna;1.55;Bete;2003-05-20;Stora Grindhammar1;https://etjanst.sjv.se/tuvaut/?f=&id=2D2-SPS;https://etjanst.sjv.se/hagenpub/rest/base/object/2D2-SPS;docs/tuva/sodermanland/objektrapporter/2D2-SPS.json
2D3-GXG;Södermanland;Katrineholm;3.46;Bete;2003-06-11;Bränntorp 6;https://etjanst.sjv.se/tuvaut/?f=&id=2D3-GXG;https://etjanst.sjv.se/hagenpub/rest/base/object/2D3-GXG;docs/tuva/sodermanland/objektrapporter/2D3-GXG.json
2D3-JBY;Södermanland;Gnesta;4.77;Bete;2004-07-02;Ekeby 1;https://etjanst.sjv.se/tuvaut/?f=&id=2D3-JBY;https://etjanst.sjv.se/hagenpub/rest/base/object/2D3-JBY;docs/tuva/sodermanland/objektrapporter/2D3-JBY.json
2D6-VAR;Södermanland;Eskilstuna;1.12;Bete;2002-08-27;Lund1;https://etjanst.sjv.se/tuvaut/?f=&id=2D6-VAR;https://etjanst.sjv.se/hagenpub/rest/base/object/2D6-VAR;docs/tuva/sodermanland/objektrapporter/2D6-VAR.json
2D8-AGH;Södermanland;Nyköping;0.65;Ej aktuell;2004-08-19;Svärtingstorp 1;https://etjanst.sjv.se/tuvaut/?f=&id=2D8-AGH;https://etjanst.sjv.se/hagenpub/rest/base/object/2D8-AGH;docs/tuva/sodermanland/objektrapporter/2D8-AGH.json
2D9-DIA;Södermanland;Eskilstuna;4.08;Bete;2003-07-04;Stora Västersjö;https://etjanst.sjv.se/tuvaut/?f=&id=2D9-DIA;https://etjanst.sjv.se/hagenpub/rest/base/object/2D9-DIA;docs/tuva/sodermanland/objektrapporter/2D9-DIA.json
2DB-ZMS;Södermanland;Katrineholm;0.39;Bete;2004-08-03;varbro 2;https://etjanst.sjv.se/tuvaut/?f=&id=2DB-ZMS;https://etjanst.sjv.se/hagenpub/rest/base/object/2DB-ZMS;docs/tuva/sodermanland/objektrapporter/2DB-ZMS.json
2DC-KLN;Södermanland;Eskilstuna;4.09;Bete;2002-08-13;Annero1;https://etjanst.sjv.se/tuvaut/?f=&id=2DC-KLN;https://etjanst.sjv.se/hagenpub/rest/base/object/2DC-KLN;docs/tuva/sodermanland/objektrapporter/2DC-KLN.json
2DC-UGJ;Södermanland;Eskilstuna;2.39;Bete;2003-07-07;Kärrtorp;https://etjanst.sjv.se/tuvaut/?f=&id=2DC-UGJ;https://etjanst.sjv.se/hagenpub/rest/base/object/2DC-UGJ;docs/tuva/sodermanland/objektrapporter/2DC-UGJ.json
2DE-FCX;Södermanland;Nyköping;6.25;Bete;2003-06-02;Valingegård 1;https://etjanst.sjv.se/tuvaut/?f=&id=2DE-FCX;https://etjanst.sjv.se/hagenpub/rest/base/object/2DE-FCX;docs/tuva/sodermanland/objektrapporter/2DE-FCX.json
2DE-UWJ;Södermanland;Nyköping;2.48;Bete;2004-05-17;valva 6;https://etjanst.sjv.se/tuvaut/?f=&id=2DE-UWJ;https://etjanst.sjv.se/hagenpub/rest/base/object/2DE-UWJ;docs/tuva/sodermanland/objektrapporter/2DE-UWJ.json
2DF-JHN;Södermanland;Strängnäs;4.64;Bete;2002-08-01;Kalkudden1;https://etjanst.sjv.se/tuvaut/?f=&id=2DF-JHN;https://etjanst.sjv.se/hagenpub/rest/base/object/2DF-JHN;docs/tuva/sodermanland/objektrapporter/2DF-JHN.json
2E0-400;Södermanland;Katrineholm;0.72;Bete;2002-06-24;Strångbäcken 2;https://etjanst.sjv.se/tuvaut/?f=&id=2E0-400;https://etjanst.sjv.se/hagenpub/rest/base/object/2E0-400;docs/tuva/sodermanland/objektrapporter/2E0-400.json
2E1-NLF;Södermanland;Katrineholm;4.81;Bete;2003-07-09;Nybo;https://etjanst.sjv.se/tuvaut/?f=&id=2E1-NLF;https://etjanst.sjv.se/hagenpub/rest/base/object/2E1-NLF;docs/tuva/sodermanland/objektrapporter/2E1-NLF.json
2E1-ULT;Södermanland;Flen;2.17;Bete;2003-07-01;Baggetorp 1;https://etjanst.sjv.se/tuvaut/?f=&id=2E1-ULT;https://etjanst.sjv.se/hagenpub/rest/base/object/2E1-ULT;docs/tuva/sodermanland/objektrapporter/2E1-ULT.json
2E2-KGS;Södermanland;Katrineholm;2.5;Bete;2004-06-14;himlinge 4;https://etjanst.sjv.se/tuvaut/?f=&id=2E2-KGS;https://etjanst.sjv.se/hagenpub/rest/base/object/2E2-KGS;docs/tuva/sodermanland/objektrapporter/2E2-KGS.json
2E3-JIF;Södermanland;Gnesta;3.58;Bete;2004-06-09;Läggesta 1;https://etjanst.sjv.se/tuvaut/?f=&id=2E3-JIF;https://etjanst.sjv.se/hagenpub/rest/base/object/2E3-JIF;docs/tuva/sodermanland/objektrapporter/2E3-JIF.json
2E4-OBE;Södermanland;Eskilstuna;1.61;Bete;2002-08-12;Gällsta5;https://etjanst.sjv.se/tuvaut/?f=&id=2E4-OBE;https://etjanst.sjv.se/hagenpub/rest/base/object/2E4-OBE;docs/tuva/sodermanland/objektrapporter/2E4-OBE.json
2E4-RXX;Södermanland;Nyköping;0.97;Bete;2002-07-08;Jonbengtstorp;https://etjanst.sjv.se/tuvaut/?f=&id=2E4-RXX;https://etjanst.sjv.se/hagenpub/rest/base/object/2E4-RXX;docs/tuva/sodermanland/objektrapporter/2E4-RXX.json
2E5-SFT;Södermanland;Katrineholm;5.79;Bete;2003-09-04;Råd;https://etjanst.sjv.se/tuvaut/?f=&id=2E5-SFT;https://etjanst.sjv.se/hagenpub/rest/base/object/2E5-SFT;docs/tuva/sodermanland/objektrapporter/2E5-SFT.json
2E7-BUN;Södermanland;Eskilstuna;1.02;Bete;2003-05-09;Stora Hult1;https://etjanst.sjv.se/tuvaut/?f=&id=2E7-BUN;https://etjanst.sjv.se/hagenpub/rest/base/object/2E7-BUN;docs/tuva/sodermanland/objektrapporter/2E7-BUN.json
2E9-CPV;Södermanland;Flen;14.27;Bete;2004-06-18;Lagmansö 1;https://etjanst.sjv.se/tuvaut/?f=&id=2E9-CPV;https://etjanst.sjv.se/hagenpub/rest/base/object/2E9-CPV;docs/tuva/sodermanland/objektrapporter/2E9-CPV.json
2EA-UNP;Södermanland;Nyköping;0.46;Bete;2003-06-12;Valsta 3;https://etjanst.sjv.se/tuvaut/?f=&id=2EA-UNP;https://etjanst.sjv.se/hagenpub/rest/base/object/2EA-UNP;docs/tuva/sodermanland/objektrapporter/2EA-UNP.json
2EB-ZJT;Södermanland;Gnesta;4.41;Bete;2004-09-17;näs extra;https://etjanst.sjv.se/tuvaut/?f=&id=2EB-ZJT;https://etjanst.sjv.se/hagenpub/rest/base/object/2EB-ZJT;docs/tuva/sodermanland/objektrapporter/2EB-ZJT.json
2EC-RWT;Södermanland;Flen;9.62;Bete;2004-07-21;harpsund 2;https://etjanst.sjv.se/tuvaut/?f=&id=2EC-RWT;https://etjanst.sjv.se/hagenpub/rest/base/object/2EC-RWT;docs/tuva/sodermanland/objektrapporter/2EC-RWT.json
2EC-ZJM;Södermanland;Nyköping;2.57;Bete;2002-07-09;Stora Marsäng;https://etjanst.sjv.se/tuvaut/?f=&id=2EC-ZJM;https://etjanst.sjv.se/hagenpub/rest/base/object/2EC-ZJM;docs/tuva/sodermanland/objektrapporter/2EC-ZJM.json
2EF-PMQ;Södermanland;Flen;0.57;Ej aktuell;2004-08-20;Skälby 1;https://etjanst.sjv.se/tuvaut/?f=&id=2EF-PMQ;https://etjanst.sjv.se/hagenpub/rest/base/object/2EF-PMQ;docs/tuva/sodermanland/objektrapporter/2EF-PMQ.json
2EF-UTE;Södermanland;Nyköping;1.4;Bete;2003-06-06;Berga 3;https://etjanst.sjv.se/tuvaut/?f=&id=2EF-UTE;https://etjanst.sjv.se/hagenpub/rest/base/object/2EF-UTE;docs/tuva/sodermanland/objektrapporter/2EF-UTE.json
2F0-RCP;Södermanland;Flen;16.5;Bete;2004-06-18;Berga;https://etjanst.sjv.se/tuvaut/?f=&id=2F0-RCP;https://etjanst.sjv.se/hagenpub/rest/base/object/2F0-RCP;docs/tuva/sodermanland/objektrapporter/2F0-RCP.json
2F1-DIA;Södermanland;Nyköping;3.45;Bete;2004-05-11;gråsta 1;https://etjanst.sjv.se/tuvaut/?f=&id=2F1-DIA;https://etjanst.sjv.se/hagenpub/rest/base/object/2F1-DIA;docs/tuva/sodermanland/objektrapporter/2F1-DIA.json
2F1-EOL;Södermanland;Trosa;0.2;Bete;2004-05-18;Överstene 1;https://etjanst.sjv.se/tuvaut/?f=&id=2F1-EOL;https://etjanst.sjv.se/hagenpub/rest/base/object/2F1-EOL;docs/tuva/sodermanland/objektrapporter/2F1-EOL.json
2F1-XQJ;Södermanland;Katrineholm;1.59;Bete;2002-08-12;Gropen;https://etjanst.sjv.se/tuvaut/?f=&id=2F1-XQJ;https://etjanst.sjv.se/hagenpub/rest/base/object/2F1-XQJ;docs/tuva/sodermanland/objektrapporter/2F1-XQJ.json
2F2-BDQ;Södermanland;Katrineholm;6.6;Bete;2002-07-10;Strångholm 1;https://etjanst.sjv.se/tuvaut/?f=&id=2F2-BDQ;https://etjanst.sjv.se/hagenpub/rest/base/object/2F2-BDQ;docs/tuva/sodermanland/objektrapporter/2F2-BDQ.json
2F2-YMN;Södermanland;Nyköping;3.43;Bete;2003-06-13;Horn 7;https://etjanst.sjv.se/tuvaut/?f=&id=2F2-YMN;https://etjanst.sjv.se/hagenpub/rest/base/object/2F2-YMN;docs/tuva/sodermanland/objektrapporter/2F2-YMN.json
2F3-DPV;Södermanland;Katrineholm;0.73;Bete;2002-08-13;Ödesdal 3;https://etjanst.sjv.se/tuvaut/?f=&id=2F3-DPV;https://etjanst.sjv.se/hagenpub/rest/base/object/2F3-DPV;docs/tuva/sodermanland/objektrapporter/2F3-DPV.json
2F3-NTZ;Södermanland;Eskilstuna;1.06;Bete;2003-08-20;Storudden2;https://etjanst.sjv.se/tuvaut/?f=&id=2F3-NTZ;https://etjanst.sjv.se/hagenpub/rest/base/object/2F3-NTZ;docs/tuva/sodermanland/objektrapporter/2F3-NTZ.json
2F3-VCB;Södermanland;Gnesta;5.32;Bete;2004-06-14;Kvegerö 1;https://etjanst.sjv.se/tuvaut/?f=&id=2F3-VCB;https://etjanst.sjv.se/hagenpub/rest/base/object/2F3-VCB;docs/tuva/sodermanland/objektrapporter/2F3-VCB.json
2F4-MJK;Södermanland;Flen;12.64;Bete;2004-08-10;flenmo 2;https://etjanst.sjv.se/tuvaut/?f=&id=2F4-MJK;https://etjanst.sjv.se/hagenpub/rest/base/object/2F4-MJK;docs/tuva/sodermanland/objektrapporter/2F4-MJK.json
2F5-KMO;Södermanland;Eskilstuna;1.04;Bete;2003-07-25;Tandla gård3;https://etjanst.sjv.se/tuvaut/?f=&id=2F5-KMO;https://etjanst.sjv.se/hagenpub/rest/base/object/2F5-KMO;docs/tuva/sodermanland/objektrapporter/2F5-KMO.json
2F7-980;Södermanland;Strängnäs;0.88;Bete;2002-06-17;Åkerby2;https://etjanst.sjv.se/tuvaut/?f=&id=2F7-980;https://etjanst.sjv.se/hagenpub/rest/base/object/2F7-980;docs/tuva/sodermanland/objektrapporter/2F7-980.json
2F7-SEH;Södermanland;Gnesta;0.78;Bete;2003-09-16;Yttervalla 1;https://etjanst.sjv.se/tuvaut/?f=&id=2F7-SEH;https://etjanst.sjv.se/hagenpub/rest/base/object/2F7-SEH;docs/tuva/sodermanland/objektrapporter/2F7-SEH.json
2F8-TYV;Södermanland;Eskilstuna;4.03;Bete;2002-09-23;Lindholm3;https://etjanst.sjv.se/tuvaut/?f=&id=2F8-TYV;https://etjanst.sjv.se/hagenpub/rest/base/object/2F8-TYV;docs/tuva/sodermanland/objektrapporter/2F8-TYV.json
2F9-ACD;Södermanland;Flen;0.29;Bete;2004-08-20;Gnesund 1;https://etjanst.sjv.se/tuvaut/?f=&id=2F9-ACD;https://etjanst.sjv.se/hagenpub/rest/base/object/2F9-ACD;docs/tuva/sodermanland/objektrapporter/2F9-ACD.json
2FB-SJS;Södermanland;Flen;3.78;Bete;2004-06-14;Harlinge 3;https://etjanst.sjv.se/tuvaut/?f=&id=2FB-SJS;https://etjanst.sjv.se/hagenpub/rest/base/object/2FB-SJS;docs/tuva/sodermanland/objektrapporter/2FB-SJS.json
2FC-D00;Södermanland;Strängnäs;10.54;Bete;2002-06-18;Säby2;https://etjanst.sjv.se/tuvaut/?f=&id=2FC-D00;https://etjanst.sjv.se/hagenpub/rest/base/object/2FC-D00;docs/tuva/sodermanland/objektrapporter/2FC-D00.json
2FC-WGV;Södermanland;Gnesta;2.62;Bete;2004-06-04;Rönneberga 2;https://etjanst.sjv.se/tuvaut/?f=&id=2FC-WGV;https://etjanst.sjv.se/hagenpub/rest/base/object/2FC-WGV;docs/tuva/sodermanland/objektrapporter/2FC-WGV.json
2FD-DFS;Södermanland;Strängnäs;2.72;Bete;2002-07-08;Kungsberg2;https://etjanst.sjv.se/tuvaut/?f=&id=2FD-DFS;https://etjanst.sjv.se/hagenpub/rest/base/object/2FD-DFS;docs/tuva/sodermanland/objektrapporter/2FD-DFS.json
2FF-EJU;Södermanland;Katrineholm;1.12;Bete;2004-05-24;eneby 2;https://etjanst.sjv.se/tuvaut/?f=&id=2FF-EJU;https://etjanst.sjv.se/hagenpub/rest/base/object/2FF-EJU;docs/tuva/sodermanland/objektrapporter/2FF-EJU.json
2FF-GMM;Södermanland;Nyköping;2.39;Bete;2003-06-10;Berga 3;https://etjanst.sjv.se/tuvaut/?f=&id=2FF-GMM;https://etjanst.sjv.se/hagenpub/rest/base/object/2FF-GMM;docs/tuva/sodermanland/objektrapporter/2FF-GMM.json
302-380;Södermanland;Strängnäs;1.03;Bete;2002-06-11;Åsa3;https://etjanst.sjv.se/tuvaut/?f=&id=302-380;https://etjanst.sjv.se/hagenpub/rest/base/object/302-380;docs/tuva/sodermanland/objektrapporter/302-380.json
302-XRK;Södermanland;Flen;0.75;Bete;2004-05-19;lena 1;https://etjanst.sjv.se/tuvaut/?f=&id=302-XRK;https://etjanst.sjv.se/hagenpub/rest/base/object/302-XRK;docs/tuva/sodermanland/objektrapporter/302-XRK.json
306-A00;Södermanland;Flen;5.52;Bete;2002-04-25;Vik;https://etjanst.sjv.se/tuvaut/?f=&id=306-A00;https://etjanst.sjv.se/hagenpub/rest/base/object/306-A00;docs/tuva/sodermanland/objektrapporter/306-A00.json
307-XII;Södermanland;Vingåker;0.35;Bete;2003-08-11;;https://etjanst.sjv.se/tuvaut/?f=&id=307-XII;https://etjanst.sjv.se/hagenpub/rest/base/object/307-XII;docs/tuva/sodermanland/objektrapporter/307-XII.json
308-WWQ;Södermanland;Gnesta;2.2;Bete;2004-09-16;njälva extra;https://etjanst.sjv.se/tuvaut/?f=&id=308-WWQ;https://etjanst.sjv.se/hagenpub/rest/base/object/308-WWQ;docs/tuva/sodermanland/objektrapporter/308-WWQ.json
309-WMY;Södermanland;Katrineholm;5.98;Bete;2004-06-15;gustafsvik/grannäs;https://etjanst.sjv.se/tuvaut/?f=&id=309-WMY;https://etjanst.sjv.se/hagenpub/rest/base/object/309-WMY;docs/tuva/sodermanland/objektrapporter/309-WMY.json
30D-300;Södermanland;Trosa;18.26;Bete;2002-05-04;;https://etjanst.sjv.se/tuvaut/?f=&id=30D-300;https://etjanst.sjv.se/hagenpub/rest/base/object/30D-300;docs/tuva/sodermanland/objektrapporter/30D-300.json
30D-GLC;Södermanland;Katrineholm;0.72;Bete;2003-07-09;Hyttan 1;https://etjanst.sjv.se/tuvaut/?f=&id=30D-GLC;https://etjanst.sjv.se/hagenpub/rest/base/object/30D-GLC;docs/tuva/sodermanland/objektrapporter/30D-GLC.json
311-800;Södermanland;Nyköping;0.82;Bete;2002-06-14;Rogsta;https://etjanst.sjv.se/tuvaut/?f=&id=311-800;https://etjanst.sjv.se/hagenpub/rest/base/object/311-800;docs/tuva/sodermanland/objektrapporter/311-800.json
315-CKR;Södermanland;Eskilstuna;1.5;Bete;2003-08-12;Heden2;https://etjanst.sjv.se/tuvaut/?f=&id=315-CKR;https://etjanst.sjv.se/hagenpub/rest/base/object/315-CKR;docs/tuva/sodermanland/objektrapporter/315-CKR.json
315-XJM;Södermanland;Nyköping;2.04;Bete;2003-05-27;Tiggesta;https://etjanst.sjv.se/tuvaut/?f=&id=315-XJM;https://etjanst.sjv.se/hagenpub/rest/base/object/315-XJM;docs/tuva/sodermanland/objektrapporter/315-XJM.json
316-CVX;Södermanland;Gnesta;1.23;Bete;2003-09-10;Blacksta 1;https://etjanst.sjv.se/tuvaut/?f=&id=316-CVX;https://etjanst.sjv.se/hagenpub/rest/base/object/316-CVX;docs/tuva/sodermanland/objektrapporter/316-CVX.json
31B-380;Södermanland;Nyköping;1.43;Restaurerbar;2002-07-04;Måstena;https://etjanst.sjv.se/tuvaut/?f=&id=31B-380;https://etjanst.sjv.se/hagenpub/rest/base/object/31B-380;docs/tuva/sodermanland/objektrapporter/31B-380.json
31B-980;Södermanland;Nyköping;0.72;Restaurerbar;2002-06-26;Veda;https://etjanst.sjv.se/tuvaut/?f=&id=31B-980;https://etjanst.sjv.se/hagenpub/rest/base/object/31B-980;docs/tuva/sodermanland/objektrapporter/31B-980.json
31C-600;Södermanland;Nyköping;4.61;Bete;2023-09-29;Daltorp 1;https://etjanst.sjv.se/tuvaut/?f=&id=31C-600;https://etjanst.sjv.se/hagenpub/rest/base/object/31C-600;docs/tuva/sodermanland/objektrapporter/31C-600.json
31C-STS;Södermanland;Nyköping;0.76;Bete;2003-09-10;Harsta 2;https://etjanst.sjv.se/tuvaut/?f=&id=31C-STS;https://etjanst.sjv.se/hagenpub/rest/base/object/31C-STS;docs/tuva/sodermanland/objektrapporter/31C-STS.json
31C-TPT;Södermanland;Nyköping;0.19;Bete;2003-06-26;Sättra 2;https://etjanst.sjv.se/tuvaut/?f=&id=31C-TPT;https://etjanst.sjv.se/hagenpub/rest/base/object/31C-TPT;docs/tuva/sodermanland/objektrapporter/31C-TPT.json
31E-LPK;Södermanland;Flen;1.35;Bete;2004-07-12;Hagstugan 1;https://etjanst.sjv.se/tuvaut/?f=&id=31E-LPK;https://etjanst.sjv.se/hagenpub/rest/base/object/31E-LPK;docs/tuva/sodermanland/objektrapporter/31E-LPK.json
31F-F80;Södermanland;Strängnäs;1.14;Bete;2002-06-07;Tynnelsö gård3;https://etjanst.sjv.se/tuvaut/?f=&id=31F-F80;https://etjanst.sjv.se/hagenpub/rest/base/object/31F-F80;docs/tuva/sodermanland/objektrapporter/31F-F80.json
31F-SXC;Södermanland;Katrineholm;4.56;Bete;2004-07-12;ö grysta 4;https://etjanst.sjv.se/tuvaut/?f=&id=31F-SXC;https://etjanst.sjv.se/hagenpub/rest/base/object/31F-SXC;docs/tuva/sodermanland/objektrapporter/31F-SXC.json
320-CHZ;Södermanland;Strängnäs;2.44;Bete;2004-08-25;Sörby;https://etjanst.sjv.se/tuvaut/?f=&id=320-CHZ;https://etjanst.sjv.se/hagenpub/rest/base/object/320-CHZ;docs/tuva/sodermanland/objektrapporter/320-CHZ.json
320-GYW;Södermanland;Katrineholm;17.32;Bete;2003-09-12;Julita 4;https://etjanst.sjv.se/tuvaut/?f=&id=320-GYW;https://etjanst.sjv.se/hagenpub/rest/base/object/320-GYW;docs/tuva/sodermanland/objektrapporter/320-GYW.json
322-QKD;Södermanland;Katrineholm;6.93;Bete;2002-08-06;;https://etjanst.sjv.se/tuvaut/?f=&id=322-QKD;https://etjanst.sjv.se/hagenpub/rest/base/object/322-QKD;docs/tuva/sodermanland/objektrapporter/322-QKD.json
323-CBE;Södermanland;Flen;1.71;Bete;2004-09-15;broby extra 2;https://etjanst.sjv.se/tuvaut/?f=&id=323-CBE;https://etjanst.sjv.se/hagenpub/rest/base/object/323-CBE;docs/tuva/sodermanland/objektrapporter/323-CBE.json
325-400;Södermanland;Strängnäs;10.36;Bete;2002-06-25;Edeby1;https://etjanst.sjv.se/tuvaut/?f=&id=325-400;https://etjanst.sjv.se/hagenpub/rest/base/object/325-400;docs/tuva/sodermanland/objektrapporter/325-400.json
325-JTI;Södermanland;Nyköping;10.36;Restaurerbar;2002-07-19;;https://etjanst.sjv.se/tuvaut/?f=&id=325-JTI;https://etjanst.sjv.se/hagenpub/rest/base/object/325-JTI;docs/tuva/sodermanland/objektrapporter/325-JTI.json
326-FXO;Södermanland;Nyköping;0.85;Bete;2003-05-21;Tallstugan;https://etjanst.sjv.se/tuvaut/?f=&id=326-FXO;https://etjanst.sjv.se/hagenpub/rest/base/object/326-FXO;docs/tuva/sodermanland/objektrapporter/326-FXO.json
326-REL;Södermanland;Strängnäs;20.45;Bete;2002-08-14;Åby;https://etjanst.sjv.se/tuvaut/?f=&id=326-REL;https://etjanst.sjv.se/hagenpub/rest/base/object/326-REL;docs/tuva/sodermanland/objektrapporter/326-REL.json
328-CKG;Södermanland;Katrineholm;1.03;Bete;2004-07-20;röudden 2;https://etjanst.sjv.se/tuvaut/?f=&id=328-CKG;https://etjanst.sjv.se/hagenpub/rest/base/object/328-CKG;docs/tuva/sodermanland/objektrapporter/328-CKG.json
32A-OAD;Södermanland;Nyköping;0.48;Bete;2002-07-10;Kärrboda;https://etjanst.sjv.se/tuvaut/?f=&id=32A-OAD;https://etjanst.sjv.se/hagenpub/rest/base/object/32A-OAD;docs/tuva/sodermanland/objektrapporter/32A-OAD.json
32C-JOG;Södermanland;Eskilstuna;1.13;Bete;2002-09-20;Fäboda3;https://etjanst.sjv.se/tuvaut/?f=&id=32C-JOG;https://etjanst.sjv.se/hagenpub/rest/base/object/32C-JOG;docs/tuva/sodermanland/objektrapporter/32C-JOG.json
32C-NMJ;Södermanland;Flen;6.45;Bete;2004-07-13;Sparreholm 7;https://etjanst.sjv.se/tuvaut/?f=&id=32C-NMJ;https://etjanst.sjv.se/hagenpub/rest/base/object/32C-NMJ;docs/tuva/sodermanland/objektrapporter/32C-NMJ.json
330-TMO;Södermanland;Nyköping;1.12;Bete;2003-05-22;Ullevi;https://etjanst.sjv.se/tuvaut/?f=&id=330-TMO;https://etjanst.sjv.se/hagenpub/rest/base/object/330-TMO;docs/tuva/sodermanland/objektrapporter/330-TMO.json
331-OTZ;Södermanland;Flen;4.16;Bete;2003-07-25;Åkerö 1;https://etjanst.sjv.se/tuvaut/?f=&id=331-OTZ;https://etjanst.sjv.se/hagenpub/rest/base/object/331-OTZ;docs/tuva/sodermanland/objektrapporter/331-OTZ.json
337-SBZ;Södermanland;Katrineholm;14.76;Bete;2003-06-06;Viksätter 2;https://etjanst.sjv.se/tuvaut/?f=&id=337-SBZ;https://etjanst.sjv.se/hagenpub/rest/base/object/337-SBZ;docs/tuva/sodermanland/objektrapporter/337-SBZ.json
33A-000;Södermanland;Nyköping;1.43;Bete;2002-07-03;Grytberga;https://etjanst.sjv.se/tuvaut/?f=&id=33A-000;https://etjanst.sjv.se/hagenpub/rest/base/object/33A-000;docs/tuva/sodermanland/objektrapporter/33A-000.json
33B-KYD;Södermanland;Trosa;15.85;Bete;2004-05-26;Nora 1;https://etjanst.sjv.se/tuvaut/?f=&id=33B-KYD;https://etjanst.sjv.se/hagenpub/rest/base/object/33B-KYD;docs/tuva/sodermanland/objektrapporter/33B-KYD.json
33D-QRC;Södermanland;Vingåker;5.98;Bete;2003-08-05;;https://etjanst.sjv.se/tuvaut/?f=&id=33D-QRC;https://etjanst.sjv.se/hagenpub/rest/base/object/33D-QRC;docs/tuva/sodermanland/objektrapporter/33D-QRC.json
33E-QBH;Södermanland;Flen;3.54;Bete;2003-09-01;Grinda 4;https://etjanst.sjv.se/tuvaut/?f=&id=33E-QBH;https://etjanst.sjv.se/hagenpub/rest/base/object/33E-QBH;docs/tuva/sodermanland/objektrapporter/33E-QBH.json
33F-NUZ;Södermanland;Flen;1.06;Bete;2003-09-22;;https://etjanst.sjv.se/tuvaut/?f=&id=33F-NUZ;https://etjanst.sjv.se/hagenpub/rest/base/object/33F-NUZ;docs/tuva/sodermanland/objektrapporter/33F-NUZ.json
340-100;Södermanland;Nyköping;3.98;Bete;2002-07-03;Nynäs, Skälsnäs;https://etjanst.sjv.se/tuvaut/?f=&id=340-100;https://etjanst.sjv.se/hagenpub/rest/base/object/340-100;docs/tuva/sodermanland/objektrapporter/340-100.json
341-TEQ;Södermanland;Trosa;19.65;Restaurerbar;2002-07-17;Askö;https://etjanst.sjv.se/tuvaut/?f=&id=341-TEQ;https://etjanst.sjv.se/hagenpub/rest/base/object/341-TEQ;docs/tuva/sodermanland/objektrapporter/341-TEQ.json
342-RNF;Södermanland;Gnesta;4.08;Bete;2004-06-18;Askartorp 1;https://etjanst.sjv.se/tuvaut/?f=&id=342-RNF;https://etjanst.sjv.se/hagenpub/rest/base/object/342-RNF;docs/tuva/sodermanland/objektrapporter/342-RNF.json
344-NTB;Södermanland;Gnesta;3.61;Bete;2004-06-07;Mälby 1;https://etjanst.sjv.se/tuvaut/?f=&id=344-NTB;https://etjanst.sjv.se/hagenpub/rest/base/object/344-NTB;docs/tuva/sodermanland/objektrapporter/344-NTB.json
345-DBV;Södermanland;Nyköping;8.73;Bete;2004-06-10;Edeby;https://etjanst.sjv.se/tuvaut/?f=&id=345-DBV;https://etjanst.sjv.se/hagenpub/rest/base/object/345-DBV;docs/tuva/sodermanland/objektrapporter/345-DBV.json
345-SOB;Södermanland;Strängnäs;1.52;Restaurerbar;2002-08-06;Herresta5;https://etjanst.sjv.se/tuvaut/?f=&id=345-SOB;https://etjanst.sjv.se/hagenpub/rest/base/object/345-SOB;docs/tuva/sodermanland/objektrapporter/345-SOB.json
346-YDU;Södermanland;Katrineholm;0.44;Bete;2002-08-13;Ödesdal 1;https://etjanst.sjv.se/tuvaut/?f=&id=346-YDU;https://etjanst.sjv.se/hagenpub/rest/base/object/346-YDU;docs/tuva/sodermanland/objektrapporter/346-YDU.json
347-DXC;Södermanland;Flen;2.73;Bete;2003-09-18;Kulla2;https://etjanst.sjv.se/tuvaut/?f=&id=347-DXC;https://etjanst.sjv.se/hagenpub/rest/base/object/347-DXC;docs/tuva/sodermanland/objektrapporter/347-DXC.json
347-XVB;Södermanland;Nyköping;6.51;Bete;2019-05-13;Horn 4;https://etjanst.sjv.se/tuvaut/?f=&id=347-XVB;https://etjanst.sjv.se/hagenpub/rest/base/object/347-XVB;docs/tuva/sodermanland/objektrapporter/347-XVB.json
348-WAF;Södermanland;Flen;0.88;Bete;2003-09-10;Händö1;https://etjanst.sjv.se/tuvaut/?f=&id=348-WAF;https://etjanst.sjv.se/hagenpub/rest/base/object/348-WAF;docs/tuva/sodermanland/objektrapporter/348-WAF.json
349-180;Södermanland;Strängnäs;0.75;Bete;2002-06-23;Botholm2;https://etjanst.sjv.se/tuvaut/?f=&id=349-180;https://etjanst.sjv.se/hagenpub/rest/base/object/349-180;docs/tuva/sodermanland/objektrapporter/349-180.json
349-CTB;Södermanland;Katrineholm;1.83;Bete;2002-07-10;Ladäng;https://etjanst.sjv.se/tuvaut/?f=&id=349-CTB;https://etjanst.sjv.se/hagenpub/rest/base/object/349-CTB;docs/tuva/sodermanland/objektrapporter/349-CTB.json
34B-SYZ;Södermanland;Nyköping;0.32;Bete;2004-08-25;Tallstugan 3;https://etjanst.sjv.se/tuvaut/?f=&id=34B-SYZ;https://etjanst.sjv.se/hagenpub/rest/base/object/34B-SYZ;docs/tuva/sodermanland/objektrapporter/34B-SYZ.json
34D-AYSD;Södermanland;Gnesta;1.95;Bete;2004-10-15;Fräkenvassen;https://etjanst.sjv.se/tuvaut/?f=&id=34D-AYSD;https://etjanst.sjv.se/hagenpub/rest/base/object/34D-AYSD;docs/tuva/sodermanland/objektrapporter/34D-AYSD.json
34D-E00;Södermanland;Strängnäs;5.18;Bete;2002-06-24;Rosendal1;https://etjanst.sjv.se/tuvaut/?f=&id=34D-E00;https://etjanst.sjv.se/hagenpub/rest/base/object/34D-E00;docs/tuva/sodermanland/objektrapporter/34D-E00.json
34D-NAN;Södermanland;Nyköping;1.8;Bete;2004-06-05;Västra Malma;https://etjanst.sjv.se/tuvaut/?f=&id=34D-NAN;https://etjanst.sjv.se/hagenpub/rest/base/object/34D-NAN;docs/tuva/sodermanland/objektrapporter/34D-NAN.json
34D-TNG;Södermanland;Katrineholm;1.17;Bete;2004-07-27;brynstorp 3;https://etjanst.sjv.se/tuvaut/?f=&id=34D-TNG;https://etjanst.sjv.se/hagenpub/rest/base/object/34D-TNG;docs/tuva/sodermanland/objektrapporter/34D-TNG.json
34E-MNJ;Södermanland;Vingåker;3.12;Bete;2003-08-08;Munketorp 1;https://etjanst.sjv.se/tuvaut/?f=&id=34E-MNJ;https://etjanst.sjv.se/hagenpub/rest/base/object/34E-MNJ;docs/tuva/sodermanland/objektrapporter/34E-MNJ.json
34E-OLG;Södermanland;Strängnäs;14.89;Bete;2002-07-17;Hasta1;https://etjanst.sjv.se/tuvaut/?f=&id=34E-OLG;https://etjanst.sjv.se/hagenpub/rest/base/object/34E-OLG;docs/tuva/sodermanland/objektrapporter/34E-OLG.json
34F-680;Södermanland;Nyköping;0.14;Bete;2002-07-03;Kungstorp;https://etjanst.sjv.se/tuvaut/?f=&id=34F-680;https://etjanst.sjv.se/hagenpub/rest/base/object/34F-680;docs/tuva/sodermanland/objektrapporter/34F-680.json
34F-BAI;Södermanland;Flen;1.52;Bete;2004-08-12;flenmo 1:2, 3;https://etjanst.sjv.se/tuvaut/?f=&id=34F-BAI;https://etjanst.sjv.se/hagenpub/rest/base/object/34F-BAI;docs/tuva/sodermanland/objektrapporter/34F-BAI.json
350-BHH;Södermanland;Eskilstuna;6.41;Bete;2002-08-13;Övre Gärtre3;https://etjanst.sjv.se/tuvaut/?f=&id=350-BHH;https://etjanst.sjv.se/hagenpub/rest/base/object/350-BHH;docs/tuva/sodermanland/objektrapporter/350-BHH.json
350-ZLO;Södermanland;Nyköping;2.61;Bete;2003-06-06;Stensund 1;https://etjanst.sjv.se/tuvaut/?f=&id=350-ZLO;https://etjanst.sjv.se/hagenpub/rest/base/object/350-ZLO;docs/tuva/sodermanland/objektrapporter/350-ZLO.json
353-TND;Södermanland;Katrineholm;8.02;Bete;2004-06-09;lagmansö 2;https://etjanst.sjv.se/tuvaut/?f=&id=353-TND;https://etjanst.sjv.se/hagenpub/rest/base/object/353-TND;docs/tuva/sodermanland/objektrapporter/353-TND.json
354-YYS;Södermanland;Strängnäs;0.41;Bete;2003-09-05;Krusstugan2;https://etjanst.sjv.se/tuvaut/?f=&id=354-YYS;https://etjanst.sjv.se/hagenpub/rest/base/object/354-YYS;docs/tuva/sodermanland/objektrapporter/354-YYS.json
356-KNV;Södermanland;Nyköping;1.14;Bete;2002-07-13;Lillkällsstugan;https://etjanst.sjv.se/tuvaut/?f=&id=356-KNV;https://etjanst.sjv.se/hagenpub/rest/base/object/356-KNV;docs/tuva/sodermanland/objektrapporter/356-KNV.json
356-UVF;Södermanland;Flen;0.79;Bete;2004-08-06;vik 2;https://etjanst.sjv.se/tuvaut/?f=&id=356-UVF;https://etjanst.sjv.se/hagenpub/rest/base/object/356-UVF;docs/tuva/sodermanland/objektrapporter/356-UVF.json
358-180;Södermanland;Katrineholm;1.58;Bete;2002-06-25;Bronäs 3;https://etjanst.sjv.se/tuvaut/?f=&id=358-180;https://etjanst.sjv.se/hagenpub/rest/base/object/358-180;docs/tuva/sodermanland/objektrapporter/358-180.json
358-IST;Södermanland;Eskilstuna;3.58;Bete;2003-06-26;Lista3;https://etjanst.sjv.se/tuvaut/?f=&id=358-IST;https://etjanst.sjv.se/hagenpub/rest/base/object/358-IST;docs/tuva/sodermanland/objektrapporter/358-IST.json
359-JZD;Södermanland;Flen;4.94;Bete;2004-05-18;viby 2;https://etjanst.sjv.se/tuvaut/?f=&id=359-JZD;https://etjanst.sjv.se/hagenpub/rest/base/object/359-JZD;docs/tuva/sodermanland/objektrapporter/359-JZD.json
35C-AEQ;Södermanland;Gnesta;3.02;Bete;2003-08-14;Öllösa;https://etjanst.sjv.se/tuvaut/?f=&id=35C-AEQ;https://etjanst.sjv.se/hagenpub/rest/base/object/35C-AEQ;docs/tuva/sodermanland/objektrapporter/35C-AEQ.json
35C-GNG;Södermanland;Trosa;0.24;Bete;2004-05-12;;https://etjanst.sjv.se/tuvaut/?f=&id=35C-GNG;https://etjanst.sjv.se/hagenpub/rest/base/object/35C-GNG;docs/tuva/sodermanland/objektrapporter/35C-GNG.json
35C-VUX;Södermanland;Gnesta;1.97;Bete;2004-07-01;Önnersta 2;https://etjanst.sjv.se/tuvaut/?f=&id=35C-VUX;https://etjanst.sjv.se/hagenpub/rest/base/object/35C-VUX;docs/tuva/sodermanland/objektrapporter/35C-VUX.json
35E-480;Södermanland;Trosa;22.0;Bete;2002-06-07;Södra Klacka;https://etjanst.sjv.se/tuvaut/?f=&id=35E-480;https://etjanst.sjv.se/hagenpub/rest/base/object/35E-480;docs/tuva/sodermanland/objektrapporter/35E-480.json
35F-SFT;Södermanland;Katrineholm;1.39;Bete;2004-06-30;rosendal;https://etjanst.sjv.se/tuvaut/?f=&id=35F-SFT;https://etjanst.sjv.se/hagenpub/rest/base/object/35F-SFT;docs/tuva/sodermanland/objektrapporter/35F-SFT.json
35F-VHK;Södermanland;Eskilstuna;5.22;Bete;2002-08-20;Prästgården2;https://etjanst.sjv.se/tuvaut/?f=&id=35F-VHK;https://etjanst.sjv.se/hagenpub/rest/base/object/35F-VHK;docs/tuva/sodermanland/objektrapporter/35F-VHK.json
361-ULU;Södermanland;Nyköping;4.09;Bete;2003-05-19;Stensnäs 2;https://etjanst.sjv.se/tuvaut/?f=&id=361-ULU;https://etjanst.sjv.se/hagenpub/rest/base/object/361-ULU;docs/tuva/sodermanland/objektrapporter/361-ULU.json
362-100;Södermanland;Katrineholm;0.91;Bete;2002-06-27;Sörgölet 3;https://etjanst.sjv.se/tuvaut/?f=&id=362-100;https://etjanst.sjv.se/hagenpub/rest/base/object/362-100;docs/tuva/sodermanland/objektrapporter/362-100.json
362-UBA;Södermanland;Flen;0.57;Ej aktuell;2004-08-20;Årdala;https://etjanst.sjv.se/tuvaut/?f=&id=362-UBA;https://etjanst.sjv.se/hagenpub/rest/base/object/362-UBA;docs/tuva/sodermanland/objektrapporter/362-UBA.json
365-180;Södermanland;Strängnäs;4.2;Bete;2023-08-18;Fröberga;https://etjanst.sjv.se/tuvaut/?f=&id=365-180;https://etjanst.sjv.se/hagenpub/rest/base/object/365-180;docs/tuva/sodermanland/objektrapporter/365-180.json
365-RGO;Södermanland;Trosa;7.91;Bete;2002-07-17;Askö;https://etjanst.sjv.se/tuvaut/?f=&id=365-RGO;https://etjanst.sjv.se/hagenpub/rest/base/object/365-RGO;docs/tuva/sodermanland/objektrapporter/365-RGO.json
365-WFC;Södermanland;Gnesta;0.8;Bete;2003-09-17;Bondhälla 1;https://etjanst.sjv.se/tuvaut/?f=&id=365-WFC;https://etjanst.sjv.se/hagenpub/rest/base/object/365-WFC;docs/tuva/sodermanland/objektrapporter/365-WFC.json
366-WGJ;Södermanland;Flen;0.93;Bete;2004-08-31;mälby 1;https://etjanst.sjv.se/tuvaut/?f=&id=366-WGJ;https://etjanst.sjv.se/hagenpub/rest/base/object/366-WGJ;docs/tuva/sodermanland/objektrapporter/366-WGJ.json
367-A00;Södermanland;Strängnäs;2.68;Restaurerbar;2002-06-25;Edeby3;https://etjanst.sjv.se/tuvaut/?f=&id=367-A00;https://etjanst.sjv.se/hagenpub/rest/base/object/367-A00;docs/tuva/sodermanland/objektrapporter/367-A00.json
367-BDW;Södermanland;Nyköping;0.46;Bete;2002-09-04;Backa, Björksund;https://etjanst.sjv.se/tuvaut/?f=&id=367-BDW;https://etjanst.sjv.se/hagenpub/rest/base/object/367-BDW;docs/tuva/sodermanland/objektrapporter/367-BDW.json
367-BJR;Södermanland;Flen;3.44;Bete;2003-07-22;Knutstorp;https://etjanst.sjv.se/tuvaut/?f=&id=367-BJR;https://etjanst.sjv.se/hagenpub/rest/base/object/367-BJR;docs/tuva/sodermanland/objektrapporter/367-BJR.json
368-MLID;Södermanland;Gnesta;0.81;Bete;2004-08-24;?;https://etjanst.sjv.se/tuvaut/?f=&id=368-MLID;https://etjanst.sjv.se/hagenpub/rest/base/object/368-MLID;docs/tuva/sodermanland/objektrapporter/368-MLID.json
36A-DKP;Södermanland;Nyköping;1.29;Bete;2004-07-30;Lundby 2;https://etjanst.sjv.se/tuvaut/?f=&id=36A-DKP;https://etjanst.sjv.se/hagenpub/rest/base/object/36A-DKP;docs/tuva/sodermanland/objektrapporter/36A-DKP.json
36C-SSS;Södermanland;Flen;1.27;Bete;2004-06-21;Västra Forrsa 1;https://etjanst.sjv.se/tuvaut/?f=&id=36C-SSS;https://etjanst.sjv.se/hagenpub/rest/base/object/36C-SSS;docs/tuva/sodermanland/objektrapporter/36C-SSS.json
36D-C00;Södermanland;Nyköping;0.21;Restaurerbar;2002-07-01;Nysäter;https://etjanst.sjv.se/tuvaut/?f=&id=36D-C00;https://etjanst.sjv.se/hagenpub/rest/base/object/36D-C00;docs/tuva/sodermanland/objektrapporter/36D-C00.json
36E-VOE;Södermanland;Katrineholm;3.25;Bete;2003-07-08;Djupan-Boda 2;https://etjanst.sjv.se/tuvaut/?f=&id=36E-VOE;https://etjanst.sjv.se/hagenpub/rest/base/object/36E-VOE;docs/tuva/sodermanland/objektrapporter/36E-VOE.json
36E-XEP;Södermanland;Katrineholm;4.29;Bete;2004-06-09;lagmansö, sund 1;https://etjanst.sjv.se/tuvaut/?f=&id=36E-XEP;https://etjanst.sjv.se/hagenpub/rest/base/object/36E-XEP;docs/tuva/sodermanland/objektrapporter/36E-XEP.json
370-POQ;Södermanland;Eskilstuna;7.17;Bete;2003-06-27;Berga-Lista3;https://etjanst.sjv.se/tuvaut/?f=&id=370-POQ;https://etjanst.sjv.se/hagenpub/rest/base/object/370-POQ;docs/tuva/sodermanland/objektrapporter/370-POQ.json
370-RDO;Södermanland;Nyköping;1.34;Bete;2002-07-18;Torkelstorp;https://etjanst.sjv.se/tuvaut/?f=&id=370-RDO;https://etjanst.sjv.se/hagenpub/rest/base/object/370-RDO;docs/tuva/sodermanland/objektrapporter/370-RDO.json
370-TVR;Södermanland;Strängnäs;3.1;Bete;2004-08-25;Nursa 1;https://etjanst.sjv.se/tuvaut/?f=&id=370-TVR;https://etjanst.sjv.se/hagenpub/rest/base/object/370-TVR;docs/tuva/sodermanland/objektrapporter/370-TVR.json
371-ZMP;Södermanland;Strängnäs;0.84;Bete;2002-07-08;Kungsberg5;https://etjanst.sjv.se/tuvaut/?f=&id=371-ZMP;https://etjanst.sjv.se/hagenpub/rest/base/object/371-ZMP;docs/tuva/sodermanland/objektrapporter/371-ZMP.json
373-LNO;Södermanland;Katrineholm;6.05;Bete;2003-07-11;;https://etjanst.sjv.se/tuvaut/?f=&id=373-LNO;https://etjanst.sjv.se/hagenpub/rest/base/object/373-LNO;docs/tuva/sodermanland/objektrapporter/373-LNO.json
373-QFL;Södermanland;Trosa;3.4;Bete;2002-07-17;Askö;https://etjanst.sjv.se/tuvaut/?f=&id=373-QFL;https://etjanst.sjv.se/hagenpub/rest/base/object/373-QFL;docs/tuva/sodermanland/objektrapporter/373-QFL.json
374-CHY;Södermanland;Flen;1.64;Bete;2003-08-15;Ekensholm 4;https://etjanst.sjv.se/tuvaut/?f=&id=374-CHY;https://etjanst.sjv.se/hagenpub/rest/base/object/374-CHY;docs/tuva/sodermanland/objektrapporter/374-CHY.json
374-GZT;Södermanland;Katrineholm;1.35;Ej aktuell;2003-05-22;Biesta 2;https://etjanst.sjv.se/tuvaut/?f=&id=374-GZT;https://etjanst.sjv.se/hagenpub/rest/base/object/374-GZT;docs/tuva/sodermanland/objektrapporter/374-GZT.json
374-OVA;Södermanland;Trosa;1.48;Bete;2004-05-12;;https://etjanst.sjv.se/tuvaut/?f=&id=374-OVA;https://etjanst.sjv.se/hagenpub/rest/base/object/374-OVA;docs/tuva/sodermanland/objektrapporter/374-OVA.json
375-XIV;Södermanland;Nyköping;4.01;Bete;2026-07-29;Blindkällan;https://etjanst.sjv.se/tuvaut/?f=&id=375-XIV;https://etjanst.sjv.se/hagenpub/rest/base/object/375-XIV;docs/tuva/sodermanland/objektrapporter/375-XIV.json
376-FEP;Södermanland;Gnesta;1.25;Bete;2004-06-04;Mälby 6;https://etjanst.sjv.se/tuvaut/?f=&id=376-FEP;https://etjanst.sjv.se/hagenpub/rest/base/object/376-FEP;docs/tuva/sodermanland/objektrapporter/376-FEP.json
376-NLX;Södermanland;Eskilstuna;3.15;Bete;2003-07-04;Magda;https://etjanst.sjv.se/tuvaut/?f=&id=376-NLX;https://etjanst.sjv.se/hagenpub/rest/base/object/376-NLX;docs/tuva/sodermanland/objektrapporter/376-NLX.json
377-MBZ;Södermanland;Gnesta;0.67;Bete;2004-06-07;Hårby 1;https://etjanst.sjv.se/tuvaut/?f=&id=377-MBZ;https://etjanst.sjv.se/hagenpub/rest/base/object/377-MBZ;docs/tuva/sodermanland/objektrapporter/377-MBZ.json
37B-IBD;Södermanland;Katrineholm;0.53;Bete;2004-08-03;varbro 1;https://etjanst.sjv.se/tuvaut/?f=&id=37B-IBD;https://etjanst.sjv.se/hagenpub/rest/base/object/37B-IBD;docs/tuva/sodermanland/objektrapporter/37B-IBD.json
37D-BAD;Södermanland;Flen;8.48;Bete;2003-09-19;;https://etjanst.sjv.se/tuvaut/?f=&id=37D-BAD;https://etjanst.sjv.se/hagenpub/rest/base/object/37D-BAD;docs/tuva/sodermanland/objektrapporter/37D-BAD.json
37D-VNE;Södermanland;Flen;4.09;Bete;2004-07-30;Töversta, Dammkärr;https://etjanst.sjv.se/tuvaut/?f=&id=37D-VNE;https://etjanst.sjv.se/hagenpub/rest/base/object/37D-VNE;docs/tuva/sodermanland/objektrapporter/37D-VNE.json
37D-WSW;Södermanland;Nyköping;3.17;Bete;2004-07-30;Ekeby 1;https://etjanst.sjv.se/tuvaut/?f=&id=37D-WSW;https://etjanst.sjv.se/hagenpub/rest/base/object/37D-WSW;docs/tuva/sodermanland/objektrapporter/37D-WSW.json
37D-YUY;Södermanland;Nyköping;2.75;Bete;2003-06-10;Berga 2;https://etjanst.sjv.se/tuvaut/?f=&id=37D-YUY;https://etjanst.sjv.se/hagenpub/rest/base/object/37D-YUY;docs/tuva/sodermanland/objektrapporter/37D-YUY.json
37E-EIP;Södermanland;Gnesta;3.14;Bete;2004-06-04;Rönneberga 1;https://etjanst.sjv.se/tuvaut/?f=&id=37E-EIP;https://etjanst.sjv.se/hagenpub/rest/base/object/37E-EIP;docs/tuva/sodermanland/objektrapporter/37E-EIP.json
380-XHO;Södermanland;Nyköping;25.41;Bete;2002-07-18;Bögeltorp;https://etjanst.sjv.se/tuvaut/?f=&id=380-XHO;https://etjanst.sjv.se/hagenpub/rest/base/object/380-XHO;docs/tuva/sodermanland/objektrapporter/380-XHO.json
383-WZR;Södermanland;Eskilstuna;3.74;Bete;2003-07-21;Berga3;https://etjanst.sjv.se/tuvaut/?f=&id=383-WZR;https://etjanst.sjv.se/hagenpub/rest/base/object/383-WZR;docs/tuva/sodermanland/objektrapporter/383-WZR.json
385-400;Södermanland;Trosa;6.42;Restaurerbar;2002-05-04;;https://etjanst.sjv.se/tuvaut/?f=&id=385-400;https://etjanst.sjv.se/hagenpub/rest/base/object/385-400;docs/tuva/sodermanland/objektrapporter/385-400.json
385-UCM;Södermanland;Nyköping;3.08;Bete;2002-08-09;Nedre Skälby;https://etjanst.sjv.se/tuvaut/?f=&id=385-UCM;https://etjanst.sjv.se/hagenpub/rest/base/object/385-UCM;docs/tuva/sodermanland/objektrapporter/385-UCM.json
388-AYE;Södermanland;Katrineholm;1.44;Bete;2004-06-09;lindebol 6;https://etjanst.sjv.se/tuvaut/?f=&id=388-AYE;https://etjanst.sjv.se/hagenpub/rest/base/object/388-AYE;docs/tuva/sodermanland/objektrapporter/388-AYE.json
389-VSV;Södermanland;Flen;3.93;Bete;2004-09-15;broby extra 3;https://etjanst.sjv.se/tuvaut/?f=&id=389-VSV;https://etjanst.sjv.se/hagenpub/rest/base/object/389-VSV;docs/tuva/sodermanland/objektrapporter/389-VSV.json
38A-200;Södermanland;Nyköping;2.28;Bete;2002-06-27;Ekeslöt;https://etjanst.sjv.se/tuvaut/?f=&id=38A-200;https://etjanst.sjv.se/hagenpub/rest/base/object/38A-200;docs/tuva/sodermanland/objektrapporter/38A-200.json
38A-XTL;Södermanland;Eskilstuna;0.39;Bete;2003-08-25;Rotarbo4;https://etjanst.sjv.se/tuvaut/?f=&id=38A-XTL;https://etjanst.sjv.se/hagenpub/rest/base/object/38A-XTL;docs/tuva/sodermanland/objektrapporter/38A-XTL.json
38C-RYR;Södermanland;Strängnäs;3.0;Bete;2002-07-31;Stora Trana3;https://etjanst.sjv.se/tuvaut/?f=&id=38C-RYR;https://etjanst.sjv.se/hagenpub/rest/base/object/38C-RYR;docs/tuva/sodermanland/objektrapporter/38C-RYR.json
38E-E00;Södermanland;Trosa;3.08;Bete;2002-06-07;Mellanstugan;https://etjanst.sjv.se/tuvaut/?f=&id=38E-E00;https://etjanst.sjv.se/hagenpub/rest/base/object/38E-E00;docs/tuva/sodermanland/objektrapporter/38E-E00.json
38F-MWT;Södermanland;Eskilstuna;2.9;Bete;2003-07-07;Gålängen 1;https://etjanst.sjv.se/tuvaut/?f=&id=38F-MWT;https://etjanst.sjv.se/hagenpub/rest/base/object/38F-MWT;docs/tuva/sodermanland/objektrapporter/38F-MWT.json
390-500;Södermanland;Flen;5.28;Restaurerbar;2002-05-10;Sjöänden;https://etjanst.sjv.se/tuvaut/?f=&id=390-500;https://etjanst.sjv.se/hagenpub/rest/base/object/390-500;docs/tuva/sodermanland/objektrapporter/390-500.json
390-VGK;Södermanland;Eskilstuna;0.88;Bete;2003-06-13;Bondökna4;https://etjanst.sjv.se/tuvaut/?f=&id=390-VGK;https://etjanst.sjv.se/hagenpub/rest/base/object/390-VGK;docs/tuva/sodermanland/objektrapporter/390-VGK.json
391-YJV;Södermanland;Eskilstuna;3.16;Bete;2003-08-21;Åstorp3;https://etjanst.sjv.se/tuvaut/?f=&id=391-YJV;https://etjanst.sjv.se/hagenpub/rest/base/object/391-YJV;docs/tuva/sodermanland/objektrapporter/391-YJV.json
395-CQR;Södermanland;Eskilstuna;0.31;Bete;2003-08-25;Åstorp6;https://etjanst.sjv.se/tuvaut/?f=&id=395-CQR;https://etjanst.sjv.se/hagenpub/rest/base/object/395-CQR;docs/tuva/sodermanland/objektrapporter/395-CQR.json
395-PKF;Södermanland;Eskilstuna;2.71;Bete;2003-05-14;Rossviks säteri1;https://etjanst.sjv.se/tuvaut/?f=&id=395-PKF;https://etjanst.sjv.se/hagenpub/rest/base/object/395-PKF;docs/tuva/sodermanland/objektrapporter/395-PKF.json
396-200;Södermanland;Nyköping;3.82;Bete;2002-06-25;Hånö;https://etjanst.sjv.se/tuvaut/?f=&id=396-200;https://etjanst.sjv.se/hagenpub/rest/base/object/396-200;docs/tuva/sodermanland/objektrapporter/396-200.json
396-INQ;Södermanland;Eskilstuna;4.56;Bete;2003-07-23;Hägran2;https://etjanst.sjv.se/tuvaut/?f=&id=396-INQ;https://etjanst.sjv.se/hagenpub/rest/base/object/396-INQ;docs/tuva/sodermanland/objektrapporter/396-INQ.json
398-QVH;Södermanland;Nyköping;1.2;Restaurerbar;2002-07-09;Kärrboda;https://etjanst.sjv.se/tuvaut/?f=&id=398-QVH;https://etjanst.sjv.se/hagenpub/rest/base/object/398-QVH;docs/tuva/sodermanland/objektrapporter/398-QVH.json
39B-KSU;Södermanland;Eskilstuna;0.75;Bete;2003-06-16;Ekelund;https://etjanst.sjv.se/tuvaut/?f=&id=39B-KSU;https://etjanst.sjv.se/hagenpub/rest/base/object/39B-KSU;docs/tuva/sodermanland/objektrapporter/39B-KSU.json
39B-OUW;Södermanland;Strängnäs;2.24;Bete;2002-07-08;Kungsberg6;https://etjanst.sjv.se/tuvaut/?f=&id=39B-OUW;https://etjanst.sjv.se/hagenpub/rest/base/object/39B-OUW;docs/tuva/sodermanland/objektrapporter/39B-OUW.json
39C-SZQ;Södermanland;Nyköping;1.98;Restaurerbar;2002-07-14;Lillkälla;https://etjanst.sjv.se/tuvaut/?f=&id=39C-SZQ;https://etjanst.sjv.se/hagenpub/rest/base/object/39C-SZQ;docs/tuva/sodermanland/objektrapporter/39C-SZQ.json
39D-UQU;Södermanland;Flen;3.37;Bete;2003-07-31;;https://etjanst.sjv.se/tuvaut/?f=&id=39D-UQU;https://etjanst.sjv.se/hagenpub/rest/base/object/39D-UQU;docs/tuva/sodermanland/objektrapporter/39D-UQU.json
39E-YTO;Södermanland;Nyköping;2.12;Bete;2003-05-26;Hoppen;https://etjanst.sjv.se/tuvaut/?f=&id=39E-YTO;https://etjanst.sjv.se/hagenpub/rest/base/object/39E-YTO;docs/tuva/sodermanland/objektrapporter/39E-YTO.json
39F-QYA;Södermanland;Nyköping;6.35;Bete;2003-05-28;Vävelsund;https://etjanst.sjv.se/tuvaut/?f=&id=39F-QYA;https://etjanst.sjv.se/hagenpub/rest/base/object/39F-QYA;docs/tuva/sodermanland/objektrapporter/39F-QYA.json
39F-RPB;Södermanland;Flen;2.73;Restaurerbar;2004-07-27;;https://etjanst.sjv.se/tuvaut/?f=&id=39F-RPB;https://etjanst.sjv.se/hagenpub/rest/base/object/39F-RPB;docs/tuva/sodermanland/objektrapporter/39F-RPB.json
3A2-IQA;Södermanland;Trosa;1.31;Äng;2026-06-18;Askö;https://etjanst.sjv.se/tuvaut/?f=&id=3A2-IQA;https://etjanst.sjv.se/hagenpub/rest/base/object/3A2-IQA;docs/tuva/sodermanland/objektrapporter/3A2-IQA.json
3A5-FQW;Södermanland;Nyköping;1.13;Ej aktuell;2003-05-19;Stensnäs 1;https://etjanst.sjv.se/tuvaut/?f=&id=3A5-FQW;https://etjanst.sjv.se/hagenpub/rest/base/object/3A5-FQW;docs/tuva/sodermanland/objektrapporter/3A5-FQW.json
3A7-XIO;Södermanland;Nyköping;5.92;Bete;2004-05-17;vallby 4;https://etjanst.sjv.se/tuvaut/?f=&id=3A7-XIO;https://etjanst.sjv.se/hagenpub/rest/base/object/3A7-XIO;docs/tuva/sodermanland/objektrapporter/3A7-XIO.json
3A9-QDQ;Södermanland;Eskilstuna;2.84;Bete;2003-08-26;Vad;https://etjanst.sjv.se/tuvaut/?f=&id=3A9-QDQ;https://etjanst.sjv.se/hagenpub/rest/base/object/3A9-QDQ;docs/tuva/sodermanland/objektrapporter/3A9-QDQ.json
3AA-INF;Södermanland;Gnesta;2.94;Bete;2003-09-12;Hallsta 2;https://etjanst.sjv.se/tuvaut/?f=&id=3AA-INF;https://etjanst.sjv.se/hagenpub/rest/base/object/3AA-INF;docs/tuva/sodermanland/objektrapporter/3AA-INF.json
3AA-SEH;Södermanland;Trosa;1.38;Bete;2004-05-10;Gisekvarn 1;https://etjanst.sjv.se/tuvaut/?f=&id=3AA-SEH;https://etjanst.sjv.se/hagenpub/rest/base/object/3AA-SEH;docs/tuva/sodermanland/objektrapporter/3AA-SEH.json
3AB-BHJ;Södermanland;Nyköping;1.71;Restaurerbar;2002-07-07;Skogsby;https://etjanst.sjv.se/tuvaut/?f=&id=3AB-BHJ;https://etjanst.sjv.se/hagenpub/rest/base/object/3AB-BHJ;docs/tuva/sodermanland/objektrapporter/3AB-BHJ.json
3AC-IHE;Södermanland;Flen;0.65;Bete;2003-09-26;;https://etjanst.sjv.se/tuvaut/?f=&id=3AC-IHE;https://etjanst.sjv.se/hagenpub/rest/base/object/3AC-IHE;docs/tuva/sodermanland/objektrapporter/3AC-IHE.json
3AF-BHH;Södermanland;Gnesta;8.31;Bete;2003-09-04;Pungsund 4;https://etjanst.sjv.se/tuvaut/?f=&id=3AF-BHH;https://etjanst.sjv.se/hagenpub/rest/base/object/3AF-BHH;docs/tuva/sodermanland/objektrapporter/3AF-BHH.json
3AF-EQT;Södermanland;Katrineholm;0.92;Bete;2003-07-03;Hälltäppan 2;https://etjanst.sjv.se/tuvaut/?f=&id=3AF-EQT;https://etjanst.sjv.se/hagenpub/rest/base/object/3AF-EQT;docs/tuva/sodermanland/objektrapporter/3AF-EQT.json
3B0-680;Södermanland;Strängnäs;1.09;Restaurerbar;2002-05-27;Dammen1;https://etjanst.sjv.se/tuvaut/?f=&id=3B0-680;https://etjanst.sjv.se/hagenpub/rest/base/object/3B0-680;docs/tuva/sodermanland/objektrapporter/3B0-680.json
3B0-UEF;Södermanland;Flen;0.67;Bete;2004-07-27;Skedevi 6;https://etjanst.sjv.se/tuvaut/?f=&id=3B0-UEF;https://etjanst.sjv.se/hagenpub/rest/base/object/3B0-UEF;docs/tuva/sodermanland/objektrapporter/3B0-UEF.json
3B1-TYV;Södermanland;Katrineholm;3.79;Bete;2002-08-01;Fostorp;https://etjanst.sjv.se/tuvaut/?f=&id=3B1-TYV;https://etjanst.sjv.se/hagenpub/rest/base/object/3B1-TYV;docs/tuva/sodermanland/objektrapporter/3B1-TYV.json
3B2-QZW;Södermanland;Nyköping;2.09;Bete;2003-06-26;Klippinge 2;https://etjanst.sjv.se/tuvaut/?f=&id=3B2-QZW;https://etjanst.sjv.se/hagenpub/rest/base/object/3B2-QZW;docs/tuva/sodermanland/objektrapporter/3B2-QZW.json
3B5-OJE;Södermanland;Nyköping;1.15;Bete;2004-05-12;gråsta 3;https://etjanst.sjv.se/tuvaut/?f=&id=3B5-OJE;https://etjanst.sjv.se/hagenpub/rest/base/object/3B5-OJE;docs/tuva/sodermanland/objektrapporter/3B5-OJE.json
3B5-UVG;Södermanland;Nyköping;2.28;Bete;2002-08-26;Västerberga;https://etjanst.sjv.se/tuvaut/?f=&id=3B5-UVG;https://etjanst.sjv.se/hagenpub/rest/base/object/3B5-UVG;docs/tuva/sodermanland/objektrapporter/3B5-UVG.json
3B6-D80;Södermanland;Gnesta;6.52;Bete;2002-06-27;Marö;https://etjanst.sjv.se/tuvaut/?f=&id=3B6-D80;https://etjanst.sjv.se/hagenpub/rest/base/object/3B6-D80;docs/tuva/sodermanland/objektrapporter/3B6-D80.json
3B6-GZT;Södermanland;Trosa;0.75;Restaurerbar;2004-06-17;Fjällen 4;https://etjanst.sjv.se/tuvaut/?f=&id=3B6-GZT;https://etjanst.sjv.se/hagenpub/rest/base/object/3B6-GZT;docs/tuva/sodermanland/objektrapporter/3B6-GZT.json
3B7-RYX;Södermanland;Katrineholm;0.48;Bete;2003-07-08;Österby;https://etjanst.sjv.se/tuvaut/?f=&id=3B7-RYX;https://etjanst.sjv.se/hagenpub/rest/base/object/3B7-RYX;docs/tuva/sodermanland/objektrapporter/3B7-RYX.json
3B8-NYF;Södermanland;Katrineholm;4.68;Bete;2002-08-15;Råby 1;https://etjanst.sjv.se/tuvaut/?f=&id=3B8-NYF;https://etjanst.sjv.se/hagenpub/rest/base/object/3B8-NYF;docs/tuva/sodermanland/objektrapporter/3B8-NYF.json
3BC-600;Södermanland;Eskilstuna;2.38;Restaurerbar;2002-05-17;Tandersten;https://etjanst.sjv.se/tuvaut/?f=&id=3BC-600;https://etjanst.sjv.se/hagenpub/rest/base/object/3BC-600;docs/tuva/sodermanland/objektrapporter/3BC-600.json
3BC-FRI;Södermanland;Gnesta;4.97;Bete;2004-06-07;Mälby 3;https://etjanst.sjv.se/tuvaut/?f=&id=3BC-FRI;https://etjanst.sjv.se/hagenpub/rest/base/object/3BC-FRI;docs/tuva/sodermanland/objektrapporter/3BC-FRI.json
3BC-PUR;Södermanland;Trosa;2.68;Bete;2004-05-18;Ekebonäs 3;https://etjanst.sjv.se/tuvaut/?f=&id=3BC-PUR;https://etjanst.sjv.se/hagenpub/rest/base/object/3BC-PUR;docs/tuva/sodermanland/objektrapporter/3BC-PUR.json
3BD-GFC;Södermanland;Nyköping;28.94;Bete;2003-05-28;Bönsta 5;https://etjanst.sjv.se/tuvaut/?f=&id=3BD-GFC;https://etjanst.sjv.se/hagenpub/rest/base/object/3BD-GFC;docs/tuva/sodermanland/objektrapporter/3BD-GFC.json
3BD-KJU;Södermanland;Gnesta;0.89;Restaurerbar;2003-09-24;Tibble 2;https://etjanst.sjv.se/tuvaut/?f=&id=3BD-KJU;https://etjanst.sjv.se/hagenpub/rest/base/object/3BD-KJU;docs/tuva/sodermanland/objektrapporter/3BD-KJU.json
3BE-OGD;Södermanland;Trosa;3.16;Restaurerbar;2004-09-24;Kungsbol/Berg 1;https://etjanst.sjv.se/tuvaut/?f=&id=3BE-OGD;https://etjanst.sjv.se/hagenpub/rest/base/object/3BE-OGD;docs/tuva/sodermanland/objektrapporter/3BE-OGD.json
3BE-TBD;Södermanland;Nyköping;1.49;Bete;2004-08-10;Långö 3;https://etjanst.sjv.se/tuvaut/?f=&id=3BE-TBD;https://etjanst.sjv.se/hagenpub/rest/base/object/3BE-TBD;docs/tuva/sodermanland/objektrapporter/3BE-TBD.json
3C0-ABX;Södermanland;Katrineholm;0.76;Bete;2004-06-21;gustafsvik 4;https://etjanst.sjv.se/tuvaut/?f=&id=3C0-ABX;https://etjanst.sjv.se/hagenpub/rest/base/object/3C0-ABX;docs/tuva/sodermanland/objektrapporter/3C0-ABX.json
3C0-PXG;Södermanland;Eskilstuna;5.5;Bete;2002-09-23;Lindholm4;https://etjanst.sjv.se/tuvaut/?f=&id=3C0-PXG;https://etjanst.sjv.se/hagenpub/rest/base/object/3C0-PXG;docs/tuva/sodermanland/objektrapporter/3C0-PXG.json
3C5-PVV;Södermanland;Katrineholm;10.35;Bete;2003-07-04;Marieberg 1;https://etjanst.sjv.se/tuvaut/?f=&id=3C5-PVV;https://etjanst.sjv.se/hagenpub/rest/base/object/3C5-PVV;docs/tuva/sodermanland/objektrapporter/3C5-PVV.json
3C5-RDG;Södermanland;Gnesta;1.58;Bete;2004-06-10;Tuna 2;https://etjanst.sjv.se/tuvaut/?f=&id=3C5-RDG;https://etjanst.sjv.se/hagenpub/rest/base/object/3C5-RDG;docs/tuva/sodermanland/objektrapporter/3C5-RDG.json
3C7-OEI;Södermanland;Nyköping;1.37;Bete;2004-08-20;?;https://etjanst.sjv.se/tuvaut/?f=&id=3C7-OEI;https://etjanst.sjv.se/hagenpub/rest/base/object/3C7-OEI;docs/tuva/sodermanland/objektrapporter/3C7-OEI.json
3C9-MBC;Södermanland;Flen;10.81;Bete;2004-08-04;stenhammar 1;https://etjanst.sjv.se/tuvaut/?f=&id=3C9-MBC;https://etjanst.sjv.se/hagenpub/rest/base/object/3C9-MBC;docs/tuva/sodermanland/objektrapporter/3C9-MBC.json
3C9-PWQ;Södermanland;Eskilstuna;1.86;Bete;2003-06-06;Järpeberg2;https://etjanst.sjv.se/tuvaut/?f=&id=3C9-PWQ;https://etjanst.sjv.se/hagenpub/rest/base/object/3C9-PWQ;docs/tuva/sodermanland/objektrapporter/3C9-PWQ.json
3CB-QUG;Södermanland;Gnesta;5.82;Bete;2003-09-22;Näs 2;https://etjanst.sjv.se/tuvaut/?f=&id=3CB-QUG;https://etjanst.sjv.se/hagenpub/rest/base/object/3CB-QUG;docs/tuva/sodermanland/objektrapporter/3CB-QUG.json
3CC-MDE;Södermanland;Eskilstuna;3.77;Bete;2003-09-25;Hugelsta1;https://etjanst.sjv.se/tuvaut/?f=&id=3CC-MDE;https://etjanst.sjv.se/hagenpub/rest/base/object/3CC-MDE;docs/tuva/sodermanland/objektrapporter/3CC-MDE.json
3CD-TYV;Södermanland;Flen;2.62;Bete;2004-07-19;Löta;https://etjanst.sjv.se/tuvaut/?f=&id=3CD-TYV;https://etjanst.sjv.se/hagenpub/rest/base/object/3CD-TYV;docs/tuva/sodermanland/objektrapporter/3CD-TYV.json
3CE-200;Södermanland;Nyköping;0.2;Restaurerbar;2002-07-03;Stora Skara;https://etjanst.sjv.se/tuvaut/?f=&id=3CE-200;https://etjanst.sjv.se/hagenpub/rest/base/object/3CE-200;docs/tuva/sodermanland/objektrapporter/3CE-200.json
3CF-C00;Södermanland;Nyköping;3.71;Bete;2002-04-22;;https://etjanst.sjv.se/tuvaut/?f=&id=3CF-C00;https://etjanst.sjv.se/hagenpub/rest/base/object/3CF-C00;docs/tuva/sodermanland/objektrapporter/3CF-C00.json
3CF-VHN;Södermanland;Eskilstuna;0.51;Bete;2003-05-14;Biby2;https://etjanst.sjv.se/tuvaut/?f=&id=3CF-VHN;https://etjanst.sjv.se/hagenpub/rest/base/object/3CF-VHN;docs/tuva/sodermanland/objektrapporter/3CF-VHN.json
3D7-980;Södermanland;Strängnäs;0.48;Bete;2002-07-01;Mälby2;https://etjanst.sjv.se/tuvaut/?f=&id=3D7-980;https://etjanst.sjv.se/hagenpub/rest/base/object/3D7-980;docs/tuva/sodermanland/objektrapporter/3D7-980.json
3D8-180;Södermanland;Katrineholm;5.4;Bete;2002-06-13;;https://etjanst.sjv.se/tuvaut/?f=&id=3D8-180;https://etjanst.sjv.se/hagenpub/rest/base/object/3D8-180;docs/tuva/sodermanland/objektrapporter/3D8-180.json
3D9-DBN;Södermanland;Nyköping;8.76;Restaurerbar;2003-06-03;Råttninge 2;https://etjanst.sjv.se/tuvaut/?f=&id=3D9-DBN;https://etjanst.sjv.se/hagenpub/rest/base/object/3D9-DBN;docs/tuva/sodermanland/objektrapporter/3D9-DBN.json
3D9-EVE;Södermanland;Flen;0.27;Bete;2004-08-24;bronäs 1;https://etjanst.sjv.se/tuvaut/?f=&id=3D9-EVE;https://etjanst.sjv.se/hagenpub/rest/base/object/3D9-EVE;docs/tuva/sodermanland/objektrapporter/3D9-EVE.json
3D9-HFR;Södermanland;Nyköping;18.78;Restaurerbar;2002-09-11;Löfsund;https://etjanst.sjv.se/tuvaut/?f=&id=3D9-HFR;https://etjanst.sjv.se/hagenpub/rest/base/object/3D9-HFR;docs/tuva/sodermanland/objektrapporter/3D9-HFR.json
3DA-QPR;Södermanland;Eskilstuna;0.43;Bete;2003-07-31;Örsta4;https://etjanst.sjv.se/tuvaut/?f=&id=3DA-QPR;https://etjanst.sjv.se/hagenpub/rest/base/object/3DA-QPR;docs/tuva/sodermanland/objektrapporter/3DA-QPR.json
3DC-FWD;Södermanland;Nyköping;5.89;Restaurerbar;2002-07-10;Mosstorp;https://etjanst.sjv.se/tuvaut/?f=&id=3DC-FWD;https://etjanst.sjv.se/hagenpub/rest/base/object/3DC-FWD;docs/tuva/sodermanland/objektrapporter/3DC-FWD.json
3DC-IQB;Södermanland;Flen;1.74;Bete;2004-07-06;;https://etjanst.sjv.se/tuvaut/?f=&id=3DC-IQB;https://etjanst.sjv.se/hagenpub/rest/base/object/3DC-IQB;docs/tuva/sodermanland/objektrapporter/3DC-IQB.json
3E0-500;Södermanland;Nyköping;0.28;Bete;2002-06-17;Visätter, Tuna;https://etjanst.sjv.se/tuvaut/?f=&id=3E0-500;https://etjanst.sjv.se/hagenpub/rest/base/object/3E0-500;docs/tuva/sodermanland/objektrapporter/3E0-500.json
3E1-180;Södermanland;Strängnäs;4.4;Bete;2002-05-27;Dammen2;https://etjanst.sjv.se/tuvaut/?f=&id=3E1-180;https://etjanst.sjv.se/hagenpub/rest/base/object/3E1-180;docs/tuva/sodermanland/objektrapporter/3E1-180.json
3E2-BGX;Södermanland;Nyköping;2.63;Bete;2003-05-27;Husby;https://etjanst.sjv.se/tuvaut/?f=&id=3E2-BGX;https://etjanst.sjv.se/hagenpub/rest/base/object/3E2-BGX;docs/tuva/sodermanland/objektrapporter/3E2-BGX.json
3E6-GWG;Södermanland;Katrineholm;1.92;Restaurerbar;2004-07-19;pattala 2;https://etjanst.sjv.se/tuvaut/?f=&id=3E6-GWG;https://etjanst.sjv.se/hagenpub/rest/base/object/3E6-GWG;docs/tuva/sodermanland/objektrapporter/3E6-GWG.json
3E6-QPM;Södermanland;Nyköping;1.98;Ej aktuell;2003-05-19;Råby;https://etjanst.sjv.se/tuvaut/?f=&id=3E6-QPM;https://etjanst.sjv.se/hagenpub/rest/base/object/3E6-QPM;docs/tuva/sodermanland/objektrapporter/3E6-QPM.json
3E8-EMU;Södermanland;Vingåker;0.58;Bete;2003-08-06;Dal 2;https://etjanst.sjv.se/tuvaut/?f=&id=3E8-EMU;https://etjanst.sjv.se/hagenpub/rest/base/object/3E8-EMU;docs/tuva/sodermanland/objektrapporter/3E8-EMU.json
3E8-LCD;Södermanland;Nyköping;19.64;Bete;2002-07-19;;https://etjanst.sjv.se/tuvaut/?f=&id=3E8-LCD;https://etjanst.sjv.se/hagenpub/rest/base/object/3E8-LCD;docs/tuva/sodermanland/objektrapporter/3E8-LCD.json
3E8-YZE;Södermanland;Gnesta;0.81;Bete;2004-06-23;Axala 4;https://etjanst.sjv.se/tuvaut/?f=&id=3E8-YZE;https://etjanst.sjv.se/hagenpub/rest/base/object/3E8-YZE;docs/tuva/sodermanland/objektrapporter/3E8-YZE.json
3E9-HZQ;Södermanland;Eskilstuna;1.21;Bete;2003-06-30;Hallsta;https://etjanst.sjv.se/tuvaut/?f=&id=3E9-HZQ;https://etjanst.sjv.se/hagenpub/rest/base/object/3E9-HZQ;docs/tuva/sodermanland/objektrapporter/3E9-HZQ.json
3E9-UTQ;Södermanland;Katrineholm;1.3;Bete;2003-06-12;Hammartorp;https://etjanst.sjv.se/tuvaut/?f=&id=3E9-UTQ;https://etjanst.sjv.se/hagenpub/rest/base/object/3E9-UTQ;docs/tuva/sodermanland/objektrapporter/3E9-UTQ.json
3EA-BRV;Södermanland;Nyköping;3.2;Bete;2003-05-20;Näs 2;https://etjanst.sjv.se/tuvaut/?f=&id=3EA-BRV;https://etjanst.sjv.se/hagenpub/rest/base/object/3EA-BRV;docs/tuva/sodermanland/objektrapporter/3EA-BRV.json
3EA-HJW;Södermanland;Gnesta;2.21;Bete;2004-06-09;Säby 2;https://etjanst.sjv.se/tuvaut/?f=&id=3EA-HJW;https://etjanst.sjv.se/hagenpub/rest/base/object/3EA-HJW;docs/tuva/sodermanland/objektrapporter/3EA-HJW.json
3EA-RHQ;Södermanland;Strängnäs;4.56;Bete;2002-07-18;Stora Askrännilen1;https://etjanst.sjv.se/tuvaut/?f=&id=3EA-RHQ;https://etjanst.sjv.se/hagenpub/rest/base/object/3EA-RHQ;docs/tuva/sodermanland/objektrapporter/3EA-RHQ.json
3EB-HJW;Södermanland;Vingåker;0.55;Bete;2003-09-15;;https://etjanst.sjv.se/tuvaut/?f=&id=3EB-HJW;https://etjanst.sjv.se/hagenpub/rest/base/object/3EB-HJW;docs/tuva/sodermanland/objektrapporter/3EB-HJW.json
3ED-KVC;Södermanland;Katrineholm;1.21;Bete;2003-06-11;Bränntorp 4;https://etjanst.sjv.se/tuvaut/?f=&id=3ED-KVC;https://etjanst.sjv.se/hagenpub/rest/base/object/3ED-KVC;docs/tuva/sodermanland/objektrapporter/3ED-KVC.json
3ED-XJM;Södermanland;Flen;1.43;Restaurerbar;2004-07-27;;https://etjanst.sjv.se/tuvaut/?f=&id=3ED-XJM;https://etjanst.sjv.se/hagenpub/rest/base/object/3ED-XJM;docs/tuva/sodermanland/objektrapporter/3ED-XJM.json
3ED-YWI;Södermanland;Katrineholm;1.03;Bete;2004-05-27;speteby 3;https://etjanst.sjv.se/tuvaut/?f=&id=3ED-YWI;https://etjanst.sjv.se/hagenpub/rest/base/object/3ED-YWI;docs/tuva/sodermanland/objektrapporter/3ED-YWI.json
3EE-380;Södermanland;Katrineholm;2.28;Bete;2002-06-11;Nimtorp 1;https://etjanst.sjv.se/tuvaut/?f=&id=3EE-380;https://etjanst.sjv.se/hagenpub/rest/base/object/3EE-380;docs/tuva/sodermanland/objektrapporter/3EE-380.json
3EF-KIC;Södermanland;Flen;11.22;Bete;2004-08-24;davidsnäs 1;https://etjanst.sjv.se/tuvaut/?f=&id=3EF-KIC;https://etjanst.sjv.se/hagenpub/rest/base/object/3EF-KIC;docs/tuva/sodermanland/objektrapporter/3EF-KIC.json
3EF-QMQ;Södermanland;Eskilstuna;2.2;Bete;2003-08-18;Visund1;https://etjanst.sjv.se/tuvaut/?f=&id=3EF-QMQ;https://etjanst.sjv.se/hagenpub/rest/base/object/3EF-QMQ;docs/tuva/sodermanland/objektrapporter/3EF-QMQ.json
3EF-YHN;Södermanland;Strängnäs;1.43;Bete;2004-08-27;Lilla stavtorp;https://etjanst.sjv.se/tuvaut/?f=&id=3EF-YHN;https://etjanst.sjv.se/hagenpub/rest/base/object/3EF-YHN;docs/tuva/sodermanland/objektrapporter/3EF-YHN.json
3EF-ZBI;Södermanland;Flen;6.04;Bete;2004-08-06;vik 3;https://etjanst.sjv.se/tuvaut/?f=&id=3EF-ZBI;https://etjanst.sjv.se/hagenpub/rest/base/object/3EF-ZBI;docs/tuva/sodermanland/objektrapporter/3EF-ZBI.json
3F1-KWM;Södermanland;Katrineholm;2.03;Bete;2004-06-23;bjälkbol 3;https://etjanst.sjv.se/tuvaut/?f=&id=3F1-KWM;https://etjanst.sjv.se/hagenpub/rest/base/object/3F1-KWM;docs/tuva/sodermanland/objektrapporter/3F1-KWM.json
3F2-AFX;Södermanland;Nyköping;3.6;Bete;2003-06-02;Valingegård 3;https://etjanst.sjv.se/tuvaut/?f=&id=3F2-AFX;https://etjanst.sjv.se/hagenpub/rest/base/object/3F2-AFX;docs/tuva/sodermanland/objektrapporter/3F2-AFX.json
3F6-IYB;Södermanland;Katrineholm;3.2;Bete;2004-06-18;vik 2;https://etjanst.sjv.se/tuvaut/?f=&id=3F6-IYB;https://etjanst.sjv.se/hagenpub/rest/base/object/3F6-IYB;docs/tuva/sodermanland/objektrapporter/3F6-IYB.json
3F7-FFS;Södermanland;Eskilstuna;0.86;Bete;2003-08-11;Lilla Lida1;https://etjanst.sjv.se/tuvaut/?f=&id=3F7-FFS;https://etjanst.sjv.se/hagenpub/rest/base/object/3F7-FFS;docs/tuva/sodermanland/objektrapporter/3F7-FFS.json
3F7-TKT;Södermanland;Eskilstuna;1.82;Bete;2002-09-17;boberg1;https://etjanst.sjv.se/tuvaut/?f=&id=3F7-TKT;https://etjanst.sjv.se/hagenpub/rest/base/object/3F7-TKT;docs/tuva/sodermanland/objektrapporter/3F7-TKT.json
3F7-ZEK;Södermanland;Flen;4.02;Bete;2003-09-29;Stora Råstock;https://etjanst.sjv.se/tuvaut/?f=&id=3F7-ZEK;https://etjanst.sjv.se/hagenpub/rest/base/object/3F7-ZEK;docs/tuva/sodermanland/objektrapporter/3F7-ZEK.json
3FA-UQL;Södermanland;Flen;1.18;Bete;2004-08-12;flenmo 5;https://etjanst.sjv.se/tuvaut/?f=&id=3FA-UQL;https://etjanst.sjv.se/hagenpub/rest/base/object/3FA-UQL;docs/tuva/sodermanland/objektrapporter/3FA-UQL.json
3FB-OGJ;Södermanland;Katrineholm;2.65;Bete;2004-05-18;hässle 2;https://etjanst.sjv.se/tuvaut/?f=&id=3FB-OGJ;https://etjanst.sjv.se/hagenpub/rest/base/object/3FB-OGJ;docs/tuva/sodermanland/objektrapporter/3FB-OGJ.json
3FD-UIT;Södermanland;Nyköping;1.31;Ej aktuell;2003-05-21;Girsta/Ösvreta;https://etjanst.sjv.se/tuvaut/?f=&id=3FD-UIT;https://etjanst.sjv.se/hagenpub/rest/base/object/3FD-UIT;docs/tuva/sodermanland/objektrapporter/3FD-UIT.json
400-EMV;Södermanland;Katrineholm;7.07;Bete;2003-06-06;Viksätter 1;https://etjanst.sjv.se/tuvaut/?f=&id=400-EMV;https://etjanst.sjv.se/hagenpub/rest/base/object/400-EMV;docs/tuva/sodermanland/objektrapporter/400-EMV.json
400-MAL;Södermanland;Trosa;4.49;Bete;2004-05-24;Libbetomta;https://etjanst.sjv.se/tuvaut/?f=&id=400-MAL;https://etjanst.sjv.se/hagenpub/rest/base/object/400-MAL;docs/tuva/sodermanland/objektrapporter/400-MAL.json
403-EDO;Södermanland;Eskilstuna;2.83;Bete;2002-08-12;Gällsta4;https://etjanst.sjv.se/tuvaut/?f=&id=403-EDO;https://etjanst.sjv.se/hagenpub/rest/base/object/403-EDO;docs/tuva/sodermanland/objektrapporter/403-EDO.json
406-F00;Södermanland;Flen;4.22;Bete;2002-05-08;Brosätter1;https://etjanst.sjv.se/tuvaut/?f=&id=406-F00;https://etjanst.sjv.se/hagenpub/rest/base/object/406-F00;docs/tuva/sodermanland/objektrapporter/406-F00.json
406-SOS;Södermanland;Flen;0.64;Bete;2004-07-20;Stavdal;https://etjanst.sjv.se/tuvaut/?f=&id=406-SOS;https://etjanst.sjv.se/hagenpub/rest/base/object/406-SOS;docs/tuva/sodermanland/objektrapporter/406-SOS.json
407-TFV;Södermanland;Gnesta;4.04;Bete;2004-06-30;Stora Mälby 1;https://etjanst.sjv.se/tuvaut/?f=&id=407-TFV;https://etjanst.sjv.se/hagenpub/rest/base/object/407-TFV;docs/tuva/sodermanland/objektrapporter/407-TFV.json
408-DYN;Södermanland;Gnesta;1.49;Bete;2004-06-18;Fräkenvassen 2;https://etjanst.sjv.se/tuvaut/?f=&id=408-DYN;https://etjanst.sjv.se/hagenpub/rest/base/object/408-DYN;docs/tuva/sodermanland/objektrapporter/408-DYN.json
408-MKE;Södermanland;Nyköping;0.18;Bete;2004-08-24;Axmora 1;https://etjanst.sjv.se/tuvaut/?f=&id=408-MKE;https://etjanst.sjv.se/hagenpub/rest/base/object/408-MKE;docs/tuva/sodermanland/objektrapporter/408-MKE.json
409-WHO;Södermanland;Katrineholm;1.11;Bete;2003-10-17;;https://etjanst.sjv.se/tuvaut/?f=&id=409-WHO;https://etjanst.sjv.se/hagenpub/rest/base/object/409-WHO;docs/tuva/sodermanland/objektrapporter/409-WHO.json
40A-XTX;Södermanland;Flen;23.64;Bete;2004-07-29;Hornsund 4;https://etjanst.sjv.se/tuvaut/?f=&id=40A-XTX;https://etjanst.sjv.se/hagenpub/rest/base/object/40A-XTX;docs/tuva/sodermanland/objektrapporter/40A-XTX.json
40C-MOP;Södermanland;Nyköping;3.5;Bete;2004-07-30;Åby;https://etjanst.sjv.se/tuvaut/?f=&id=40C-MOP;https://etjanst.sjv.se/hagenpub/rest/base/object/40C-MOP;docs/tuva/sodermanland/objektrapporter/40C-MOP.json
40E-FQW;Södermanland;Gnesta;2.54;Restaurerbar;2003-09-26;Sjögesta 3;https://etjanst.sjv.se/tuvaut/?f=&id=40E-FQW;https://etjanst.sjv.se/hagenpub/rest/base/object/40E-FQW;docs/tuva/sodermanland/objektrapporter/40E-FQW.json
40E-GCP;Södermanland;Gnesta;1.39;Bete;2004-08-05;Stjänvik 2;https://etjanst.sjv.se/tuvaut/?f=&id=40E-GCP;https://etjanst.sjv.se/hagenpub/rest/base/object/40E-GCP;docs/tuva/sodermanland/objektrapporter/40E-GCP.json
40F-HFR;Södermanland;Nyköping;21.93;Bete;2004-05-17;Torp;https://etjanst.sjv.se/tuvaut/?f=&id=40F-HFR;https://etjanst.sjv.se/hagenpub/rest/base/object/40F-HFR;docs/tuva/sodermanland/objektrapporter/40F-HFR.json
410-MOB;Södermanland;Gnesta;5.06;Bete;2003-09-29;Norrby 1;https://etjanst.sjv.se/tuvaut/?f=&id=410-MOB;https://etjanst.sjv.se/hagenpub/rest/base/object/410-MOB;docs/tuva/sodermanland/objektrapporter/410-MOB.json
412-400;Södermanland;Katrineholm;7.94;Bete;2002-07-03;Karstorp 2;https://etjanst.sjv.se/tuvaut/?f=&id=412-400;https://etjanst.sjv.se/hagenpub/rest/base/object/412-400;docs/tuva/sodermanland/objektrapporter/412-400.json
412-VNE;Södermanland;Flen;0.69;Bete;2004-08-20;Gnesund 3;https://etjanst.sjv.se/tuvaut/?f=&id=412-VNE;https://etjanst.sjv.se/hagenpub/rest/base/object/412-VNE;docs/tuva/sodermanland/objektrapporter/412-VNE.json
413-LNO;Södermanland;Strängnäs;5.62;Bete;2002-07-29;Söderlänna2;https://etjanst.sjv.se/tuvaut/?f=&id=413-LNO;https://etjanst.sjv.se/hagenpub/rest/base/object/413-LNO;docs/tuva/sodermanland/objektrapporter/413-LNO.json
416-GFQ;Södermanland;Gnesta;1.32;Bete;2003-08-25;;https://etjanst.sjv.se/tuvaut/?f=&id=416-GFQ;https://etjanst.sjv.se/hagenpub/rest/base/object/416-GFQ;docs/tuva/sodermanland/objektrapporter/416-GFQ.json
417-MAQ;Södermanland;Katrineholm;3.66;Bete;2004-08-03;årby, varbro;https://etjanst.sjv.se/tuvaut/?f=&id=417-MAQ;https://etjanst.sjv.se/hagenpub/rest/base/object/417-MAQ;docs/tuva/sodermanland/objektrapporter/417-MAQ.json
41A-TKT;Södermanland;Strängnäs;4.63;Bete;2002-07-08;Kungsberg1;https://etjanst.sjv.se/tuvaut/?f=&id=41A-TKT;https://etjanst.sjv.se/hagenpub/rest/base/object/41A-TKT;docs/tuva/sodermanland/objektrapporter/41A-TKT.json
41B-TUK;Södermanland;Katrineholm;9.51;Bete;2004-07-26;;https://etjanst.sjv.se/tuvaut/?f=&id=41B-TUK;https://etjanst.sjv.se/hagenpub/rest/base/object/41B-TUK;docs/tuva/sodermanland/objektrapporter/41B-TUK.json
41C-BMN;Södermanland;Eskilstuna;0.79;Bete;2003-05-30;Ribbingelund-Hummelkärr5;https://etjanst.sjv.se/tuvaut/?f=&id=41C-BMN;https://etjanst.sjv.se/hagenpub/rest/base/object/41C-BMN;docs/tuva/sodermanland/objektrapporter/41C-BMN.json
41C-JTQ;Södermanland;Eskilstuna;4.32;Bete;2002-08-12;Hensta-Eneby;https://etjanst.sjv.se/tuvaut/?f=&id=41C-JTQ;https://etjanst.sjv.se/hagenpub/rest/base/object/41C-JTQ;docs/tuva/sodermanland/objektrapporter/41C-JTQ.json
41D-NVE;Södermanland;Nyköping;4.45;Bete;2003-06-10;Ullevi 3;https://etjanst.sjv.se/tuvaut/?f=&id=41D-NVE;https://etjanst.sjv.se/hagenpub/rest/base/object/41D-NVE;docs/tuva/sodermanland/objektrapporter/41D-NVE.json
41D-XWH;Södermanland;Flen;2.74;Bete;2003-09-03;;https://etjanst.sjv.se/tuvaut/?f=&id=41D-XWH;https://etjanst.sjv.se/hagenpub/rest/base/object/41D-XWH;docs/tuva/sodermanland/objektrapporter/41D-XWH.json
41F-RBE;Södermanland;Katrineholm;3.59;Äng;2026-06-17;lagmansö, brebol 2;https://etjanst.sjv.se/tuvaut/?f=&id=41F-RBE;https://etjanst.sjv.se/hagenpub/rest/base/object/41F-RBE;docs/tuva/sodermanland/objektrapporter/41F-RBE.json
420-AKF;Södermanland;Katrineholm;27.26;Bete;2003-09-12;Gimmersta 1;https://etjanst.sjv.se/tuvaut/?f=&id=420-AKF;https://etjanst.sjv.se/hagenpub/rest/base/object/420-AKF;docs/tuva/sodermanland/objektrapporter/420-AKF.json
423-ATN;Södermanland;Eskilstuna;12.36;Bete;2002-09-06;Konungsö1;https://etjanst.sjv.se/tuvaut/?f=&id=423-ATN;https://etjanst.sjv.se/hagenpub/rest/base/object/423-ATN;docs/tuva/sodermanland/objektrapporter/423-ATN.json
424-HNK;Södermanland;Nyköping;1.56;Bete;2002-07-19;;https://etjanst.sjv.se/tuvaut/?f=&id=424-HNK;https://etjanst.sjv.se/hagenpub/rest/base/object/424-HNK;docs/tuva/sodermanland/objektrapporter/424-HNK.json
426-580;Södermanland;Strängnäs;6.23;Bete;2002-05-31;Odensicke1;https://etjanst.sjv.se/tuvaut/?f=&id=426-580;https://etjanst.sjv.se/hagenpub/rest/base/object/426-580;docs/tuva/sodermanland/objektrapporter/426-580.json
428-UHN;Södermanland;Flen;0.69;Bete;2003-09-23;;https://etjanst.sjv.se/tuvaut/?f=&id=428-UHN;https://etjanst.sjv.se/hagenpub/rest/base/object/428-UHN;docs/tuva/sodermanland/objektrapporter/428-UHN.json
429-D00;Södermanland;Nyköping;4.0;Bete;2019-06-13;;https://etjanst.sjv.se/tuvaut/?f=&id=429-D00;https://etjanst.sjv.se/hagenpub/rest/base/object/429-D00;docs/tuva/sodermanland/objektrapporter/429-D00.json
429-HJQ;Södermanland;Nyköping;9.13;Bete;2004-06-04;Gladdinge mfl;https://etjanst.sjv.se/tuvaut/?f=&id=429-HJQ;https://etjanst.sjv.se/hagenpub/rest/base/object/429-HJQ;docs/tuva/sodermanland/objektrapporter/429-HJQ.json
429-UPL;Södermanland;Flen;0.53;Ej aktuell;2004-06-22;Lilla Sundby 3;https://etjanst.sjv.se/tuvaut/?f=&id=429-UPL;https://etjanst.sjv.se/hagenpub/rest/base/object/429-UPL;docs/tuva/sodermanland/objektrapporter/429-UPL.json
42B-QEP;Södermanland;Katrineholm;1.33;Äng;2018-06-08;Valdemarsön 3;https://etjanst.sjv.se/tuvaut/?f=&id=42B-QEP;https://etjanst.sjv.se/hagenpub/rest/base/object/42B-QEP;docs/tuva/sodermanland/objektrapporter/42B-QEP.json
42D-ELE;Södermanland;Flen;6.42;Bete;2004-08-02;hornsund 2;https://etjanst.sjv.se/tuvaut/?f=&id=42D-ELE;https://etjanst.sjv.se/hagenpub/rest/base/object/42D-ELE;docs/tuva/sodermanland/objektrapporter/42D-ELE.json
42E-GXF;Södermanland;Katrineholm;2.34;Bete;2004-05-10;dagöholm;https://etjanst.sjv.se/tuvaut/?f=&id=42E-GXF;https://etjanst.sjv.se/hagenpub/rest/base/object/42E-GXF;docs/tuva/sodermanland/objektrapporter/42E-GXF.json
42E-RFW;Södermanland;Gnesta;2.56;Bete;2003-09-18;Davidsstad 2;https://etjanst.sjv.se/tuvaut/?f=&id=42E-RFW;https://etjanst.sjv.se/hagenpub/rest/base/object/42E-RFW;docs/tuva/sodermanland/objektrapporter/42E-RFW.json
42F-NYL;Södermanland;Vingåker;2.16;Bete;2003-08-17;Bergatorp 1;https://etjanst.sjv.se/tuvaut/?f=&id=42F-NYL;https://etjanst.sjv.se/hagenpub/rest/base/object/42F-NYL;docs/tuva/sodermanland/objektrapporter/42F-NYL.json
42F-THS;Södermanland;Flen;8.47;Bete;2004-08-02;Kramnäs 1;https://etjanst.sjv.se/tuvaut/?f=&id=42F-THS;https://etjanst.sjv.se/hagenpub/rest/base/object/42F-THS;docs/tuva/sodermanland/objektrapporter/42F-THS.json
430-BVO;Södermanland;Gnesta;1.47;Bete;2004-06-02;Stensätter 1;https://etjanst.sjv.se/tuvaut/?f=&id=430-BVO;https://etjanst.sjv.se/hagenpub/rest/base/object/430-BVO;docs/tuva/sodermanland/objektrapporter/430-BVO.json
432-YKN;Södermanland;Strängnäs;5.3;Bete;2002-07-12;Bärby;https://etjanst.sjv.se/tuvaut/?f=&id=432-YKN;https://etjanst.sjv.se/hagenpub/rest/base/object/432-YKN;docs/tuva/sodermanland/objektrapporter/432-YKN.json
438-KSI;Södermanland;Eskilstuna;0.41;Bete;2003-09-02;Magda6;https://etjanst.sjv.se/tuvaut/?f=&id=438-KSI;https://etjanst.sjv.se/hagenpub/rest/base/object/438-KSI;docs/tuva/sodermanland/objektrapporter/438-KSI.json
439-VIT;Södermanland;Gnesta;8.67;Bete;2003-09-18;Davidsstad 1;https://etjanst.sjv.se/tuvaut/?f=&id=439-VIT;https://etjanst.sjv.se/hagenpub/rest/base/object/439-VIT;docs/tuva/sodermanland/objektrapporter/439-VIT.json
43A-DEG;Södermanland;Gnesta;1.35;Bete;2004-07-01;Önnersta 3;https://etjanst.sjv.se/tuvaut/?f=&id=43A-DEG;https://etjanst.sjv.se/hagenpub/rest/base/object/43A-DEG;docs/tuva/sodermanland/objektrapporter/43A-DEG.json
43C-QVE;Södermanland;Nyköping;2.99;Bete;2002-07-14;Rösäng;https://etjanst.sjv.se/tuvaut/?f=&id=43C-QVE;https://etjanst.sjv.se/hagenpub/rest/base/object/43C-QVE;docs/tuva/sodermanland/objektrapporter/43C-QVE.json
43E-GVW;Södermanland;Trosa;1.69;Bete;2004-08-05;Stensund 2;https://etjanst.sjv.se/tuvaut/?f=&id=43E-GVW;https://etjanst.sjv.se/hagenpub/rest/base/object/43E-GVW;docs/tuva/sodermanland/objektrapporter/43E-GVW.json
43F-AWI;Södermanland;Eskilstuna;3.81;Bete;2003-08-08;Skölby;https://etjanst.sjv.se/tuvaut/?f=&id=43F-AWI;https://etjanst.sjv.se/hagenpub/rest/base/object/43F-AWI;docs/tuva/sodermanland/objektrapporter/43F-AWI.json
43F-EGT;Södermanland;Flen;0.94;Bete;2004-06-14;Härlinge 4;https://etjanst.sjv.se/tuvaut/?f=&id=43F-EGT;https://etjanst.sjv.se/hagenpub/rest/base/object/43F-EGT;docs/tuva/sodermanland/objektrapporter/43F-EGT.json
43F-EXQ;Södermanland;Strängnäs;2.34;Bete;2002-07-17;Knutsberg;https://etjanst.sjv.se/tuvaut/?f=&id=43F-EXQ;https://etjanst.sjv.se/hagenpub/rest/base/object/43F-EXQ;docs/tuva/sodermanland/objektrapporter/43F-EXQ.json
440-QLB;Södermanland;Eskilstuna;0.83;Bete;2003-08-04;Duvetorp3;https://etjanst.sjv.se/tuvaut/?f=&id=440-QLB;https://etjanst.sjv.se/hagenpub/rest/base/object/440-QLB;docs/tuva/sodermanland/objektrapporter/440-QLB.json
441-BDW;Södermanland;Gnesta;0.75;Bete;2004-06-03;Långlid 1;https://etjanst.sjv.se/tuvaut/?f=&id=441-BDW;https://etjanst.sjv.se/hagenpub/rest/base/object/441-BDW;docs/tuva/sodermanland/objektrapporter/441-BDW.json
445-BIH;Södermanland;Katrineholm;3.53;Bete;2003-05-21;Baggetorp 1;https://etjanst.sjv.se/tuvaut/?f=&id=445-BIH;https://etjanst.sjv.se/hagenpub/rest/base/object/445-BIH;docs/tuva/sodermanland/objektrapporter/445-BIH.json
445-HUB;Södermanland;Flen;4.42;Bete;2004-07-30;Hansängen 2;https://etjanst.sjv.se/tuvaut/?f=&id=445-HUB;https://etjanst.sjv.se/hagenpub/rest/base/object/445-HUB;docs/tuva/sodermanland/objektrapporter/445-HUB.json
445-OAP;Södermanland;Katrineholm;0.65;Restaurerbar;2004-09-15;sund extra 1;https://etjanst.sjv.se/tuvaut/?f=&id=445-OAP;https://etjanst.sjv.se/hagenpub/rest/base/object/445-OAP;docs/tuva/sodermanland/objektrapporter/445-OAP.json
446-BAC;Södermanland;Eskilstuna;1.01;Bete;2002-08-26;Löten;https://etjanst.sjv.se/tuvaut/?f=&id=446-BAC;https://etjanst.sjv.se/hagenpub/rest/base/object/446-BAC;docs/tuva/sodermanland/objektrapporter/446-BAC.json
447-HDH;Södermanland;Nyköping;1.08;Bete;2002-07-08;Botten;https://etjanst.sjv.se/tuvaut/?f=&id=447-HDH;https://etjanst.sjv.se/hagenpub/rest/base/object/447-HDH;docs/tuva/sodermanland/objektrapporter/447-HDH.json
447-KBK;Södermanland;Nyköping;0.69;Bete;2003-05-27;Stockbäcken 1;https://etjanst.sjv.se/tuvaut/?f=&id=447-KBK;https://etjanst.sjv.se/hagenpub/rest/base/object/447-KBK;docs/tuva/sodermanland/objektrapporter/447-KBK.json
447-UWD;Södermanland;Flen;0.81;Bete;2004-09-01;prästbol 1;https://etjanst.sjv.se/tuvaut/?f=&id=447-UWD;https://etjanst.sjv.se/hagenpub/rest/base/object/447-UWD;docs/tuva/sodermanland/objektrapporter/447-UWD.json
44B-FDP;Södermanland;Nyköping;3.7;Bete;2003-05-23;Bullersta 1;https://etjanst.sjv.se/tuvaut/?f=&id=44B-FDP;https://etjanst.sjv.se/hagenpub/rest/base/object/44B-FDP;docs/tuva/sodermanland/objektrapporter/44B-FDP.json
44B-JLY;Södermanland;Nyköping;1.64;Bete;2004-05-12;vallby 2;https://etjanst.sjv.se/tuvaut/?f=&id=44B-JLY;https://etjanst.sjv.se/hagenpub/rest/base/object/44B-JLY;docs/tuva/sodermanland/objektrapporter/44B-JLY.json
44C-NPC;Södermanland;Flen;7.95;Restaurerbar;2004-08-18;Stenhammar;https://etjanst.sjv.se/tuvaut/?f=&id=44C-NPC;https://etjanst.sjv.se/hagenpub/rest/base/object/44C-NPC;docs/tuva/sodermanland/objektrapporter/44C-NPC.json
44C-SGX;Södermanland;Nyköping;1.0;Bete;2003-09-05;Harstahopen 2;https://etjanst.sjv.se/tuvaut/?f=&id=44C-SGX;https://etjanst.sjv.se/hagenpub/rest/base/object/44C-SGX;docs/tuva/sodermanland/objektrapporter/44C-SGX.json
44D-AJI;Södermanland;Flen;5.95;Bete;2004-08-02;Vibyholm 4;https://etjanst.sjv.se/tuvaut/?f=&id=44D-AJI;https://etjanst.sjv.se/hagenpub/rest/base/object/44D-AJI;docs/tuva/sodermanland/objektrapporter/44D-AJI.json
44E-AKN;Södermanland;Gnesta;3.6;Bete;2003-09-10;Hammersta 1;https://etjanst.sjv.se/tuvaut/?f=&id=44E-AKN;https://etjanst.sjv.se/hagenpub/rest/base/object/44E-AKN;docs/tuva/sodermanland/objektrapporter/44E-AKN.json
451-ISG;Södermanland;Eskilstuna;0.88;Bete;2003-06-03;Fiskartorp3;https://etjanst.sjv.se/tuvaut/?f=&id=451-ISG;https://etjanst.sjv.se/hagenpub/rest/base/object/451-ISG;docs/tuva/sodermanland/objektrapporter/451-ISG.json
452-E80;Södermanland;Strängnäs;7.45;Restaurerbar;2002-06-12;Viggeby;https://etjanst.sjv.se/tuvaut/?f=&id=452-E80;https://etjanst.sjv.se/hagenpub/rest/base/object/452-E80;docs/tuva/sodermanland/objektrapporter/452-E80.json
453-PGP;Södermanland;Eskilstuna;8.78;Bete;2003-05-14;Biby-Strand;https://etjanst.sjv.se/tuvaut/?f=&id=453-PGP;https://etjanst.sjv.se/hagenpub/rest/base/object/453-PGP;docs/tuva/sodermanland/objektrapporter/453-PGP.json
454-380;Södermanland;Katrineholm;2.37;Bete;2002-06-10;Löppsjötorp 2;https://etjanst.sjv.se/tuvaut/?f=&id=454-380;https://etjanst.sjv.se/hagenpub/rest/base/object/454-380;docs/tuva/sodermanland/objektrapporter/454-380.json
454-JCE;Södermanland;Flen;10.6;Bete;2004-08-02;Vibyholm 2;https://etjanst.sjv.se/tuvaut/?f=&id=454-JCE;https://etjanst.sjv.se/hagenpub/rest/base/object/454-JCE;docs/tuva/sodermanland/objektrapporter/454-JCE.json
454-SDE;Södermanland;Nyköping;0.97;Bete;2003-06-03;Farneby 2;https://etjanst.sjv.se/tuvaut/?f=&id=454-SDE;https://etjanst.sjv.se/hagenpub/rest/base/object/454-SDE;docs/tuva/sodermanland/objektrapporter/454-SDE.json
457-OQR;Södermanland;Nyköping;1.28;Äng;2004-05-14;grisskär;https://etjanst.sjv.se/tuvaut/?f=&id=457-OQR;https://etjanst.sjv.se/hagenpub/rest/base/object/457-OQR;docs/tuva/sodermanland/objektrapporter/457-OQR.json
458-ZGL;Södermanland;Flen;3.44;Bete;2004-08-02;Fållökna/Svenstorp 2;https://etjanst.sjv.se/tuvaut/?f=&id=458-ZGL;https://etjanst.sjv.se/hagenpub/rest/base/object/458-ZGL;docs/tuva/sodermanland/objektrapporter/458-ZGL.json
45C-TXV;Södermanland;Katrineholm;0.48;Bete;2003-06-05;Stora Hökhult 3;https://etjanst.sjv.se/tuvaut/?f=&id=45C-TXV;https://etjanst.sjv.se/hagenpub/rest/base/object/45C-TXV;docs/tuva/sodermanland/objektrapporter/45C-TXV.json
45F-QOI;Södermanland;Katrineholm;8.64;Bete;2002-07-10;Östra Djulö 1;https://etjanst.sjv.se/tuvaut/?f=&id=45F-QOI;https://etjanst.sjv.se/hagenpub/rest/base/object/45F-QOI;docs/tuva/sodermanland/objektrapporter/45F-QOI.json
45F-XUP;Södermanland;Vingåker;2.73;Bete;2003-09-15;;https://etjanst.sjv.se/tuvaut/?f=&id=45F-XUP;https://etjanst.sjv.se/hagenpub/rest/base/object/45F-XUP;docs/tuva/sodermanland/objektrapporter/45F-XUP.json
461-600;Södermanland;Strängnäs;2.65;Bete;2002-06-11;Åsa1;https://etjanst.sjv.se/tuvaut/?f=&id=461-600;https://etjanst.sjv.se/hagenpub/rest/base/object/461-600;docs/tuva/sodermanland/objektrapporter/461-600.json
463-OQC;Södermanland;Eskilstuna;1.43;Bete;2002-08-19;Kolsta3;https://etjanst.sjv.se/tuvaut/?f=&id=463-OQC;https://etjanst.sjv.se/hagenpub/rest/base/object/463-OQC;docs/tuva/sodermanland/objektrapporter/463-OQC.json
463-TEF;Södermanland;Eskilstuna;35.15;Bete;2002-08-21;Västerby;https://etjanst.sjv.se/tuvaut/?f=&id=463-TEF;https://etjanst.sjv.se/hagenpub/rest/base/object/463-TEF;docs/tuva/sodermanland/objektrapporter/463-TEF.json
463-WSK;Södermanland;Vingåker;0.83;Bete;2003-09-03;;https://etjanst.sjv.se/tuvaut/?f=&id=463-WSK;https://etjanst.sjv.se/hagenpub/rest/base/object/463-WSK;docs/tuva/sodermanland/objektrapporter/463-WSK.json
466-CCC;Södermanland;Katrineholm;0.91;Bete;2004-06-12;kalsta;https://etjanst.sjv.se/tuvaut/?f=&id=466-CCC;https://etjanst.sjv.se/hagenpub/rest/base/object/466-CCC;docs/tuva/sodermanland/objektrapporter/466-CCC.json
467-F80;Södermanland;Eskilstuna;5.37;Bete;2002-05-17;Hedtorp4;https://etjanst.sjv.se/tuvaut/?f=&id=467-F80;https://etjanst.sjv.se/hagenpub/rest/base/object/467-F80;docs/tuva/sodermanland/objektrapporter/467-F80.json
468-CPA;Södermanland;Nyköping;1.7;Bete;2003-09-05;Harstahopen;https://etjanst.sjv.se/tuvaut/?f=&id=468-CPA;https://etjanst.sjv.se/hagenpub/rest/base/object/468-CPA;docs/tuva/sodermanland/objektrapporter/468-CPA.json
469-MBQ;Södermanland;Flen;1.63;Bete;2003-08-29;Mortorp1;https://etjanst.sjv.se/tuvaut/?f=&id=469-MBQ;https://etjanst.sjv.se/hagenpub/rest/base/object/469-MBQ;docs/tuva/sodermanland/objektrapporter/469-MBQ.json
46A-800;Södermanland;Flen;5.92;Restaurerbar;2002-05-15;Ådö2;https://etjanst.sjv.se/tuvaut/?f=&id=46A-800;https://etjanst.sjv.se/hagenpub/rest/base/object/46A-800;docs/tuva/sodermanland/objektrapporter/46A-800.json
46A-WTL;Södermanland;Flen;1.45;Bete;2004-08-06;vik 1;https://etjanst.sjv.se/tuvaut/?f=&id=46A-WTL;https://etjanst.sjv.se/hagenpub/rest/base/object/46A-WTL;docs/tuva/sodermanland/objektrapporter/46A-WTL.json
46A-ZGG;Södermanland;Gnesta;3.31;Restaurerbar;2003-09-29;Kärvsätter 2;https://etjanst.sjv.se/tuvaut/?f=&id=46A-ZGG;https://etjanst.sjv.se/hagenpub/rest/base/object/46A-ZGG;docs/tuva/sodermanland/objektrapporter/46A-ZGG.json
46C-JAJ;Södermanland;Trosa;7.51;Bete;2026-08-13;Ryssland 1;https://etjanst.sjv.se/tuvaut/?f=&id=46C-JAJ;https://etjanst.sjv.se/hagenpub/rest/base/object/46C-JAJ;docs/tuva/sodermanland/objektrapporter/46C-JAJ.json
46C-QYI;Södermanland;Gnesta;4.39;Bete;2004-07-29;Kleva;https://etjanst.sjv.se/tuvaut/?f=&id=46C-QYI;https://etjanst.sjv.se/hagenpub/rest/base/object/46C-QYI;docs/tuva/sodermanland/objektrapporter/46C-QYI.json
46D-400;Södermanland;Nyköping;5.49;Restaurerbar;2002-06-07;Nynäs, Utängstugan;https://etjanst.sjv.se/tuvaut/?f=&id=46D-400;https://etjanst.sjv.se/hagenpub/rest/base/object/46D-400;docs/tuva/sodermanland/objektrapporter/46D-400.json
46D-HDH;Södermanland;Gnesta;1.17;Bete;2004-07-01;Smedsta;https://etjanst.sjv.se/tuvaut/?f=&id=46D-HDH;https://etjanst.sjv.se/hagenpub/rest/base/object/46D-HDH;docs/tuva/sodermanland/objektrapporter/46D-HDH.json
46E-F80;Södermanland;Gnesta;4.69;Bete;2002-05-17;Åttersta 2;https://etjanst.sjv.se/tuvaut/?f=&id=46E-F80;https://etjanst.sjv.se/hagenpub/rest/base/object/46E-F80;docs/tuva/sodermanland/objektrapporter/46E-F80.json
46E-VGY;Södermanland;Flen;0.14;Bete;2004-08-09;norrkärr 3;https://etjanst.sjv.se/tuvaut/?f=&id=46E-VGY;https://etjanst.sjv.se/hagenpub/rest/base/object/46E-VGY;docs/tuva/sodermanland/objektrapporter/46E-VGY.json
46F-OVV;Södermanland;Katrineholm;4.37;Bete;2003-07-03;Getebokärret;https://etjanst.sjv.se/tuvaut/?f=&id=46F-OVV;https://etjanst.sjv.se/hagenpub/rest/base/object/46F-OVV;docs/tuva/sodermanland/objektrapporter/46F-OVV.json
470-RQY;Södermanland;Vingåker;0.6;Bete;2004-09-09;bjursätter;https://etjanst.sjv.se/tuvaut/?f=&id=470-RQY;https://etjanst.sjv.se/hagenpub/rest/base/object/470-RQY;docs/tuva/sodermanland/objektrapporter/470-RQY.json
472-AGA;Södermanland;Flen;1.74;Bete;2004-05-27;Stäringe 2;https://etjanst.sjv.se/tuvaut/?f=&id=472-AGA;https://etjanst.sjv.se/hagenpub/rest/base/object/472-AGA;docs/tuva/sodermanland/objektrapporter/472-AGA.json
472-ZKQ;Södermanland;Vingåker;0.39;Bete;2003-09-15;;https://etjanst.sjv.se/tuvaut/?f=&id=472-ZKQ;https://etjanst.sjv.se/hagenpub/rest/base/object/472-ZKQ;docs/tuva/sodermanland/objektrapporter/472-ZKQ.json
479-BVT;Södermanland;Katrineholm;2.0;Bete;2004-07-02;simonstorp 2;https://etjanst.sjv.se/tuvaut/?f=&id=479-BVT;https://etjanst.sjv.se/hagenpub/rest/base/object/479-BVT;docs/tuva/sodermanland/objektrapporter/479-BVT.json
479-NKT;Södermanland;Nyköping;0.67;Bete;2002-07-12;Snäcktorp;https://etjanst.sjv.se/tuvaut/?f=&id=479-NKT;https://etjanst.sjv.se/hagenpub/rest/base/object/479-NKT;docs/tuva/sodermanland/objektrapporter/479-NKT.json
47A-LBF;Södermanland;Flen;5.88;Bete;2004-06-15;Fyrby;https://etjanst.sjv.se/tuvaut/?f=&id=47A-LBF;https://etjanst.sjv.se/hagenpub/rest/base/object/47A-LBF;docs/tuva/sodermanland/objektrapporter/47A-LBF.json
47E-LUT;Södermanland;Nyköping;1.61;Bete;2002-08-15;Baggebol;https://etjanst.sjv.se/tuvaut/?f=&id=47E-LUT;https://etjanst.sjv.se/hagenpub/rest/base/object/47E-LUT;docs/tuva/sodermanland/objektrapporter/47E-LUT.json
47E-YTO;Södermanland;Flen;1.32;Bete;2003-07-29;Valsta 2;https://etjanst.sjv.se/tuvaut/?f=&id=47E-YTO;https://etjanst.sjv.se/hagenpub/rest/base/object/47E-YTO;docs/tuva/sodermanland/objektrapporter/47E-YTO.json
47F-CKA;Södermanland;Gnesta;2.11;Bete;2004-06-30;Stora Mälby;https://etjanst.sjv.se/tuvaut/?f=&id=47F-CKA;https://etjanst.sjv.se/hagenpub/rest/base/object/47F-CKA;docs/tuva/sodermanland/objektrapporter/47F-CKA.json
480-C80;Södermanland;Katrineholm;1.48;Bete;2002-06-11;Billstorp 1;https://etjanst.sjv.se/tuvaut/?f=&id=480-C80;https://etjanst.sjv.se/hagenpub/rest/base/object/480-C80;docs/tuva/sodermanland/objektrapporter/480-C80.json
480-GFZ;Södermanland;Nyköping;6.49;Bete;2002-07-15;Stubbstugan;https://etjanst.sjv.se/tuvaut/?f=&id=480-GFZ;https://etjanst.sjv.se/hagenpub/rest/base/object/480-GFZ;docs/tuva/sodermanland/objektrapporter/480-GFZ.json
482-RUS;Södermanland;Vingåker;1.5;Bete;2003-08-06;Dal 1;https://etjanst.sjv.se/tuvaut/?f=&id=482-RUS;https://etjanst.sjv.se/hagenpub/rest/base/object/482-RUS;docs/tuva/sodermanland/objektrapporter/482-RUS.json
483-D00;Södermanland;Nyköping;1.67;Bete;2002-07-02;Stora Älghammar;https://etjanst.sjv.se/tuvaut/?f=&id=483-D00;https://etjanst.sjv.se/hagenpub/rest/base/object/483-D00;docs/tuva/sodermanland/objektrapporter/483-D00.json
484-QQY;Södermanland;Katrineholm;4.04;Bete;2004-07-20;granhed 3;https://etjanst.sjv.se/tuvaut/?f=&id=484-QQY;https://etjanst.sjv.se/hagenpub/rest/base/object/484-QQY;docs/tuva/sodermanland/objektrapporter/484-QQY.json
485-RGN;Södermanland;Flen;4.73;Bete;2004-06-21;Lilla Sundby 1;https://etjanst.sjv.se/tuvaut/?f=&id=485-RGN;https://etjanst.sjv.se/hagenpub/rest/base/object/485-RGN;docs/tuva/sodermanland/objektrapporter/485-RGN.json
48B-AMD;Södermanland;Katrineholm;0.59;Bete;2004-09-14;ändebolsstugan;https://etjanst.sjv.se/tuvaut/?f=&id=48B-AMD;https://etjanst.sjv.se/hagenpub/rest/base/object/48B-AMD;docs/tuva/sodermanland/objektrapporter/48B-AMD.json
48D-980;Södermanland;Katrineholm;6.27;Bete;2002-05-28;djupvik;https://etjanst.sjv.se/tuvaut/?f=&id=48D-980;https://etjanst.sjv.se/hagenpub/rest/base/object/48D-980;docs/tuva/sodermanland/objektrapporter/48D-980.json
48D-REL;Södermanland;Nyköping;9.15;Bete;2004-07-30;Edeby 1;https://etjanst.sjv.se/tuvaut/?f=&id=48D-REL;https://etjanst.sjv.se/hagenpub/rest/base/object/48D-REL;docs/tuva/sodermanland/objektrapporter/48D-REL.json
490-USD;Södermanland;Nyköping;23.35;Bete;2003-05-28;Tå;https://etjanst.sjv.se/tuvaut/?f=&id=490-USD;https://etjanst.sjv.se/hagenpub/rest/base/object/490-USD;docs/tuva/sodermanland/objektrapporter/490-USD.json
490-YHN;Södermanland;Vingåker;2.94;Bete;2003-09-07;;https://etjanst.sjv.se/tuvaut/?f=&id=490-YHN;https://etjanst.sjv.se/hagenpub/rest/base/object/490-YHN;docs/tuva/sodermanland/objektrapporter/490-YHN.json
495-LNA;Södermanland;Nyköping;0.8;Restaurerbar;2002-09-11;Löfsund;https://etjanst.sjv.se/tuvaut/?f=&id=495-LNA;https://etjanst.sjv.se/hagenpub/rest/base/object/495-LNA;docs/tuva/sodermanland/objektrapporter/495-LNA.json
496-XXF;Södermanland;Katrineholm;8.28;Bete;2003-07-24;Vedbo 2;https://etjanst.sjv.se/tuvaut/?f=&id=496-XXF;https://etjanst.sjv.se/hagenpub/rest/base/object/496-XXF;docs/tuva/sodermanland/objektrapporter/496-XXF.json
497-E80;Södermanland;Nyköping;2.29;Restaurerbar;2002-06-28;Björksund;https://etjanst.sjv.se/tuvaut/?f=&id=497-E80;https://etjanst.sjv.se/hagenpub/rest/base/object/497-E80;docs/tuva/sodermanland/objektrapporter/497-E80.json
497-XDU;Södermanland;Katrineholm;5.82;Restaurerbar;2002-08-06;Ramningstorp 3;https://etjanst.sjv.se/tuvaut/?f=&id=497-XDU;https://etjanst.sjv.se/hagenpub/rest/base/object/497-XDU;docs/tuva/sodermanland/objektrapporter/497-XDU.json
498-HAU;Södermanland;Katrineholm;0.2;Bete;2003-06-05;Åsen 2;https://etjanst.sjv.se/tuvaut/?f=&id=498-HAU;https://etjanst.sjv.se/hagenpub/rest/base/object/498-HAU;docs/tuva/sodermanland/objektrapporter/498-HAU.json
498-QJD;Södermanland;Katrineholm;2.59;Bete;2002-09-04;Sörgölet;https://etjanst.sjv.se/tuvaut/?f=&id=498-QJD;https://etjanst.sjv.se/hagenpub/rest/base/object/498-QJD;docs/tuva/sodermanland/objektrapporter/498-QJD.json
499-700;Södermanland;Katrineholm;4.09;Bete;2002-07-03;Myrkärr 3;https://etjanst.sjv.se/tuvaut/?f=&id=499-700;https://etjanst.sjv.se/hagenpub/rest/base/object/499-700;docs/tuva/sodermanland/objektrapporter/499-700.json
49B-ROJ;Södermanland;Vingåker;1.62;Bete;2003-06-30;Marsjö 1;https://etjanst.sjv.se/tuvaut/?f=&id=49B-ROJ;https://etjanst.sjv.se/hagenpub/rest/base/object/49B-ROJ;docs/tuva/sodermanland/objektrapporter/49B-ROJ.json
49B-ZUP;Södermanland;Katrineholm;1.05;Bete;2003-05-21;Abbotnäs 3;https://etjanst.sjv.se/tuvaut/?f=&id=49B-ZUP;https://etjanst.sjv.se/hagenpub/rest/base/object/49B-ZUP;docs/tuva/sodermanland/objektrapporter/49B-ZUP.json
49C-GRJ;Södermanland;Eskilstuna;12.21;Bete;2003-08-12;Sandvik;https://etjanst.sjv.se/tuvaut/?f=&id=49C-GRJ;https://etjanst.sjv.se/hagenpub/rest/base/object/49C-GRJ;docs/tuva/sodermanland/objektrapporter/49C-GRJ.json
49D-VUR;Södermanland;Flen;0.5;Bete;2004-08-24;bronäs 3;https://etjanst.sjv.se/tuvaut/?f=&id=49D-VUR;https://etjanst.sjv.se/hagenpub/rest/base/object/49D-VUR;docs/tuva/sodermanland/objektrapporter/49D-VUR.json
4A0-OCT;Södermanland;Vingåker;3.59;Bete;2003-08-16;;https://etjanst.sjv.se/tuvaut/?f=&id=4A0-OCT;https://etjanst.sjv.se/hagenpub/rest/base/object/4A0-OCT;docs/tuva/sodermanland/objektrapporter/4A0-OCT.json
4A0-USM;Södermanland;Gnesta;12.2;Bete;2003-08-28;Berga;https://etjanst.sjv.se/tuvaut/?f=&id=4A0-USM;https://etjanst.sjv.se/hagenpub/rest/base/object/4A0-USM;docs/tuva/sodermanland/objektrapporter/4A0-USM.json
4A0-ZSU;Södermanland;Gnesta;0.4;Äng;2004-06-17;Lilla Brandsbol 2;https://etjanst.sjv.se/tuvaut/?f=&id=4A0-ZSU;https://etjanst.sjv.se/hagenpub/rest/base/object/4A0-ZSU;docs/tuva/sodermanland/objektrapporter/4A0-ZSU.json
4A1-VEC;Södermanland;Eskilstuna;1.4;Bete;2003-07-02;Biby-Snickartorp;https://etjanst.sjv.se/tuvaut/?f=&id=4A1-VEC;https://etjanst.sjv.se/hagenpub/rest/base/object/4A1-VEC;docs/tuva/sodermanland/objektrapporter/4A1-VEC.json
4A3-IQA;Södermanland;Flen;3.4;Bete;2004-05-28;;https://etjanst.sjv.se/tuvaut/?f=&id=4A3-IQA;https://etjanst.sjv.se/hagenpub/rest/base/object/4A3-IQA;docs/tuva/sodermanland/objektrapporter/4A3-IQA.json
4A3-LNX;Södermanland;Nyköping;1.76;Restaurerbar;2004-08-10;Långö 6;https://etjanst.sjv.se/tuvaut/?f=&id=4A3-LNX;https://etjanst.sjv.se/hagenpub/rest/base/object/4A3-LNX;docs/tuva/sodermanland/objektrapporter/4A3-LNX.json
4A5-INE;Södermanland;Nyköping;4.77;Bete;2004-06-09;Landhammar 2;https://etjanst.sjv.se/tuvaut/?f=&id=4A5-INE;https://etjanst.sjv.se/hagenpub/rest/base/object/4A5-INE;docs/tuva/sodermanland/objektrapporter/4A5-INE.json
4A5-QRB;Södermanland;Nyköping;2.1;Bete;2002-07-18;Törsta;https://etjanst.sjv.se/tuvaut/?f=&id=4A5-QRB;https://etjanst.sjv.se/hagenpub/rest/base/object/4A5-QRB;docs/tuva/sodermanland/objektrapporter/4A5-QRB.json
4A6-680;Södermanland;Strängnäs;3.95;Bete;2002-06-13;Tynäs1;https://etjanst.sjv.se/tuvaut/?f=&id=4A6-680;https://etjanst.sjv.se/hagenpub/rest/base/object/4A6-680;docs/tuva/sodermanland/objektrapporter/4A6-680.json
4A6-880;Södermanland;Nyköping;1.84;Bete;2002-07-03;Överbo;https://etjanst.sjv.se/tuvaut/?f=&id=4A6-880;https://etjanst.sjv.se/hagenpub/rest/base/object/4A6-880;docs/tuva/sodermanland/objektrapporter/4A6-880.json
4A6-DCZ;Södermanland;Nyköping;0.54;Bete;2003-06-06;Berga 2;https://etjanst.sjv.se/tuvaut/?f=&id=4A6-DCZ;https://etjanst.sjv.se/hagenpub/rest/base/object/4A6-DCZ;docs/tuva/sodermanland/objektrapporter/4A6-DCZ.json
4A8-CMN;Södermanland;Katrineholm;0.6;Bete;2003-07-09;Leråsen 2;https://etjanst.sjv.se/tuvaut/?f=&id=4A8-CMN;https://etjanst.sjv.se/hagenpub/rest/base/object/4A8-CMN;docs/tuva/sodermanland/objektrapporter/4A8-CMN.json
4A8-COR;Södermanland;Katrineholm;1.9;Bete;2004-09-01;ekeby extra 1;https://etjanst.sjv.se/tuvaut/?f=&id=4A8-COR;https://etjanst.sjv.se/hagenpub/rest/base/object/4A8-COR;docs/tuva/sodermanland/objektrapporter/4A8-COR.json
4AA-CYC;Södermanland;Katrineholm;0.61;Bete;2003-07-11;;https://etjanst.sjv.se/tuvaut/?f=&id=4AA-CYC;https://etjanst.sjv.se/hagenpub/rest/base/object/4AA-CYC;docs/tuva/sodermanland/objektrapporter/4AA-CYC.json
4AA-FSZ;Södermanland;Nyköping;5.38;Bete;2004-09-09;Tystberga;https://etjanst.sjv.se/tuvaut/?f=&id=4AA-FSZ;https://etjanst.sjv.se/hagenpub/rest/base/object/4AA-FSZ;docs/tuva/sodermanland/objektrapporter/4AA-FSZ.json
4AA-QNQ;Södermanland;Eskilstuna;8.29;Bete;2003-07-25;Almby;https://etjanst.sjv.se/tuvaut/?f=&id=4AA-QNQ;https://etjanst.sjv.se/hagenpub/rest/base/object/4AA-QNQ;docs/tuva/sodermanland/objektrapporter/4AA-QNQ.json
4AC-LXA;Södermanland;Gnesta;8.15;Bete;2004-06-07;Graneberg 1;https://etjanst.sjv.se/tuvaut/?f=&id=4AC-LXA;https://etjanst.sjv.se/hagenpub/rest/base/object/4AC-LXA;docs/tuva/sodermanland/objektrapporter/4AC-LXA.json
4AD-EXZ;Södermanland;Katrineholm;1.45;Bete;2003-07-14;Sarpetorp 2;https://etjanst.sjv.se/tuvaut/?f=&id=4AD-EXZ;https://etjanst.sjv.se/hagenpub/rest/base/object/4AD-EXZ;docs/tuva/sodermanland/objektrapporter/4AD-EXZ.json
4AE-600;Södermanland;Strängnäs;2.58;Restaurerbar;2002-07-02;Bergshammar4;https://etjanst.sjv.se/tuvaut/?f=&id=4AE-600;https://etjanst.sjv.se/hagenpub/rest/base/object/4AE-600;docs/tuva/sodermanland/objektrapporter/4AE-600.json
4AE-HTW;Södermanland;Vingåker;15.89;Ej aktuell;2003-09-03;Hulla-Lindtäppan;https://etjanst.sjv.se/tuvaut/?f=&id=4AE-HTW;https://etjanst.sjv.se/hagenpub/rest/base/object/4AE-HTW;docs/tuva/sodermanland/objektrapporter/4AE-HTW.json
4B1-TAG;Södermanland;Nyköping;0.44;Ej aktuell;2004-09-09;Sulsta 3;https://etjanst.sjv.se/tuvaut/?f=&id=4B1-TAG;https://etjanst.sjv.se/hagenpub/rest/base/object/4B1-TAG;docs/tuva/sodermanland/objektrapporter/4B1-TAG.json
4B2-KIC;Södermanland;Nyköping;1.71;Bete;2003-05-16;Strand 1;https://etjanst.sjv.se/tuvaut/?f=&id=4B2-KIC;https://etjanst.sjv.se/hagenpub/rest/base/object/4B2-KIC;docs/tuva/sodermanland/objektrapporter/4B2-KIC.json
4B2-OEI;Södermanland;Eskilstuna;5.0;Bete;2002-08-26;Ralleslog;https://etjanst.sjv.se/tuvaut/?f=&id=4B2-OEI;https://etjanst.sjv.se/hagenpub/rest/base/object/4B2-OEI;docs/tuva/sodermanland/objektrapporter/4B2-OEI.json
4B7-C80;Södermanland;Nyköping;13.79;Bete;2002-05-10;;https://etjanst.sjv.se/tuvaut/?f=&id=4B7-C80;https://etjanst.sjv.se/hagenpub/rest/base/object/4B7-C80;docs/tuva/sodermanland/objektrapporter/4B7-C80.json
4B7-RCG;Södermanland;Trosa;0.69;Bete;2004-05-27;Sille 1;https://etjanst.sjv.se/tuvaut/?f=&id=4B7-RCG;https://etjanst.sjv.se/hagenpub/rest/base/object/4B7-RCG;docs/tuva/sodermanland/objektrapporter/4B7-RCG.json
4B9-VJK;Södermanland;Vingåker;0.95;Bete;2003-08-18;;https://etjanst.sjv.se/tuvaut/?f=&id=4B9-VJK;https://etjanst.sjv.se/hagenpub/rest/base/object/4B9-VJK;docs/tuva/sodermanland/objektrapporter/4B9-VJK.json
4C1-ICV;Södermanland;Katrineholm;12.59;Bete;2002-08-08;Jonstorp;https://etjanst.sjv.se/tuvaut/?f=&id=4C1-ICV;https://etjanst.sjv.se/hagenpub/rest/base/object/4C1-ICV;docs/tuva/sodermanland/objektrapporter/4C1-ICV.json
4C1-XSO;Södermanland;Katrineholm;1.35;Bete;2002-08-12;Högen 2;https://etjanst.sjv.se/tuvaut/?f=&id=4C1-XSO;https://etjanst.sjv.se/hagenpub/rest/base/object/4C1-XSO;docs/tuva/sodermanland/objektrapporter/4C1-XSO.json
4C4-780;Södermanland;Nyköping;0.18;Bete;2002-06-17;Törstalund;https://etjanst.sjv.se/tuvaut/?f=&id=4C4-780;https://etjanst.sjv.se/hagenpub/rest/base/object/4C4-780;docs/tuva/sodermanland/objektrapporter/4C4-780.json
4C5-BSM;Södermanland;Flen;2.24;Bete;2004-06-28;Torp 1;https://etjanst.sjv.se/tuvaut/?f=&id=4C5-BSM;https://etjanst.sjv.se/hagenpub/rest/base/object/4C5-BSM;docs/tuva/sodermanland/objektrapporter/4C5-BSM.json
4C6-KHQ;Södermanland;Flen;1.02;Bete;2004-07-09;Hall 3;https://etjanst.sjv.se/tuvaut/?f=&id=4C6-KHQ;https://etjanst.sjv.se/hagenpub/rest/base/object/4C6-KHQ;docs/tuva/sodermanland/objektrapporter/4C6-KHQ.json
4CA-C80;Södermanland;Strängnäs;1.77;Bete;2002-05-28;Näsby4;https://etjanst.sjv.se/tuvaut/?f=&id=4CA-C80;https://etjanst.sjv.se/hagenpub/rest/base/object/4CA-C80;docs/tuva/sodermanland/objektrapporter/4CA-C80.json
4CB-BQQ;Södermanland;Eskilstuna;2.51;Bete;2003-06-12;Järpeberg5;https://etjanst.sjv.se/tuvaut/?f=&id=4CB-BQQ;https://etjanst.sjv.se/hagenpub/rest/base/object/4CB-BQQ;docs/tuva/sodermanland/objektrapporter/4CB-BQQ.json
4CE-XZG;Södermanland;Nyköping;0.65;Bete;2003-09-10;Långbro 3;https://etjanst.sjv.se/tuvaut/?f=&id=4CE-XZG;https://etjanst.sjv.se/hagenpub/rest/base/object/4CE-XZG;docs/tuva/sodermanland/objektrapporter/4CE-XZG.json
4CF-HCY;Södermanland;Flen;1.99;Bete;2003-08-15;Ekensholm 3;https://etjanst.sjv.se/tuvaut/?f=&id=4CF-HCY;https://etjanst.sjv.se/hagenpub/rest/base/object/4CF-HCY;docs/tuva/sodermanland/objektrapporter/4CF-HCY.json
4D3-LHZ;Södermanland;Nyköping;0.86;Bete;2003-05-28;;https://etjanst.sjv.se/tuvaut/?f=&id=4D3-LHZ;https://etjanst.sjv.se/hagenpub/rest/base/object/4D3-LHZ;docs/tuva/sodermanland/objektrapporter/4D3-LHZ.json
4D3-TJS;Södermanland;Nyköping;7.99;Bete;2004-08-09;Långö 8;https://etjanst.sjv.se/tuvaut/?f=&id=4D3-TJS;https://etjanst.sjv.se/hagenpub/rest/base/object/4D3-TJS;docs/tuva/sodermanland/objektrapporter/4D3-TJS.json
4D6-GMV;Södermanland;Flen;12.16;Bete;2004-07-22;harpsund 5;https://etjanst.sjv.se/tuvaut/?f=&id=4D6-GMV;https://etjanst.sjv.se/hagenpub/rest/base/object/4D6-GMV;docs/tuva/sodermanland/objektrapporter/4D6-GMV.json
4D8-GNY;Södermanland;Gnesta;0.55;Ej aktuell;2004-06-17;Lilla Brandsbol 7;https://etjanst.sjv.se/tuvaut/?f=&id=4D8-GNY;https://etjanst.sjv.se/hagenpub/rest/base/object/4D8-GNY;docs/tuva/sodermanland/objektrapporter/4D8-GNY.json
4D8-XJM;Södermanland;Nyköping;12.53;Bete;2002-09-11;Löfsund;https://etjanst.sjv.se/tuvaut/?f=&id=4D8-XJM;https://etjanst.sjv.se/hagenpub/rest/base/object/4D8-XJM;docs/tuva/sodermanland/objektrapporter/4D8-XJM.json
4D9-AEZ;Södermanland;Nyköping;6.16;Bete;2002-07-19;Arnö;https://etjanst.sjv.se/tuvaut/?f=&id=4D9-AEZ;https://etjanst.sjv.se/hagenpub/rest/base/object/4D9-AEZ;docs/tuva/sodermanland/objektrapporter/4D9-AEZ.json
4D9-SPK;Södermanland;Katrineholm;10.04;Bete;2002-08-19;Ökna;https://etjanst.sjv.se/tuvaut/?f=&id=4D9-SPK;https://etjanst.sjv.se/hagenpub/rest/base/object/4D9-SPK;docs/tuva/sodermanland/objektrapporter/4D9-SPK.json
4D9-SUQ;Södermanland;Eskilstuna;1.12;Bete;2003-07-22;Husby1;https://etjanst.sjv.se/tuvaut/?f=&id=4D9-SUQ;https://etjanst.sjv.se/hagenpub/rest/base/object/4D9-SUQ;docs/tuva/sodermanland/objektrapporter/4D9-SUQ.json
4DA-E80;Södermanland;Nyköping;0.5;Restaurerbar;2002-06-29;Ärsta;https://etjanst.sjv.se/tuvaut/?f=&id=4DA-E80;https://etjanst.sjv.se/hagenpub/rest/base/object/4DA-E80;docs/tuva/sodermanland/objektrapporter/4DA-E80.json
4DA-F00;Södermanland;Nyköping;12.63;Bete;2002-04-29;;https://etjanst.sjv.se/tuvaut/?f=&id=4DA-F00;https://etjanst.sjv.se/hagenpub/rest/base/object/4DA-F00;docs/tuva/sodermanland/objektrapporter/4DA-F00.json
4DC-YAB;Södermanland;Katrineholm;2.48;Restaurerbar;2004-09-15;hjulsta;https://etjanst.sjv.se/tuvaut/?f=&id=4DC-YAB;https://etjanst.sjv.se/hagenpub/rest/base/object/4DC-YAB;docs/tuva/sodermanland/objektrapporter/4DC-YAB.json
4DF-KOW;Södermanland;Eskilstuna;2.22;Bete;2003-08-28;Stora Nyby;https://etjanst.sjv.se/tuvaut/?f=&id=4DF-KOW;https://etjanst.sjv.se/hagenpub/rest/base/object/4DF-KOW;docs/tuva/sodermanland/objektrapporter/4DF-KOW.json
4E0-VEC;Södermanland;Katrineholm;1.37;Bete;2003-07-03;Rosslen 2;https://etjanst.sjv.se/tuvaut/?f=&id=4E0-VEC;https://etjanst.sjv.se/hagenpub/rest/base/object/4E0-VEC;docs/tuva/sodermanland/objektrapporter/4E0-VEC.json
4E0-XOX;Södermanland;Nyköping;1.55;Äng;2004-05-17;valva 5;https://etjanst.sjv.se/tuvaut/?f=&id=4E0-XOX;https://etjanst.sjv.se/hagenpub/rest/base/object/4E0-XOX;docs/tuva/sodermanland/objektrapporter/4E0-XOX.json
4E1-EKB;Södermanland;Vingåker;6.06;Bete;2003-08-10;Vittorp 1;https://etjanst.sjv.se/tuvaut/?f=&id=4E1-EKB;https://etjanst.sjv.se/hagenpub/rest/base/object/4E1-EKB;docs/tuva/sodermanland/objektrapporter/4E1-EKB.json
4E2-PGO;Södermanland;Katrineholm;6.22;Bete;2003-06-12;Staffanstorp;https://etjanst.sjv.se/tuvaut/?f=&id=4E2-PGO;https://etjanst.sjv.se/hagenpub/rest/base/object/4E2-PGO;docs/tuva/sodermanland/objektrapporter/4E2-PGO.json
4E5-AWI;Södermanland;Vingåker;0.43;Bete;2003-09-03;;https://etjanst.sjv.se/tuvaut/?f=&id=4E5-AWI;https://etjanst.sjv.se/hagenpub/rest/base/object/4E5-AWI;docs/tuva/sodermanland/objektrapporter/4E5-AWI.json
4E5-BSB;Södermanland;Nyköping;8.78;Bete;2002-08-08;Ärsta;https://etjanst.sjv.se/tuvaut/?f=&id=4E5-BSB;https://etjanst.sjv.se/hagenpub/rest/base/object/4E5-BSB;docs/tuva/sodermanland/objektrapporter/4E5-BSB.json
4E5-NSJ;Södermanland;Katrineholm;8.47;Bete;2002-07-06;Gölet;https://etjanst.sjv.se/tuvaut/?f=&id=4E5-NSJ;https://etjanst.sjv.se/hagenpub/rest/base/object/4E5-NSJ;docs/tuva/sodermanland/objektrapporter/4E5-NSJ.json
4E6-KMZ;Södermanland;Flen;3.78;Bete;2004-07-27;Näsby;https://etjanst.sjv.se/tuvaut/?f=&id=4E6-KMZ;https://etjanst.sjv.se/hagenpub/rest/base/object/4E6-KMZ;docs/tuva/sodermanland/objektrapporter/4E6-KMZ.json
4E6-QDQ;Södermanland;Gnesta;2.57;Bete;2004-06-22;Krogstorp 2;https://etjanst.sjv.se/tuvaut/?f=&id=4E6-QDQ;https://etjanst.sjv.se/hagenpub/rest/base/object/4E6-QDQ;docs/tuva/sodermanland/objektrapporter/4E6-QDQ.json
4E8-PPR;Södermanland;Eskilstuna;3.76;Bete;2002-09-24;Högberga;https://etjanst.sjv.se/tuvaut/?f=&id=4E8-PPR;https://etjanst.sjv.se/hagenpub/rest/base/object/4E8-PPR;docs/tuva/sodermanland/objektrapporter/4E8-PPR.json
4E9-USM;Södermanland;Gnesta;1.48;Bete;2003-09-16;Ekeby 1;https://etjanst.sjv.se/tuvaut/?f=&id=4E9-USM;https://etjanst.sjv.se/hagenpub/rest/base/object/4E9-USM;docs/tuva/sodermanland/objektrapporter/4E9-USM.json
4EA-YIX;Södermanland;Eskilstuna;5.83;Bete;2003-08-01;Hagby4;https://etjanst.sjv.se/tuvaut/?f=&id=4EA-YIX;https://etjanst.sjv.se/hagenpub/rest/base/object/4EA-YIX;docs/tuva/sodermanland/objektrapporter/4EA-YIX.json
4EA-ZXR;Södermanland;Katrineholm;3.86;Bete;2002-08-14;Dal 1;https://etjanst.sjv.se/tuvaut/?f=&id=4EA-ZXR;https://etjanst.sjv.se/hagenpub/rest/base/object/4EA-ZXR;docs/tuva/sodermanland/objektrapporter/4EA-ZXR.json
4EC-BVO;Södermanland;Gnesta;0.89;Bete;2003-08-20;Vreta 2;https://etjanst.sjv.se/tuvaut/?f=&id=4EC-BVO;https://etjanst.sjv.se/hagenpub/rest/base/object/4EC-BVO;docs/tuva/sodermanland/objektrapporter/4EC-BVO.json
4F1-PIZ;Södermanland;Katrineholm;2.86;Bete;2002-08-14;Kårmossen 3;https://etjanst.sjv.se/tuvaut/?f=&id=4F1-PIZ;https://etjanst.sjv.se/hagenpub/rest/base/object/4F1-PIZ;docs/tuva/sodermanland/objektrapporter/4F1-PIZ.json
4F2-PZO;Södermanland;Flen;1.14;Bete;2004-07-21;lövsätter;https://etjanst.sjv.se/tuvaut/?f=&id=4F2-PZO;https://etjanst.sjv.se/hagenpub/rest/base/object/4F2-PZO;docs/tuva/sodermanland/objektrapporter/4F2-PZO.json
4F2-ZEV;Södermanland;Nyköping;4.7;Bete;2003-05-26;Börsta 1;https://etjanst.sjv.se/tuvaut/?f=&id=4F2-ZEV;https://etjanst.sjv.se/hagenpub/rest/base/object/4F2-ZEV;docs/tuva/sodermanland/objektrapporter/4F2-ZEV.json
4F9-VTQ;Södermanland;Trosa;3.46;Bete;2004-05-17;Ryssland 3;https://etjanst.sjv.se/tuvaut/?f=&id=4F9-VTQ;https://etjanst.sjv.se/hagenpub/rest/base/object/4F9-VTQ;docs/tuva/sodermanland/objektrapporter/4F9-VTQ.json
4FB-400;Södermanland;Strängnäs;13.44;Bete;2002-06-13;Gorsingeholm;https://etjanst.sjv.se/tuvaut/?f=&id=4FB-400;https://etjanst.sjv.se/hagenpub/rest/base/object/4FB-400;docs/tuva/sodermanland/objektrapporter/4FB-400.json
4FB-DDR;Södermanland;Gnesta;4.14;Bete;2004-06-02;Västerkärv 1;https://etjanst.sjv.se/tuvaut/?f=&id=4FB-DDR;https://etjanst.sjv.se/hagenpub/rest/base/object/4FB-DDR;docs/tuva/sodermanland/objektrapporter/4FB-DDR.json
4FC-ISN;Södermanland;Eskilstuna;6.5;Bete;2004-08-31;Knutsta 2;https://etjanst.sjv.se/tuvaut/?f=&id=4FC-ISN;https://etjanst.sjv.se/hagenpub/rest/base/object/4FC-ISN;docs/tuva/sodermanland/objektrapporter/4FC-ISN.json
4FD-700;Södermanland;Nyköping;0.92;Restaurerbar;2002-06-17;Fabäcken;https://etjanst.sjv.se/tuvaut/?f=&id=4FD-700;https://etjanst.sjv.se/hagenpub/rest/base/object/4FD-700;docs/tuva/sodermanland/objektrapporter/4FD-700.json
500-HCR;Södermanland;Nyköping;3.42;Bete;2004-08-09;Sävö 7;https://etjanst.sjv.se/tuvaut/?f=&id=500-HCR;https://etjanst.sjv.se/hagenpub/rest/base/object/500-HCR;docs/tuva/sodermanland/objektrapporter/500-HCR.json
500-SFF;Södermanland;Flen;0.24;Bete;2004-07-20;udden 4;https://etjanst.sjv.se/tuvaut/?f=&id=500-SFF;https://etjanst.sjv.se/hagenpub/rest/base/object/500-SFF;docs/tuva/sodermanland/objektrapporter/500-SFF.json
503-JIF;Södermanland;Katrineholm;0.34;Bete;2004-09-10;;https://etjanst.sjv.se/tuvaut/?f=&id=503-JIF;https://etjanst.sjv.se/hagenpub/rest/base/object/503-JIF;docs/tuva/sodermanland/objektrapporter/503-JIF.json
503-KDF;Södermanland;Flen;0.43;Bete;2004-05-27;Månadstorp 2;https://etjanst.sjv.se/tuvaut/?f=&id=503-KDF;https://etjanst.sjv.se/hagenpub/rest/base/object/503-KDF;docs/tuva/sodermanland/objektrapporter/503-KDF.json
503-VOI;Södermanland;Eskilstuna;4.14;Bete;2003-05-21;Ängstorp;https://etjanst.sjv.se/tuvaut/?f=&id=503-VOI;https://etjanst.sjv.se/hagenpub/rest/base/object/503-VOI;docs/tuva/sodermanland/objektrapporter/503-VOI.json
504-VPP;Södermanland;Gnesta;0.34;Bete;2004-06-04;Tängslinge 3;https://etjanst.sjv.se/tuvaut/?f=&id=504-VPP;https://etjanst.sjv.se/hagenpub/rest/base/object/504-VPP;docs/tuva/sodermanland/objektrapporter/504-VPP.json
505-AVR;Södermanland;Katrineholm;1.7;Bete;2003-05-22;Valfalla 2;https://etjanst.sjv.se/tuvaut/?f=&id=505-AVR;https://etjanst.sjv.se/hagenpub/rest/base/object/505-AVR;docs/tuva/sodermanland/objektrapporter/505-AVR.json
507-WTO;Södermanland;Gnesta;1.85;Bete;2004-06-02;Torvsätter1;https://etjanst.sjv.se/tuvaut/?f=&id=507-WTO;https://etjanst.sjv.se/hagenpub/rest/base/object/507-WTO;docs/tuva/sodermanland/objektrapporter/507-WTO.json
509-NCO;Södermanland;Nyköping;2.74;Bete;2004-06-05;Skogstorp;https://etjanst.sjv.se/tuvaut/?f=&id=509-NCO;https://etjanst.sjv.se/hagenpub/rest/base/object/509-NCO;docs/tuva/sodermanland/objektrapporter/509-NCO.json
50A-KEX;Södermanland;Flen;0.23;Bete;2004-07-26;Sund 2;https://etjanst.sjv.se/tuvaut/?f=&id=50A-KEX;https://etjanst.sjv.se/hagenpub/rest/base/object/50A-KEX;docs/tuva/sodermanland/objektrapporter/50A-KEX.json
50B-HVG;Södermanland;Vingåker;3.17;Ej aktuell;2003-08-16;Bergaholm 1;https://etjanst.sjv.se/tuvaut/?f=&id=50B-HVG;https://etjanst.sjv.se/hagenpub/rest/base/object/50B-HVG;docs/tuva/sodermanland/objektrapporter/50B-HVG.json
50C-DML;Södermanland;Nyköping;1.31;Bete;2002-09-22;Ånga;https://etjanst.sjv.se/tuvaut/?f=&id=50C-DML;https://etjanst.sjv.se/hagenpub/rest/base/object/50C-DML;docs/tuva/sodermanland/objektrapporter/50C-DML.json
50D-RSC;Södermanland;Eskilstuna;0.61;Bete;2003-07-08;Väla1;https://etjanst.sjv.se/tuvaut/?f=&id=50D-RSC;https://etjanst.sjv.se/hagenpub/rest/base/object/50D-RSC;docs/tuva/sodermanland/objektrapporter/50D-RSC.json
50D-YKN;Södermanland;Nyköping;0.78;Bete;2004-08-25;Tallstugan;https://etjanst.sjv.se/tuvaut/?f=&id=50D-YKN;https://etjanst.sjv.se/hagenpub/rest/base/object/50D-YKN;docs/tuva/sodermanland/objektrapporter/50D-YKN.json
50E-UHN;Södermanland;Flen;2.01;Bete;2004-08-03;Kramnäs 4;https://etjanst.sjv.se/tuvaut/?f=&id=50E-UHN;https://etjanst.sjv.se/hagenpub/rest/base/object/50E-UHN;docs/tuva/sodermanland/objektrapporter/50E-UHN.json
50F-000;Södermanland;Nyköping;6.78;Restaurerbar;2002-06-18;Broby;https://etjanst.sjv.se/tuvaut/?f=&id=50F-000;https://etjanst.sjv.se/hagenpub/rest/base/object/50F-000;docs/tuva/sodermanland/objektrapporter/50F-000.json
50F-OHA;Södermanland;Nyköping;1.08;Bete;2003-06-05;Ballersta 2;https://etjanst.sjv.se/tuvaut/?f=&id=50F-OHA;https://etjanst.sjv.se/hagenpub/rest/base/object/50F-OHA;docs/tuva/sodermanland/objektrapporter/50F-OHA.json
514-QOO;Södermanland;Nyköping;0.83;Bete;2002-08-30;Backa, Björksund;https://etjanst.sjv.se/tuvaut/?f=&id=514-QOO;https://etjanst.sjv.se/hagenpub/rest/base/object/514-QOO;docs/tuva/sodermanland/objektrapporter/514-QOO.json
518-400;Södermanland;Nyköping;55.35;Restaurerbar;2002-06-25;Hånö;https://etjanst.sjv.se/tuvaut/?f=&id=518-400;https://etjanst.sjv.se/hagenpub/rest/base/object/518-400;docs/tuva/sodermanland/objektrapporter/518-400.json
51A-DWQ;Södermanland;Katrineholm;2.39;Bete;2002-08-14;Akelbro;https://etjanst.sjv.se/tuvaut/?f=&id=51A-DWQ;https://etjanst.sjv.se/hagenpub/rest/base/object/51A-DWQ;docs/tuva/sodermanland/objektrapporter/51A-DWQ.json
51C-RQN;Södermanland;Flen;17.07;Bete;2004-07-27;Näsby 1;https://etjanst.sjv.se/tuvaut/?f=&id=51C-RQN;https://etjanst.sjv.se/hagenpub/rest/base/object/51C-RQN;docs/tuva/sodermanland/objektrapporter/51C-RQN.json
51D-ISG;Södermanland;Gnesta;7.0;Bete;2004-06-15;Stora Brandsbol 1;https://etjanst.sjv.se/tuvaut/?f=&id=51D-ISG;https://etjanst.sjv.se/hagenpub/rest/base/object/51D-ISG;docs/tuva/sodermanland/objektrapporter/51D-ISG.json
51F-OWE;Södermanland;Flen;0.52;Bete;2004-08-09;norrkärr 5;https://etjanst.sjv.se/tuvaut/?f=&id=51F-OWE;https://etjanst.sjv.se/hagenpub/rest/base/object/51F-OWE;docs/tuva/sodermanland/objektrapporter/51F-OWE.json
520-SOM;Södermanland;Katrineholm;1.32;Bete;2004-07-15;s granhed 5;https://etjanst.sjv.se/tuvaut/?f=&id=520-SOM;https://etjanst.sjv.se/hagenpub/rest/base/object/520-SOM;docs/tuva/sodermanland/objektrapporter/520-SOM.json
520-WEU;Södermanland;Gnesta;4.12;Bete;2004-06-07;Mälby 5;https://etjanst.sjv.se/tuvaut/?f=&id=520-WEU;https://etjanst.sjv.se/hagenpub/rest/base/object/520-WEU;docs/tuva/sodermanland/objektrapporter/520-WEU.json
521-NBR;Södermanland;Eskilstuna;0.95;Bete;2003-06-06;Öknatorp1;https://etjanst.sjv.se/tuvaut/?f=&id=521-NBR;https://etjanst.sjv.se/hagenpub/rest/base/object/521-NBR;docs/tuva/sodermanland/objektrapporter/521-NBR.json
525-D00;Södermanland;Katrineholm;0.78;Bete;2002-06-25;Hårsnäs 2;https://etjanst.sjv.se/tuvaut/?f=&id=525-D00;https://etjanst.sjv.se/hagenpub/rest/base/object/525-D00;docs/tuva/sodermanland/objektrapporter/525-D00.json
525-HNQ;Södermanland;Katrineholm;5.32;Bete;2004-06-23;stavtorp;https://etjanst.sjv.se/tuvaut/?f=&id=525-HNQ;https://etjanst.sjv.se/hagenpub/rest/base/object/525-HNQ;docs/tuva/sodermanland/objektrapporter/525-HNQ.json
527-OQX;Södermanland;Nyköping;5.84;Bete;2004-08-10;Långö 7;https://etjanst.sjv.se/tuvaut/?f=&id=527-OQX;https://etjanst.sjv.se/hagenpub/rest/base/object/527-OQX;docs/tuva/sodermanland/objektrapporter/527-OQX.json
527-XHX;Södermanland;Vingåker;4.14;Bete;2003-09-07;;https://etjanst.sjv.se/tuvaut/?f=&id=527-XHX;https://etjanst.sjv.se/hagenpub/rest/base/object/527-XHX;docs/tuva/sodermanland/objektrapporter/527-XHX.json
529-IPU;Södermanland;Eskilstuna;0.44;Bete;2004-09-01;Knutsta 3;https://etjanst.sjv.se/tuvaut/?f=&id=529-IPU;https://etjanst.sjv.se/hagenpub/rest/base/object/529-IPU;docs/tuva/sodermanland/objektrapporter/529-IPU.json
529-VAX;Södermanland;Nyköping;4.49;Bete;2003-06-26;Gillinge 4;https://etjanst.sjv.se/tuvaut/?f=&id=529-VAX;https://etjanst.sjv.se/hagenpub/rest/base/object/529-VAX;docs/tuva/sodermanland/objektrapporter/529-VAX.json
52D-OBU;Södermanland;Eskilstuna;0.52;Bete;2003-07-25;Tandla gård2;https://etjanst.sjv.se/tuvaut/?f=&id=52D-OBU;https://etjanst.sjv.se/hagenpub/rest/base/object/52D-OBU;docs/tuva/sodermanland/objektrapporter/52D-OBU.json
52E-QOJ;Södermanland;Eskilstuna;2.16;Bete;2002-09-05;Lerböle2;https://etjanst.sjv.se/tuvaut/?f=&id=52E-QOJ;https://etjanst.sjv.se/hagenpub/rest/base/object/52E-QOJ;docs/tuva/sodermanland/objektrapporter/52E-QOJ.json
52F-TRF;Södermanland;Eskilstuna;1.98;Bete;2003-07-21;Nyäng2;https://etjanst.sjv.se/tuvaut/?f=&id=52F-TRF;https://etjanst.sjv.se/hagenpub/rest/base/object/52F-TRF;docs/tuva/sodermanland/objektrapporter/52F-TRF.json
530-F00;Södermanland;Strängnäs;3.25;Bete;2002-06-07;Välatorp;https://etjanst.sjv.se/tuvaut/?f=&id=530-F00;https://etjanst.sjv.se/hagenpub/rest/base/object/530-F00;docs/tuva/sodermanland/objektrapporter/530-F00.json
531-400;Södermanland;Nyköping;2.74;Bete;2002-04-29;;https://etjanst.sjv.se/tuvaut/?f=&id=531-400;https://etjanst.sjv.se/hagenpub/rest/base/object/531-400;docs/tuva/sodermanland/objektrapporter/531-400.json
531-TRM;Södermanland;Strängnäs;1.83;Restaurerbar;2002-08-09;Hesselbyholm3;https://etjanst.sjv.se/tuvaut/?f=&id=531-TRM;https://etjanst.sjv.se/hagenpub/rest/base/object/531-TRM;docs/tuva/sodermanland/objektrapporter/531-TRM.json
532-CAU;Södermanland;Strängnäs;2.46;Restaurerbar;2002-12-17;Söderlänna5;https://etjanst.sjv.se/tuvaut/?f=&id=532-CAU;https://etjanst.sjv.se/hagenpub/rest/base/object/532-CAU;docs/tuva/sodermanland/objektrapporter/532-CAU.json
535-KKM;Södermanland;Vingåker;1.46;Bete;2003-08-14;Klockarbol 3;https://etjanst.sjv.se/tuvaut/?f=&id=535-KKM;https://etjanst.sjv.se/hagenpub/rest/base/object/535-KKM;docs/tuva/sodermanland/objektrapporter/535-KKM.json
53A-MSU;Södermanland;Nyköping;24.69;Bete;2002-07-19;;https://etjanst.sjv.se/tuvaut/?f=&id=53A-MSU;https://etjanst.sjv.se/hagenpub/rest/base/object/53A-MSU;docs/tuva/sodermanland/objektrapporter/53A-MSU.json
53C-IGS;Södermanland;Katrineholm;2.04;Bete;2003-05-20;Solberga 2;https://etjanst.sjv.se/tuvaut/?f=&id=53C-IGS;https://etjanst.sjv.se/hagenpub/rest/base/object/53C-IGS;docs/tuva/sodermanland/objektrapporter/53C-IGS.json
53C-LWC;Södermanland;Gnesta;0.96;Bete;2003-09-24;Björnlunda;https://etjanst.sjv.se/tuvaut/?f=&id=53C-LWC;https://etjanst.sjv.se/hagenpub/rest/base/object/53C-LWC;docs/tuva/sodermanland/objektrapporter/53C-LWC.json
53F-NMJ;Södermanland;Katrineholm;4.99;Bete;2003-07-09;Fiskeboda 2;https://etjanst.sjv.se/tuvaut/?f=&id=53F-NMJ;https://etjanst.sjv.se/hagenpub/rest/base/object/53F-NMJ;docs/tuva/sodermanland/objektrapporter/53F-NMJ.json
540-GEK;Södermanland;Strängnäs;26.17;Bete;2003-06-11;Tobo1;https://etjanst.sjv.se/tuvaut/?f=&id=540-GEK;https://etjanst.sjv.se/hagenpub/rest/base/object/540-GEK;docs/tuva/sodermanland/objektrapporter/540-GEK.json
540-RBQ;Södermanland;Nyköping;2.64;Bete;2002-07-08;Fabäcken;https://etjanst.sjv.se/tuvaut/?f=&id=540-RBQ;https://etjanst.sjv.se/hagenpub/rest/base/object/540-RBQ;docs/tuva/sodermanland/objektrapporter/540-RBQ.json
541-FVG;Södermanland;Nyköping;6.74;Restaurerbar;2002-07-19;Lilla Björshult;https://etjanst.sjv.se/tuvaut/?f=&id=541-FVG;https://etjanst.sjv.se/hagenpub/rest/base/object/541-FVG;docs/tuva/sodermanland/objektrapporter/541-FVG.json
542-DPV;Södermanland;Strängnäs;1.91;Bete;2002-07-17;Hässelbyholm6;https://etjanst.sjv.se/tuvaut/?f=&id=542-DPV;https://etjanst.sjv.se/hagenpub/rest/base/object/542-DPV;docs/tuva/sodermanland/objektrapporter/542-DPV.json
543-EUX;Södermanland;Vingåker;3.68;Bete;2003-08-07;;https://etjanst.sjv.se/tuvaut/?f=&id=543-EUX;https://etjanst.sjv.se/hagenpub/rest/base/object/543-EUX;docs/tuva/sodermanland/objektrapporter/543-EUX.json
544-JRA;Södermanland;Eskilstuna;1.77;Bete;2003-06-02;Rökärr1;https://etjanst.sjv.se/tuvaut/?f=&id=544-JRA;https://etjanst.sjv.se/hagenpub/rest/base/object/544-JRA;docs/tuva/sodermanland/objektrapporter/544-JRA.json
548-RMI;Södermanland;Gnesta;1.25;Bete;2003-09-16;Ekeby 2;https://etjanst.sjv.se/tuvaut/?f=&id=548-RMI;https://etjanst.sjv.se/hagenpub/rest/base/object/548-RMI;docs/tuva/sodermanland/objektrapporter/548-RMI.json
54D-D00;Södermanland;Strängnäs;2.8;Bete;2002-06-26;Åsby2;https://etjanst.sjv.se/tuvaut/?f=&id=54D-D00;https://etjanst.sjv.se/hagenpub/rest/base/object/54D-D00;docs/tuva/sodermanland/objektrapporter/54D-D00.json
550-KVC;Södermanland;Flen;1.43;Bete;2004-08-24;sörtorp 2;https://etjanst.sjv.se/tuvaut/?f=&id=550-KVC;https://etjanst.sjv.se/hagenpub/rest/base/object/550-KVC;docs/tuva/sodermanland/objektrapporter/550-KVC.json
555-PKA;Södermanland;Trosa;2.57;Bete;2004-05-27;Vappersta 2;https://etjanst.sjv.se/tuvaut/?f=&id=555-PKA;https://etjanst.sjv.se/hagenpub/rest/base/object/555-PKA;docs/tuva/sodermanland/objektrapporter/555-PKA.json
556-AKY;Södermanland;Nyköping;1.73;Bete;2004-09-09;Sulsta 2;https://etjanst.sjv.se/tuvaut/?f=&id=556-AKY;https://etjanst.sjv.se/hagenpub/rest/base/object/556-AKY;docs/tuva/sodermanland/objektrapporter/556-AKY.json
556-VBC;Södermanland;Strängnäs;1.6;Bete;2002-07-18;Åskärr2;https://etjanst.sjv.se/tuvaut/?f=&id=556-VBC;https://etjanst.sjv.se/hagenpub/rest/base/object/556-VBC;docs/tuva/sodermanland/objektrapporter/556-VBC.json
557-AKL;Södermanland;Gnesta;7.2;Bete;2004-06-07;Mälby 2;https://etjanst.sjv.se/tuvaut/?f=&id=557-AKL;https://etjanst.sjv.se/hagenpub/rest/base/object/557-AKL;docs/tuva/sodermanland/objektrapporter/557-AKL.json
559-SKI;Södermanland;Katrineholm;3.65;Bete;2004-06-30;rosendal 2;https://etjanst.sjv.se/tuvaut/?f=&id=559-SKI;https://etjanst.sjv.se/hagenpub/rest/base/object/559-SKI;docs/tuva/sodermanland/objektrapporter/559-SKI.json
55A-OEB;Södermanland;Gnesta;1.04;Bete;2004-07-01;Önnersta 1;https://etjanst.sjv.se/tuvaut/?f=&id=55A-OEB;https://etjanst.sjv.se/hagenpub/rest/base/object/55A-OEB;docs/tuva/sodermanland/objektrapporter/55A-OEB.json
55A-TFL;Södermanland;Flen;0.25;Bete;2004-06-14;Harlinge 2;https://etjanst.sjv.se/tuvaut/?f=&id=55A-TFL;https://etjanst.sjv.se/hagenpub/rest/base/object/55A-TFL;docs/tuva/sodermanland/objektrapporter/55A-TFL.json
55B-JHB;Södermanland;Katrineholm;1.94;Bete;2003-05-21;Abbotnäs 2;https://etjanst.sjv.se/tuvaut/?f=&id=55B-JHB;https://etjanst.sjv.se/hagenpub/rest/base/object/55B-JHB;docs/tuva/sodermanland/objektrapporter/55B-JHB.json
55C-480;Södermanland;Strängnäs;3.98;Bete;2002-06-07;Tynnelsö gård4;https://etjanst.sjv.se/tuvaut/?f=&id=55C-480;https://etjanst.sjv.se/hagenpub/rest/base/object/55C-480;docs/tuva/sodermanland/objektrapporter/55C-480.json
55C-ACJ;Södermanland;Flen;5.59;Bete;2004-07-08;Sparreholm 1;https://etjanst.sjv.se/tuvaut/?f=&id=55C-ACJ;https://etjanst.sjv.se/hagenpub/rest/base/object/55C-ACJ;docs/tuva/sodermanland/objektrapporter/55C-ACJ.json
55D-ATV;Södermanland;Gnesta;3.64;Bete;2004-07-02;Väla;https://etjanst.sjv.se/tuvaut/?f=&id=55D-ATV;https://etjanst.sjv.se/hagenpub/rest/base/object/55D-ATV;docs/tuva/sodermanland/objektrapporter/55D-ATV.json
55D-CYC;Södermanland;Gnesta;2.49;Ej aktuell;2003-09-17;Bondhälla 4;https://etjanst.sjv.se/tuvaut/?f=&id=55D-CYC;https://etjanst.sjv.se/hagenpub/rest/base/object/55D-CYC;docs/tuva/sodermanland/objektrapporter/55D-CYC.json
55E-FIU;Södermanland;Katrineholm;1.15;Bete;2003-06-12;Erstorp;https://etjanst.sjv.se/tuvaut/?f=&id=55E-FIU;https://etjanst.sjv.se/hagenpub/rest/base/object/55E-FIU;docs/tuva/sodermanland/objektrapporter/55E-FIU.json
55F-QXW;Södermanland;Nyköping;5.26;Bete;2004-05-14;hånö säteri;https://etjanst.sjv.se/tuvaut/?f=&id=55F-QXW;https://etjanst.sjv.se/hagenpub/rest/base/object/55F-QXW;docs/tuva/sodermanland/objektrapporter/55F-QXW.json
562-GEB;Södermanland;Flen;5.45;Restaurerbar;2004-08-18;Stenhammar;https://etjanst.sjv.se/tuvaut/?f=&id=562-GEB;https://etjanst.sjv.se/hagenpub/rest/base/object/562-GEB;docs/tuva/sodermanland/objektrapporter/562-GEB.json
565-HOI;Södermanland;Nyköping;8.09;Bete;2002-09-12;Snesta;https://etjanst.sjv.se/tuvaut/?f=&id=565-HOI;https://etjanst.sjv.se/hagenpub/rest/base/object/565-HOI;docs/tuva/sodermanland/objektrapporter/565-HOI.json
565-IJT;Södermanland;Gnesta;3.46;Bete;2004-08-05;Käxle 2;https://etjanst.sjv.se/tuvaut/?f=&id=565-IJT;https://etjanst.sjv.se/hagenpub/rest/base/object/565-IJT;docs/tuva/sodermanland/objektrapporter/565-IJT.json
565-NJW;Södermanland;Trosa;0.48;Äng;2026-06-18;Askö;https://etjanst.sjv.se/tuvaut/?f=&id=565-NJW;https://etjanst.sjv.se/hagenpub/rest/base/object/565-NJW;docs/tuva/sodermanland/objektrapporter/565-NJW.json
566-DEA;Södermanland;Flen;1.23;Bete;2003-07-24;Lilla Tveta 1;https://etjanst.sjv.se/tuvaut/?f=&id=566-DEA;https://etjanst.sjv.se/hagenpub/rest/base/object/566-DEA;docs/tuva/sodermanland/objektrapporter/566-DEA.json
566-LIL;Södermanland;Katrineholm;6.79;Bete;2003-07-08;Hedäng 1;https://etjanst.sjv.se/tuvaut/?f=&id=566-LIL;https://etjanst.sjv.se/hagenpub/rest/base/object/566-LIL;docs/tuva/sodermanland/objektrapporter/566-LIL.json
567-TDG;Södermanland;Eskilstuna;0.49;Bete;2003-08-25;Åstorp7;https://etjanst.sjv.se/tuvaut/?f=&id=567-TDG;https://etjanst.sjv.se/hagenpub/rest/base/object/567-TDG;docs/tuva/sodermanland/objektrapporter/567-TDG.json
568-JTU;Södermanland;Nyköping;1.84;Bete;2002-09-11;Löfsund;https://etjanst.sjv.se/tuvaut/?f=&id=568-JTU;https://etjanst.sjv.se/hagenpub/rest/base/object/568-JTU;docs/tuva/sodermanland/objektrapporter/568-JTU.json
568-QBH;Södermanland;Gnesta;32.16;Bete;2003-08-20;Ånhammar 1;https://etjanst.sjv.se/tuvaut/?f=&id=568-QBH;https://etjanst.sjv.se/hagenpub/rest/base/object/568-QBH;docs/tuva/sodermanland/objektrapporter/568-QBH.json
569-TVI;Södermanland;Eskilstuna;2.86;Bete;2002-09-23;Lindholm1;https://etjanst.sjv.se/tuvaut/?f=&id=569-TVI;https://etjanst.sjv.se/hagenpub/rest/base/object/569-TVI;docs/tuva/sodermanland/objektrapporter/569-TVI.json
56A-SBH;Södermanland;Eskilstuna;0.52;Bete;2003-09-01;Östertorp2;https://etjanst.sjv.se/tuvaut/?f=&id=56A-SBH;https://etjanst.sjv.se/hagenpub/rest/base/object/56A-SBH;docs/tuva/sodermanland/objektrapporter/56A-SBH.json
56A-WMY;Södermanland;Vingåker;5.57;Bete;2003-08-06;;https://etjanst.sjv.se/tuvaut/?f=&id=56A-WMY;https://etjanst.sjv.se/hagenpub/rest/base/object/56A-WMY;docs/tuva/sodermanland/objektrapporter/56A-WMY.json
56B-CRY;Södermanland;Eskilstuna;1.69;Restaurerbar;2003-07-07;Åltorp-Formhagen;https://etjanst.sjv.se/tuvaut/?f=&id=56B-CRY;https://etjanst.sjv.se/hagenpub/rest/base/object/56B-CRY;docs/tuva/sodermanland/objektrapporter/56B-CRY.json
56E-UQL;Södermanland;Katrineholm;1.13;Ej aktuell;2002-08-13;Dalstorp;https://etjanst.sjv.se/tuvaut/?f=&id=56E-UQL;https://etjanst.sjv.se/hagenpub/rest/base/object/56E-UQL;docs/tuva/sodermanland/objektrapporter/56E-UQL.json
570-FIG;Södermanland;Nyköping;1.06;Bete;2002-07-12;Flättna grindstuga;https://etjanst.sjv.se/tuvaut/?f=&id=570-FIG;https://etjanst.sjv.se/hagenpub/rest/base/object/570-FIG;docs/tuva/sodermanland/objektrapporter/570-FIG.json
571-900;Södermanland;Katrineholm;0.47;Bete;2002-05-31;Albro 3;https://etjanst.sjv.se/tuvaut/?f=&id=571-900;https://etjanst.sjv.se/hagenpub/rest/base/object/571-900;docs/tuva/sodermanland/objektrapporter/571-900.json
571-IZG;Södermanland;Eskilstuna;5.85;Bete;2002-08-08;Kjula;https://etjanst.sjv.se/tuvaut/?f=&id=571-IZG;https://etjanst.sjv.se/hagenpub/rest/base/object/571-IZG;docs/tuva/sodermanland/objektrapporter/571-IZG.json
572-LYY;Södermanland;Nyköping;1.71;Restaurerbar;2002-07-19;;https://etjanst.sjv.se/tuvaut/?f=&id=572-LYY;https://etjanst.sjv.se/hagenpub/rest/base/object/572-LYY;docs/tuva/sodermanland/objektrapporter/572-LYY.json
573-DIF;Södermanland;Nyköping;0.2;Bete;2004-08-25;Fyrsjö 2;https://etjanst.sjv.se/tuvaut/?f=&id=573-DIF;https://etjanst.sjv.se/hagenpub/rest/base/object/573-DIF;docs/tuva/sodermanland/objektrapporter/573-DIF.json
577-KWZ;Södermanland;Katrineholm;1.65;Bete;2002-08-01;Skalltorp 2;https://etjanst.sjv.se/tuvaut/?f=&id=577-KWZ;https://etjanst.sjv.se/hagenpub/rest/base/object/577-KWZ;docs/tuva/sodermanland/objektrapporter/577-KWZ.json
578-WWY;Södermanland;Flen;1.7;Bete;2003-07-31;;https://etjanst.sjv.se/tuvaut/?f=&id=578-WWY;https://etjanst.sjv.se/hagenpub/rest/base/object/578-WWY;docs/tuva/sodermanland/objektrapporter/578-WWY.json
579-CIW;Södermanland;Katrineholm;3.66;Bete;2003-07-19;Grindsberg 3;https://etjanst.sjv.se/tuvaut/?f=&id=579-CIW;https://etjanst.sjv.se/hagenpub/rest/base/object/579-CIW;docs/tuva/sodermanland/objektrapporter/579-CIW.json
579-VTQ;Södermanland;Eskilstuna;0.74;Bete;2003-07-23;Slätåsen2;https://etjanst.sjv.se/tuvaut/?f=&id=579-VTQ;https://etjanst.sjv.se/hagenpub/rest/base/object/579-VTQ;docs/tuva/sodermanland/objektrapporter/579-VTQ.json
57B-OYN;Södermanland;Katrineholm;5.22;Bete;2004-06-22;eriksberg 1;https://etjanst.sjv.se/tuvaut/?f=&id=57B-OYN;https://etjanst.sjv.se/hagenpub/rest/base/object/57B-OYN;docs/tuva/sodermanland/objektrapporter/57B-OYN.json
57C-EGT;Södermanland;Nyköping;10.49;Bete;2019-10-10;Krognäs;https://etjanst.sjv.se/tuvaut/?f=&id=57C-EGT;https://etjanst.sjv.se/hagenpub/rest/base/object/57C-EGT;docs/tuva/sodermanland/objektrapporter/57C-EGT.json
57E-C80;Södermanland;Nyköping;5.42;Bete;2002-07-03;Nynäs;https://etjanst.sjv.se/tuvaut/?f=&id=57E-C80;https://etjanst.sjv.se/hagenpub/rest/base/object/57E-C80;docs/tuva/sodermanland/objektrapporter/57E-C80.json
583-RKE;Södermanland;Flen;2.37;Bete;2003-07-29;;https://etjanst.sjv.se/tuvaut/?f=&id=583-RKE;https://etjanst.sjv.se/hagenpub/rest/base/object/583-RKE;docs/tuva/sodermanland/objektrapporter/583-RKE.json
584-BWR;Södermanland;Eskilstuna;2.08;Restaurerbar;2002-09-05;Barksäter;https://etjanst.sjv.se/tuvaut/?f=&id=584-BWR;https://etjanst.sjv.se/hagenpub/rest/base/object/584-BWR;docs/tuva/sodermanland/objektrapporter/584-BWR.json
584-IGA;Södermanland;Strängnäs;8.71;Bete;2002-07-10;Sörby1;https://etjanst.sjv.se/tuvaut/?f=&id=584-IGA;https://etjanst.sjv.se/hagenpub/rest/base/object/584-IGA;docs/tuva/sodermanland/objektrapporter/584-IGA.json
585-GDE;Södermanland;Gnesta;2.57;Bete;2003-09-11;Hammersta 6;https://etjanst.sjv.se/tuvaut/?f=&id=585-GDE;https://etjanst.sjv.se/hagenpub/rest/base/object/585-GDE;docs/tuva/sodermanland/objektrapporter/585-GDE.json
585-SWW;Södermanland;Katrineholm;3.15;Bete;2004-07-19;näsby 2;https://etjanst.sjv.se/tuvaut/?f=&id=585-SWW;https://etjanst.sjv.se/hagenpub/rest/base/object/585-SWW;docs/tuva/sodermanland/objektrapporter/585-SWW.json
586-CAS;Södermanland;Flen;0.2;Bete;2004-07-20;udden 3;https://etjanst.sjv.se/tuvaut/?f=&id=586-CAS;https://etjanst.sjv.se/hagenpub/rest/base/object/586-CAS;docs/tuva/sodermanland/objektrapporter/586-CAS.json
586-FZS;Södermanland;Nyköping;0.83;Bete;2003-05-16;Strand 4;https://etjanst.sjv.se/tuvaut/?f=&id=586-FZS;https://etjanst.sjv.se/hagenpub/rest/base/object/586-FZS;docs/tuva/sodermanland/objektrapporter/586-FZS.json
587-200;Södermanland;Nyköping;1.53;Äng;2002-06-14;Vallersta;https://etjanst.sjv.se/tuvaut/?f=&id=587-200;https://etjanst.sjv.se/hagenpub/rest/base/object/587-200;docs/tuva/sodermanland/objektrapporter/587-200.json
588-AXM;Södermanland;Katrineholm;6.73;Bete;2004-06-18;vik 1;https://etjanst.sjv.se/tuvaut/?f=&id=588-AXM;https://etjanst.sjv.se/hagenpub/rest/base/object/588-AXM;docs/tuva/sodermanland/objektrapporter/588-AXM.json
588-IEW;Södermanland;Trosa;8.92;Bete;2002-07-17;Askö;https://etjanst.sjv.se/tuvaut/?f=&id=588-IEW;https://etjanst.sjv.se/hagenpub/rest/base/object/588-IEW;docs/tuva/sodermanland/objektrapporter/588-IEW.json
58A-HBR;Södermanland;Trosa;10.38;Bete;2002-07-17;Askö;https://etjanst.sjv.se/tuvaut/?f=&id=58A-HBR;https://etjanst.sjv.se/hagenpub/rest/base/object/58A-HBR;docs/tuva/sodermanland/objektrapporter/58A-HBR.json
58A-QAC;Södermanland;Flen;0.15;Bete;2004-06-21;Kyrkobol 4;https://etjanst.sjv.se/tuvaut/?f=&id=58A-QAC;https://etjanst.sjv.se/hagenpub/rest/base/object/58A-QAC;docs/tuva/sodermanland/objektrapporter/58A-QAC.json
58A-RYE;Södermanland;Nyköping;7.74;Bete;2002-07-15;Sjukälla;https://etjanst.sjv.se/tuvaut/?f=&id=58A-RYE;https://etjanst.sjv.se/hagenpub/rest/base/object/58A-RYE;docs/tuva/sodermanland/objektrapporter/58A-RYE.json
58E-XWT;Södermanland;Eskilstuna;12.44;Bete;2003-08-14;Hedensö1;https://etjanst.sjv.se/tuvaut/?f=&id=58E-XWT;https://etjanst.sjv.se/hagenpub/rest/base/object/58E-XWT;docs/tuva/sodermanland/objektrapporter/58E-XWT.json
58F-QDQ;Södermanland;Gnesta;0.45;Bete;2004-06-02;Hållsta 2;https://etjanst.sjv.se/tuvaut/?f=&id=58F-QDQ;https://etjanst.sjv.se/hagenpub/rest/base/object/58F-QDQ;docs/tuva/sodermanland/objektrapporter/58F-QDQ.json
590-QCI;Södermanland;Nyköping;0.14;Bete;2002-07-06;;https://etjanst.sjv.se/tuvaut/?f=&id=590-QCI;https://etjanst.sjv.se/hagenpub/rest/base/object/590-QCI;docs/tuva/sodermanland/objektrapporter/590-QCI.json
590-YIF;Södermanland;Nyköping;2.24;Bete;2002-08-09;Nedre Skälby;https://etjanst.sjv.se/tuvaut/?f=&id=590-YIF;https://etjanst.sjv.se/hagenpub/rest/base/object/590-YIF;docs/tuva/sodermanland/objektrapporter/590-YIF.json
591-VHK;Södermanland;Gnesta;5.8;Bete;2004-08-12;Fastmyra 2;https://etjanst.sjv.se/tuvaut/?f=&id=591-VHK;https://etjanst.sjv.se/hagenpub/rest/base/object/591-VHK;docs/tuva/sodermanland/objektrapporter/591-VHK.json
595-QVS;Södermanland;Flen;2.47;Bete;2004-06-23;Malsna 2;https://etjanst.sjv.se/tuvaut/?f=&id=595-QVS;https://etjanst.sjv.se/hagenpub/rest/base/object/595-QVS;docs/tuva/sodermanland/objektrapporter/595-QVS.json
596-PMV;Södermanland;Flen;3.46;Bete;2003-09-17;Lisätter;https://etjanst.sjv.se/tuvaut/?f=&id=596-PMV;https://etjanst.sjv.se/hagenpub/rest/base/object/596-PMV;docs/tuva/sodermanland/objektrapporter/596-PMV.json
598-AYE;Södermanland;Nyköping;0.9;Bete;2018-06-12;Ånga;https://etjanst.sjv.se/tuvaut/?f=&id=598-AYE;https://etjanst.sjv.se/hagenpub/rest/base/object/598-AYE;docs/tuva/sodermanland/objektrapporter/598-AYE.json
599-VTF;Södermanland;Strängnäs;7.69;Bete;2002-07-11;Stenby;https://etjanst.sjv.se/tuvaut/?f=&id=599-VTF;https://etjanst.sjv.se/hagenpub/rest/base/object/599-VTF;docs/tuva/sodermanland/objektrapporter/599-VTF.json
59C-DJA;Södermanland;Strängnäs;4.87;Bete;2002-08-19;Kvicksta4;https://etjanst.sjv.se/tuvaut/?f=&id=59C-DJA;https://etjanst.sjv.se/hagenpub/rest/base/object/59C-DJA;docs/tuva/sodermanland/objektrapporter/59C-DJA.json
59F-800;Södermanland;Gnesta;19.36;Bete;2002-05-14;Jöttna;https://etjanst.sjv.se/tuvaut/?f=&id=59F-800;https://etjanst.sjv.se/hagenpub/rest/base/object/59F-800;docs/tuva/sodermanland/objektrapporter/59F-800.json
5A2-600;Södermanland;Strängnäs;1.89;Bete;2002-06-13;Tynäs2;https://etjanst.sjv.se/tuvaut/?f=&id=5A2-600;https://etjanst.sjv.se/hagenpub/rest/base/object/5A2-600;docs/tuva/sodermanland/objektrapporter/5A2-600.json
5A3-AYS;Södermanland;Nyköping;3.17;Bete;2003-06-25;Brannebol 1;https://etjanst.sjv.se/tuvaut/?f=&id=5A3-AYS;https://etjanst.sjv.se/hagenpub/rest/base/object/5A3-AYS;docs/tuva/sodermanland/objektrapporter/5A3-AYS.json
5A6-GSJ;Södermanland;Katrineholm;6.3;Bete;2004-06-17;lagmansö/brebol 4;https://etjanst.sjv.se/tuvaut/?f=&id=5A6-GSJ;https://etjanst.sjv.se/hagenpub/rest/base/object/5A6-GSJ;docs/tuva/sodermanland/objektrapporter/5A6-GSJ.json
5A7-D80;Södermanland;Strängnäs;9.31;Bete;2002-06-14;Waxäng2;https://etjanst.sjv.se/tuvaut/?f=&id=5A7-D80;https://etjanst.sjv.se/hagenpub/rest/base/object/5A7-D80;docs/tuva/sodermanland/objektrapporter/5A7-D80.json
5A8-WIL;Södermanland;Flen;1.44;Bete;2004-08-05;bränntorp 1;https://etjanst.sjv.se/tuvaut/?f=&id=5A8-WIL;https://etjanst.sjv.se/hagenpub/rest/base/object/5A8-WIL;docs/tuva/sodermanland/objektrapporter/5A8-WIL.json
5AA-CNP;Södermanland;Vingåker;2.35;Bete;2003-08-04;;https://etjanst.sjv.se/tuvaut/?f=&id=5AA-CNP;https://etjanst.sjv.se/hagenpub/rest/base/object/5AA-CNP;docs/tuva/sodermanland/objektrapporter/5AA-CNP.json
5AC-HDQ;Södermanland;Eskilstuna;1.31;Bete;2003-07-08;Kjulaby1;https://etjanst.sjv.se/tuvaut/?f=&id=5AC-HDQ;https://etjanst.sjv.se/hagenpub/rest/base/object/5AC-HDQ;docs/tuva/sodermanland/objektrapporter/5AC-HDQ.json
5AF-TOK;Södermanland;Gnesta;0.92;Bete;2003-09-12;Klövet 3;https://etjanst.sjv.se/tuvaut/?f=&id=5AF-TOK;https://etjanst.sjv.se/hagenpub/rest/base/object/5AF-TOK;docs/tuva/sodermanland/objektrapporter/5AF-TOK.json
5B1-QBH;Södermanland;Flen;1.83;Bete;2003-09-25;;https://etjanst.sjv.se/tuvaut/?f=&id=5B1-QBH;https://etjanst.sjv.se/hagenpub/rest/base/object/5B1-QBH;docs/tuva/sodermanland/objektrapporter/5B1-QBH.json
5B1-WAM;Södermanland;Nyköping;117.95;Bete;2003-05-26;Kjulsta, Helgetorp, Helgesta, Skåra, Eneby, Haresta;https://etjanst.sjv.se/tuvaut/?f=&id=5B1-WAM;https://etjanst.sjv.se/hagenpub/rest/base/object/5B1-WAM;docs/tuva/sodermanland/objektrapporter/5B1-WAM.json
5B6-ENL;Södermanland;Gnesta;1.92;Bete;2003-09-18;Ilandet;https://etjanst.sjv.se/tuvaut/?f=&id=5B6-ENL;https://etjanst.sjv.se/hagenpub/rest/base/object/5B6-ENL;docs/tuva/sodermanland/objektrapporter/5B6-ENL.json
5B6-JOF;Södermanland;Eskilstuna;6.58;Bete;2003-07-29;Önsta;https://etjanst.sjv.se/tuvaut/?f=&id=5B6-JOF;https://etjanst.sjv.se/hagenpub/rest/base/object/5B6-JOF;docs/tuva/sodermanland/objektrapporter/5B6-JOF.json
5B7-600;Södermanland;Flen;2.44;Bete;2002-05-10;Remna1;https://etjanst.sjv.se/tuvaut/?f=&id=5B7-600;https://etjanst.sjv.se/hagenpub/rest/base/object/5B7-600;docs/tuva/sodermanland/objektrapporter/5B7-600.json
5BC-GSV;Södermanland;Flen;0.73;Bete;2004-05-19;solberga 1;https://etjanst.sjv.se/tuvaut/?f=&id=5BC-GSV;https://etjanst.sjv.se/hagenpub/rest/base/object/5BC-GSV;docs/tuva/sodermanland/objektrapporter/5BC-GSV.json
5BD-500;Södermanland;Nyköping;4.96;Bete;2002-05-06;;https://etjanst.sjv.se/tuvaut/?f=&id=5BD-500;https://etjanst.sjv.se/hagenpub/rest/base/object/5BD-500;docs/tuva/sodermanland/objektrapporter/5BD-500.json
5BE-A00;Södermanland;Nyköping;2.6;Bete;2002-06-17;Törstalund, Stenvad;https://etjanst.sjv.se/tuvaut/?f=&id=5BE-A00;https://etjanst.sjv.se/hagenpub/rest/base/object/5BE-A00;docs/tuva/sodermanland/objektrapporter/5BE-A00.json
5BE-WOL;Södermanland;Trosa;4.04;Äng;2026-07-02;lacka 1;https://etjanst.sjv.se/tuvaut/?f=&id=5BE-WOL;https://etjanst.sjv.se/hagenpub/rest/base/object/5BE-WOL;docs/tuva/sodermanland/objektrapporter/5BE-WOL.json
5BF-OCN;Södermanland;Gnesta;0.39;Bete;2004-07-02;Näs 1;https://etjanst.sjv.se/tuvaut/?f=&id=5BF-OCN;https://etjanst.sjv.se/hagenpub/rest/base/object/5BF-OCN;docs/tuva/sodermanland/objektrapporter/5BF-OCN.json
5C0-UFR;Södermanland;Nyköping;1.34;Restaurerbar;2004-09-02;Hartsön;https://etjanst.sjv.se/tuvaut/?f=&id=5C0-UFR;https://etjanst.sjv.se/hagenpub/rest/base/object/5C0-UFR;docs/tuva/sodermanland/objektrapporter/5C0-UFR.json
5C1-EID;Södermanland;Katrineholm;1.5;Bete;2004-06-18;vik 3;https://etjanst.sjv.se/tuvaut/?f=&id=5C1-EID;https://etjanst.sjv.se/hagenpub/rest/base/object/5C1-EID;docs/tuva/sodermanland/objektrapporter/5C1-EID.json
5C1-VYK;Södermanland;Katrineholm;2.97;Restaurerbar;2003-07-01;Berg;https://etjanst.sjv.se/tuvaut/?f=&id=5C1-VYK;https://etjanst.sjv.se/hagenpub/rest/base/object/5C1-VYK;docs/tuva/sodermanland/objektrapporter/5C1-VYK.json
5C2-FFH;Södermanland;Strängnäs;11.4;Bete;2002-07-29;Stämtorp;https://etjanst.sjv.se/tuvaut/?f=&id=5C2-FFH;https://etjanst.sjv.se/hagenpub/rest/base/object/5C2-FFH;docs/tuva/sodermanland/objektrapporter/5C2-FFH.json
5C4-480;Södermanland;Strängnäs;14.62;Bete;2002-06-07;Ettersta1;https://etjanst.sjv.se/tuvaut/?f=&id=5C4-480;https://etjanst.sjv.se/hagenpub/rest/base/object/5C4-480;docs/tuva/sodermanland/objektrapporter/5C4-480.json
5C4-580;Södermanland;Katrineholm;1.99;Bete;2002-06-03;Lundsbol 3;https://etjanst.sjv.se/tuvaut/?f=&id=5C4-580;https://etjanst.sjv.se/hagenpub/rest/base/object/5C4-580;docs/tuva/sodermanland/objektrapporter/5C4-580.json
5C5-IPU;Södermanland;Eskilstuna;0.74;Restaurerbar;2003-08-01;Hagby5;https://etjanst.sjv.se/tuvaut/?f=&id=5C5-IPU;https://etjanst.sjv.se/hagenpub/rest/base/object/5C5-IPU;docs/tuva/sodermanland/objektrapporter/5C5-IPU.json
5C5-NZC;Södermanland;Strängnäs;2.53;Bete;2002-07-18;Åskärr1;https://etjanst.sjv.se/tuvaut/?f=&id=5C5-NZC;https://etjanst.sjv.se/hagenpub/rest/base/object/5C5-NZC;docs/tuva/sodermanland/objektrapporter/5C5-NZC.json
5C5-YPY;Södermanland;Katrineholm;0.2;Restaurerbar;2002-08-15;Råby 2;https://etjanst.sjv.se/tuvaut/?f=&id=5C5-YPY;https://etjanst.sjv.se/hagenpub/rest/base/object/5C5-YPY;docs/tuva/sodermanland/objektrapporter/5C5-YPY.json
5C6-RCC;Södermanland;Katrineholm;2.07;Bete;2004-05-28;;https://etjanst.sjv.se/tuvaut/?f=&id=5C6-RCC;https://etjanst.sjv.se/hagenpub/rest/base/object/5C6-RCC;docs/tuva/sodermanland/objektrapporter/5C6-RCC.json
5CA-AUN;Södermanland;Katrineholm;0.78;Ej aktuell;2003-06-12;Gryt 4;https://etjanst.sjv.se/tuvaut/?f=&id=5CA-AUN;https://etjanst.sjv.se/hagenpub/rest/base/object/5CA-AUN;docs/tuva/sodermanland/objektrapporter/5CA-AUN.json
5CB-SNI;Södermanland;Gnesta;0.4;Bete;2004-06-04;Tängslinge 1;https://etjanst.sjv.se/tuvaut/?f=&id=5CB-SNI;https://etjanst.sjv.se/hagenpub/rest/base/object/5CB-SNI;docs/tuva/sodermanland/objektrapporter/5CB-SNI.json
5CB-TKE;Södermanland;Nyköping;1.28;Bete;2002-07-13;Backgården;https://etjanst.sjv.se/tuvaut/?f=&id=5CB-TKE;https://etjanst.sjv.se/hagenpub/rest/base/object/5CB-TKE;docs/tuva/sodermanland/objektrapporter/5CB-TKE.json
5CD-NDG;Södermanland;Flen;4.25;Bete;2003-07-23;Broby 1;https://etjanst.sjv.se/tuvaut/?f=&id=5CD-NDG;https://etjanst.sjv.se/hagenpub/rest/base/object/5CD-NDG;docs/tuva/sodermanland/objektrapporter/5CD-NDG.json
5CE-CTC;Södermanland;Nyköping;0.34;Restaurerbar;2002-09-11;Löfsund;https://etjanst.sjv.se/tuvaut/?f=&id=5CE-CTC;https://etjanst.sjv.se/hagenpub/rest/base/object/5CE-CTC;docs/tuva/sodermanland/objektrapporter/5CE-CTC.json
5D0-AJV;Södermanland;Nyköping;31.74;Bete;2002-07-19;;https://etjanst.sjv.se/tuvaut/?f=&id=5D0-AJV;https://etjanst.sjv.se/hagenpub/rest/base/object/5D0-AJV;docs/tuva/sodermanland/objektrapporter/5D0-AJV.json
5D0-MKW;Södermanland;Nyköping;0.67;Bete;2003-05-19;Sätter;https://etjanst.sjv.se/tuvaut/?f=&id=5D0-MKW;https://etjanst.sjv.se/hagenpub/rest/base/object/5D0-MKW;docs/tuva/sodermanland/objektrapporter/5D0-MKW.json
5D1-D80;Södermanland;Katrineholm;1.75;Bete;2002-06-13;;https://etjanst.sjv.se/tuvaut/?f=&id=5D1-D80;https://etjanst.sjv.se/hagenpub/rest/base/object/5D1-D80;docs/tuva/sodermanland/objektrapporter/5D1-D80.json
5D2-JTV;Södermanland;Eskilstuna;5.16;Bete;2003-08-04;Duvetorp2;https://etjanst.sjv.se/tuvaut/?f=&id=5D2-JTV;https://etjanst.sjv.se/hagenpub/rest/base/object/5D2-JTV;docs/tuva/sodermanland/objektrapporter/5D2-JTV.json
5D3-ARZ;Södermanland;Katrineholm;0.53;Bete;2002-08-08;Viken;https://etjanst.sjv.se/tuvaut/?f=&id=5D3-ARZ;https://etjanst.sjv.se/hagenpub/rest/base/object/5D3-ARZ;docs/tuva/sodermanland/objektrapporter/5D3-ARZ.json
5D3-CYL;Södermanland;Nyköping;3.02;Bete;2002-08-16;Grytmar;https://etjanst.sjv.se/tuvaut/?f=&id=5D3-CYL;https://etjanst.sjv.se/hagenpub/rest/base/object/5D3-CYL;docs/tuva/sodermanland/objektrapporter/5D3-CYL.json
5D3-MHX;Södermanland;Flen;1.03;Bete;2004-05-28;stavhälla 1;https://etjanst.sjv.se/tuvaut/?f=&id=5D3-MHX;https://etjanst.sjv.se/hagenpub/rest/base/object/5D3-MHX;docs/tuva/sodermanland/objektrapporter/5D3-MHX.json
5D4-HNH;Södermanland;Gnesta;0.94;Bete;2018-06-14;Lilla Brandsbol 2;https://etjanst.sjv.se/tuvaut/?f=&id=5D4-HNH;https://etjanst.sjv.se/hagenpub/rest/base/object/5D4-HNH;docs/tuva/sodermanland/objektrapporter/5D4-HNH.json
5D4-ISP;Södermanland;Nyköping;15.6;Restaurerbar;2002-07-07;Kopparbol;https://etjanst.sjv.se/tuvaut/?f=&id=5D4-ISP;https://etjanst.sjv.se/hagenpub/rest/base/object/5D4-ISP;docs/tuva/sodermanland/objektrapporter/5D4-ISP.json
5D4-UKT;Södermanland;Nyköping;1.97;Bete;2004-06-09;Stene 1;https://etjanst.sjv.se/tuvaut/?f=&id=5D4-UKT;https://etjanst.sjv.se/hagenpub/rest/base/object/5D4-UKT;docs/tuva/sodermanland/objektrapporter/5D4-UKT.json
5D5-180;Södermanland;Strängnäs;5.48;Restaurerbar;2002-06-18;Säby3;https://etjanst.sjv.se/tuvaut/?f=&id=5D5-180;https://etjanst.sjv.se/hagenpub/rest/base/object/5D5-180;docs/tuva/sodermanland/objektrapporter/5D5-180.json
5D6-500;Södermanland;Trosa;101.61;Bete;2002-05-11;;https://etjanst.sjv.se/tuvaut/?f=&id=5D6-500;https://etjanst.sjv.se/hagenpub/rest/base/object/5D6-500;docs/tuva/sodermanland/objektrapporter/5D6-500.json
5D7-XEX;Södermanland;Flen;2.0;Bete;2003-07-01;Baggetorp3;https://etjanst.sjv.se/tuvaut/?f=&id=5D7-XEX;https://etjanst.sjv.se/hagenpub/rest/base/object/5D7-XEX;docs/tuva/sodermanland/objektrapporter/5D7-XEX.json
5D8-FVA;Södermanland;Katrineholm;5.51;Bete;2004-05-12;berg 1;https://etjanst.sjv.se/tuvaut/?f=&id=5D8-FVA;https://etjanst.sjv.se/hagenpub/rest/base/object/5D8-FVA;docs/tuva/sodermanland/objektrapporter/5D8-FVA.json
5DA-AYY;Södermanland;Vingåker;0.28;Restaurerbar;2004-09-09;grönlunda 2;https://etjanst.sjv.se/tuvaut/?f=&id=5DA-AYY;https://etjanst.sjv.se/hagenpub/rest/base/object/5DA-AYY;docs/tuva/sodermanland/objektrapporter/5DA-AYY.json
5DC-VQL;Södermanland;Vingåker;2.36;Bete;2003-09-15;;https://etjanst.sjv.se/tuvaut/?f=&id=5DC-VQL;https://etjanst.sjv.se/hagenpub/rest/base/object/5DC-VQL;docs/tuva/sodermanland/objektrapporter/5DC-VQL.json
5DE-100;Södermanland;Nyköping;8.66;Bete;2002-07-03;Överbo;https://etjanst.sjv.se/tuvaut/?f=&id=5DE-100;https://etjanst.sjv.se/hagenpub/rest/base/object/5DE-100;docs/tuva/sodermanland/objektrapporter/5DE-100.json
5E0-SDF;Södermanland;Eskilstuna;2.37;Restaurerbar;2003-07-07;Värhulta-Smedstorp;https://etjanst.sjv.se/tuvaut/?f=&id=5E0-SDF;https://etjanst.sjv.se/hagenpub/rest/base/object/5E0-SDF;docs/tuva/sodermanland/objektrapporter/5E0-SDF.json
5E3-CZI;Södermanland;Eskilstuna;1.46;Bete;2003-08-27;Magda1;https://etjanst.sjv.se/tuvaut/?f=&id=5E3-CZI;https://etjanst.sjv.se/hagenpub/rest/base/object/5E3-CZI;docs/tuva/sodermanland/objektrapporter/5E3-CZI.json
5E4-JRA;Södermanland;Flen;6.96;Bete;2003-09-18;Stav 2;https://etjanst.sjv.se/tuvaut/?f=&id=5E4-JRA;https://etjanst.sjv.se/hagenpub/rest/base/object/5E4-JRA;docs/tuva/sodermanland/objektrapporter/5E4-JRA.json
5E5-OKO;Södermanland;Gnesta;0.52;Bete;2003-09-29;Kärvsätter;https://etjanst.sjv.se/tuvaut/?f=&id=5E5-OKO;https://etjanst.sjv.se/hagenpub/rest/base/object/5E5-OKO;docs/tuva/sodermanland/objektrapporter/5E5-OKO.json
5E5-RHE;Södermanland;Eskilstuna;0.24;Bete;2003-09-03;Magda8;https://etjanst.sjv.se/tuvaut/?f=&id=5E5-RHE;https://etjanst.sjv.se/hagenpub/rest/base/object/5E5-RHE;docs/tuva/sodermanland/objektrapporter/5E5-RHE.json
5E7-500;Södermanland;Trosa;6.71;Bete;2002-05-05;;https://etjanst.sjv.se/tuvaut/?f=&id=5E7-500;https://etjanst.sjv.se/hagenpub/rest/base/object/5E7-500;docs/tuva/sodermanland/objektrapporter/5E7-500.json
5E7-JVY;Södermanland;Flen;3.02;Bete;2003-09-17;;https://etjanst.sjv.se/tuvaut/?f=&id=5E7-JVY;https://etjanst.sjv.se/hagenpub/rest/base/object/5E7-JVY;docs/tuva/sodermanland/objektrapporter/5E7-JVY.json
5E7-YRT;Södermanland;Trosa;1.27;Bete;2004-05-12;Grönsö 2;https://etjanst.sjv.se/tuvaut/?f=&id=5E7-YRT;https://etjanst.sjv.se/hagenpub/rest/base/object/5E7-YRT;docs/tuva/sodermanland/objektrapporter/5E7-YRT.json
5E8-GHR;Södermanland;Eskilstuna;0.56;Bete;2003-08-11;Aspesten1;https://etjanst.sjv.se/tuvaut/?f=&id=5E8-GHR;https://etjanst.sjv.se/hagenpub/rest/base/object/5E8-GHR;docs/tuva/sodermanland/objektrapporter/5E8-GHR.json
5EF-LVY;Södermanland;Gnesta;8.47;Bete;2004-06-18;Fräkenvassen 1;https://etjanst.sjv.se/tuvaut/?f=&id=5EF-LVY;https://etjanst.sjv.se/hagenpub/rest/base/object/5EF-LVY;docs/tuva/sodermanland/objektrapporter/5EF-LVY.json
5F2-CYQ;Södermanland;Nyköping;3.11;Restaurerbar;2004-08-10;Långö 5;https://etjanst.sjv.se/tuvaut/?f=&id=5F2-CYQ;https://etjanst.sjv.se/hagenpub/rest/base/object/5F2-CYQ;docs/tuva/sodermanland/objektrapporter/5F2-CYQ.json
5F3-EDG;Södermanland;Eskilstuna;1.22;Bete;2002-08-13;Övre Gärtre2;https://etjanst.sjv.se/tuvaut/?f=&id=5F3-EDG;https://etjanst.sjv.se/hagenpub/rest/base/object/5F3-EDG;docs/tuva/sodermanland/objektrapporter/5F3-EDG.json
5F4-900;Södermanland;Nyköping;7.37;Bete;2002-06-29;Skarpåker;https://etjanst.sjv.se/tuvaut/?f=&id=5F4-900;https://etjanst.sjv.se/hagenpub/rest/base/object/5F4-900;docs/tuva/sodermanland/objektrapporter/5F4-900.json
5F4-NAH;Södermanland;Gnesta;3.66;Bete;2003-09-17;Hjälminge 1;https://etjanst.sjv.se/tuvaut/?f=&id=5F4-NAH;https://etjanst.sjv.se/hagenpub/rest/base/object/5F4-NAH;docs/tuva/sodermanland/objektrapporter/5F4-NAH.json
5F5-FQW;Södermanland;Flen;11.04;Bete;2004-07-27;Bärga 1;https://etjanst.sjv.se/tuvaut/?f=&id=5F5-FQW;https://etjanst.sjv.se/hagenpub/rest/base/object/5F5-FQW;docs/tuva/sodermanland/objektrapporter/5F5-FQW.json
5FA-600;Södermanland;Nyköping;2.79;Bete;2002-07-03;Kungstorp;https://etjanst.sjv.se/tuvaut/?f=&id=5FA-600;https://etjanst.sjv.se/hagenpub/rest/base/object/5FA-600;docs/tuva/sodermanland/objektrapporter/5FA-600.json
5FA-JLY;Södermanland;Flen;0.56;Bete;2004-05-19;bogsten 1;https://etjanst.sjv.se/tuvaut/?f=&id=5FA-JLY;https://etjanst.sjv.se/hagenpub/rest/base/object/5FA-JLY;docs/tuva/sodermanland/objektrapporter/5FA-JLY.json
5FA-UTE;Södermanland;Gnesta;2.86;Bete;2004-06-10;Tuna 1;https://etjanst.sjv.se/tuvaut/?f=&id=5FA-UTE;https://etjanst.sjv.se/hagenpub/rest/base/object/5FA-UTE;docs/tuva/sodermanland/objektrapporter/5FA-UTE.json
5FB-BVO;Södermanland;Flen;2.68;Restaurerbar;2003-09-01;Grinda 3;https://etjanst.sjv.se/tuvaut/?f=&id=5FB-BVO;https://etjanst.sjv.se/hagenpub/rest/base/object/5FB-BVO;docs/tuva/sodermanland/objektrapporter/5FB-BVO.json
5FB-MLW;Södermanland;Flen;1.11;Bete;2004-06-23;Spånga 4;https://etjanst.sjv.se/tuvaut/?f=&id=5FB-MLW;https://etjanst.sjv.se/hagenpub/rest/base/object/5FB-MLW;docs/tuva/sodermanland/objektrapporter/5FB-MLW.json
5FD-TSV;Södermanland;Eskilstuna;16.21;Bete;2003-07-25;Tandla gård1;https://etjanst.sjv.se/tuvaut/?f=&id=5FD-TSV;https://etjanst.sjv.se/hagenpub/rest/base/object/5FD-TSV;docs/tuva/sodermanland/objektrapporter/5FD-TSV.json
5FE-VYQ;Södermanland;Katrineholm;5.31;Bete;2003-09-06;;https://etjanst.sjv.se/tuvaut/?f=&id=5FE-VYQ;https://etjanst.sjv.se/hagenpub/rest/base/object/5FE-VYQ;docs/tuva/sodermanland/objektrapporter/5FE-VYQ.json
600-EOE;Södermanland;Katrineholm;0.17;Bete;2004-09-10;svarttorp 2;https://etjanst.sjv.se/tuvaut/?f=&id=600-EOE;https://etjanst.sjv.se/hagenpub/rest/base/object/600-EOE;docs/tuva/sodermanland/objektrapporter/600-EOE.json
600-F00;Södermanland;Nyköping;1.95;Bete;2002-07-03;Hultebo;https://etjanst.sjv.se/tuvaut/?f=&id=600-F00;https://etjanst.sjv.se/hagenpub/rest/base/object/600-F00;docs/tuva/sodermanland/objektrapporter/600-F00.json
602-LIA;Södermanland;Trosa;1.22;Bete;2004-09-20;lacka 5;https://etjanst.sjv.se/tuvaut/?f=&id=602-LIA;https://etjanst.sjv.se/hagenpub/rest/base/object/602-LIA;docs/tuva/sodermanland/objektrapporter/602-LIA.json
602-MWU;Södermanland;Nyköping;2.62;Bete;2019-10-10;Fågelhyttan 2;https://etjanst.sjv.se/tuvaut/?f=&id=602-MWU;https://etjanst.sjv.se/hagenpub/rest/base/object/602-MWU;docs/tuva/sodermanland/objektrapporter/602-MWU.json
604-ALX;Södermanland;Eskilstuna;1.22;Bete;2003-08-04;Hagby säteri3;https://etjanst.sjv.se/tuvaut/?f=&id=604-ALX;https://etjanst.sjv.se/hagenpub/rest/base/object/604-ALX;docs/tuva/sodermanland/objektrapporter/604-ALX.json
605-KUV;Södermanland;Eskilstuna;2.24;Bete;2003-07-30;Balsta2;https://etjanst.sjv.se/tuvaut/?f=&id=605-KUV;https://etjanst.sjv.se/hagenpub/rest/base/object/605-KUV;docs/tuva/sodermanland/objektrapporter/605-KUV.json
605-LKS;Södermanland;Nyköping;2.32;Bete;2002-09-04;Runtuna, Sörby;https://etjanst.sjv.se/tuvaut/?f=&id=605-LKS;https://etjanst.sjv.se/hagenpub/rest/base/object/605-LKS;docs/tuva/sodermanland/objektrapporter/605-LKS.json
605-ZFG;Södermanland;Katrineholm;5.2;Bete;2002-08-01;Skalltorp 3;https://etjanst.sjv.se/tuvaut/?f=&id=605-ZFG;https://etjanst.sjv.se/hagenpub/rest/base/object/605-ZFG;docs/tuva/sodermanland/objektrapporter/605-ZFG.json
608-E00;Södermanland;Katrineholm;0.31;Bete;2002-05-28;Västeråsen;https://etjanst.sjv.se/tuvaut/?f=&id=608-E00;https://etjanst.sjv.se/hagenpub/rest/base/object/608-E00;docs/tuva/sodermanland/objektrapporter/608-E00.json
609-SNI;Södermanland;Strängnäs;2.07;Bete;2002-07-10;Sörby2;https://etjanst.sjv.se/tuvaut/?f=&id=609-SNI;https://etjanst.sjv.se/hagenpub/rest/base/object/609-SNI;docs/tuva/sodermanland/objektrapporter/609-SNI.json
60A-JLY;Södermanland;Flen;1.35;Bete;2003-07-29;Djupgrav;https://etjanst.sjv.se/tuvaut/?f=&id=60A-JLY;https://etjanst.sjv.se/hagenpub/rest/base/object/60A-JLY;docs/tuva/sodermanland/objektrapporter/60A-JLY.json
60A-SDJ;Södermanland;Gnesta;5.23;Bete;2019-08-06;Rocklösa;https://etjanst.sjv.se/tuvaut/?f=&id=60A-SDJ;https://etjanst.sjv.se/hagenpub/rest/base/object/60A-SDJ;docs/tuva/sodermanland/objektrapporter/60A-SDJ.json
60E-FPE;Södermanland;Eskilstuna;2.79;Bete;2003-09-01;Östertorp1;https://etjanst.sjv.se/tuvaut/?f=&id=60E-FPE;https://etjanst.sjv.se/hagenpub/rest/base/object/60E-FPE;docs/tuva/sodermanland/objektrapporter/60E-FPE.json
60E-RYR;Södermanland;Nyköping;3.5;Bete;2003-05-21;Skillra 2;https://etjanst.sjv.se/tuvaut/?f=&id=60E-RYR;https://etjanst.sjv.se/hagenpub/rest/base/object/60E-RYR;docs/tuva/sodermanland/objektrapporter/60E-RYR.json
60F-HPZ;Södermanland;Katrineholm;0.67;Bete;2004-08-31;ingelstorp 2;https://etjanst.sjv.se/tuvaut/?f=&id=60F-HPZ;https://etjanst.sjv.se/hagenpub/rest/base/object/60F-HPZ;docs/tuva/sodermanland/objektrapporter/60F-HPZ.json
610-TLC;Södermanland;Katrineholm;7.8;Bete;2004-06-04;fors, floda 2;https://etjanst.sjv.se/tuvaut/?f=&id=610-TLC;https://etjanst.sjv.se/hagenpub/rest/base/object/610-TLC;docs/tuva/sodermanland/objektrapporter/610-TLC.json
611-680;Södermanland;Strängnäs;1.36;Bete;2002-05-31;Odensicke4;https://etjanst.sjv.se/tuvaut/?f=&id=611-680;https://etjanst.sjv.se/hagenpub/rest/base/object/611-680;docs/tuva/sodermanland/objektrapporter/611-680.json
611-UGM;Södermanland;Nyköping;2.58;Bete;2003-06-25;Lappetorp 2;https://etjanst.sjv.se/tuvaut/?f=&id=611-UGM;https://etjanst.sjv.se/hagenpub/rest/base/object/611-UGM;docs/tuva/sodermanland/objektrapporter/611-UGM.json
612-200;Södermanland;Nyköping;4.6;Restaurerbar;2002-04-29;;https://etjanst.sjv.se/tuvaut/?f=&id=612-200;https://etjanst.sjv.se/hagenpub/rest/base/object/612-200;docs/tuva/sodermanland/objektrapporter/612-200.json
619-NDJ;Södermanland;Flen;8.44;Bete;2004-08-05;kärrtorp 1;https://etjanst.sjv.se/tuvaut/?f=&id=619-NDJ;https://etjanst.sjv.se/hagenpub/rest/base/object/619-NDJ;docs/tuva/sodermanland/objektrapporter/619-NDJ.json
61A-OON;Södermanland;Trosa;82.82;Bete;2002-07-17;Askö;https://etjanst.sjv.se/tuvaut/?f=&id=61A-OON;https://etjanst.sjv.se/hagenpub/rest/base/object/61A-OON;docs/tuva/sodermanland/objektrapporter/61A-OON.json
61B-F80;Södermanland;Gnesta;4.56;Bete;2002-06-27;Marö;https://etjanst.sjv.se/tuvaut/?f=&id=61B-F80;https://etjanst.sjv.se/hagenpub/rest/base/object/61B-F80;docs/tuva/sodermanland/objektrapporter/61B-F80.json
61B-HLG;Södermanland;Eskilstuna;4.11;Bete;2003-07-21;Nyäng3;https://etjanst.sjv.se/tuvaut/?f=&id=61B-HLG;https://etjanst.sjv.se/hagenpub/rest/base/object/61B-HLG;docs/tuva/sodermanland/objektrapporter/61B-HLG.json
61C-BGX;Södermanland;Flen;1.69;Bete;2004-06-28;Överby 1;https://etjanst.sjv.se/tuvaut/?f=&id=61C-BGX;https://etjanst.sjv.se/hagenpub/rest/base/object/61C-BGX;docs/tuva/sodermanland/objektrapporter/61C-BGX.json
61F-900;Södermanland;Nyköping;1.93;Restaurerbar;2002-06-26;Gärdesta;https://etjanst.sjv.se/tuvaut/?f=&id=61F-900;https://etjanst.sjv.se/hagenpub/rest/base/object/61F-900;docs/tuva/sodermanland/objektrapporter/61F-900.json
61F-LRI;Södermanland;Katrineholm;18.09;Bete;2002-07-29;Långviken;https://etjanst.sjv.se/tuvaut/?f=&id=61F-LRI;https://etjanst.sjv.se/hagenpub/rest/base/object/61F-LRI;docs/tuva/sodermanland/objektrapporter/61F-LRI.json
61F-MLO;Södermanland;Nyköping;3.8;Bete;2002-09-11;Ekla;https://etjanst.sjv.se/tuvaut/?f=&id=61F-MLO;https://etjanst.sjv.se/hagenpub/rest/base/object/61F-MLO;docs/tuva/sodermanland/objektrapporter/61F-MLO.json
621-HSY;Södermanland;Eskilstuna;0.49;Bete;2002-09-03;Mesta1;https://etjanst.sjv.se/tuvaut/?f=&id=621-HSY;https://etjanst.sjv.se/hagenpub/rest/base/object/621-HSY;docs/tuva/sodermanland/objektrapporter/621-HSY.json
621-ITF;Södermanland;Katrineholm;8.38;Bete;2004-07-02;Ö grysta;https://etjanst.sjv.se/tuvaut/?f=&id=621-ITF;https://etjanst.sjv.se/hagenpub/rest/base/object/621-ITF;docs/tuva/sodermanland/objektrapporter/621-ITF.json
622-NSU;Södermanland;Nyköping;0.27;Bete;2003-05-19;Göksätter 1;https://etjanst.sjv.se/tuvaut/?f=&id=622-NSU;https://etjanst.sjv.se/hagenpub/rest/base/object/622-NSU;docs/tuva/sodermanland/objektrapporter/622-NSU.json
622-RZP;Södermanland;Eskilstuna;2.04;Bete;2004-08-30;Eneby;https://etjanst.sjv.se/tuvaut/?f=&id=622-RZP;https://etjanst.sjv.se/hagenpub/rest/base/object/622-RZP;docs/tuva/sodermanland/objektrapporter/622-RZP.json
623-SRI;Södermanland;Nyköping;3.0;Restaurerbar;2002-07-20;;https://etjanst.sjv.se/tuvaut/?f=&id=623-SRI;https://etjanst.sjv.se/hagenpub/rest/base/object/623-SRI;docs/tuva/sodermanland/objektrapporter/623-SRI.json
624-EWN;Södermanland;Nyköping;10.78;Bete;2002-08-13;Skyle;https://etjanst.sjv.se/tuvaut/?f=&id=624-EWN;https://etjanst.sjv.se/hagenpub/rest/base/object/624-EWN;docs/tuva/sodermanland/objektrapporter/624-EWN.json
625-AFW;Södermanland;Gnesta;2.43;Bete;2004-06-04;Tängslinge 2;https://etjanst.sjv.se/tuvaut/?f=&id=625-AFW;https://etjanst.sjv.se/hagenpub/rest/base/object/625-AFW;docs/tuva/sodermanland/objektrapporter/625-AFW.json
625-MFH;Södermanland;Katrineholm;0.57;Bete;2004-06-08;lindebol 2;https://etjanst.sjv.se/tuvaut/?f=&id=625-MFH;https://etjanst.sjv.se/hagenpub/rest/base/object/625-MFH;docs/tuva/sodermanland/objektrapporter/625-MFH.json
626-E80;Södermanland;Flen;1.18;Restaurerbar;2002-05-10;Solberga;https://etjanst.sjv.se/tuvaut/?f=&id=626-E80;https://etjanst.sjv.se/hagenpub/rest/base/object/626-E80;docs/tuva/sodermanland/objektrapporter/626-E80.json
626-HDY;Södermanland;Katrineholm;8.09;Bete;2023-09-06;Tavesta 2;https://etjanst.sjv.se/tuvaut/?f=&id=626-HDY;https://etjanst.sjv.se/hagenpub/rest/base/object/626-HDY;docs/tuva/sodermanland/objektrapporter/626-HDY.json
626-RDG;Södermanland;Flen;11.73;Bete;2004-07-14;Ramsberg 1;https://etjanst.sjv.se/tuvaut/?f=&id=626-RDG;https://etjanst.sjv.se/hagenpub/rest/base/object/626-RDG;docs/tuva/sodermanland/objektrapporter/626-RDG.json
627-AVQ;Södermanland;Eskilstuna;1.75;Bete;2003-05-21;Ängvaktartorp;https://etjanst.sjv.se/tuvaut/?f=&id=627-AVQ;https://etjanst.sjv.se/hagenpub/rest/base/object/627-AVQ;docs/tuva/sodermanland/objektrapporter/627-AVQ.json
62C-JWJ;Södermanland;Flen;3.03;Bete;2004-07-09;Hall 2;https://etjanst.sjv.se/tuvaut/?f=&id=62C-JWJ;https://etjanst.sjv.se/hagenpub/rest/base/object/62C-JWJ;docs/tuva/sodermanland/objektrapporter/62C-JWJ.json
62D-COW;Södermanland;Nyköping;2.9;Bete;2003-05-20;Varväng 2;https://etjanst.sjv.se/tuvaut/?f=&id=62D-COW;https://etjanst.sjv.se/hagenpub/rest/base/object/62D-COW;docs/tuva/sodermanland/objektrapporter/62D-COW.json
62F-OEI;Södermanland;Gnesta;2.14;Bete;2003-09-04;Pungsätter;https://etjanst.sjv.se/tuvaut/?f=&id=62F-OEI;https://etjanst.sjv.se/hagenpub/rest/base/object/62F-OEI;docs/tuva/sodermanland/objektrapporter/62F-OEI.json
630-DLT;Södermanland;Gnesta;0.78;Bete;2004-06-23;Axala 3;https://etjanst.sjv.se/tuvaut/?f=&id=630-DLT;https://etjanst.sjv.se/hagenpub/rest/base/object/630-DLT;docs/tuva/sodermanland/objektrapporter/630-DLT.json
631-EAT;Södermanland;Katrineholm;9.2;Bete;2004-06-14;ramsta 1;https://etjanst.sjv.se/tuvaut/?f=&id=631-EAT;https://etjanst.sjv.se/hagenpub/rest/base/object/631-EAT;docs/tuva/sodermanland/objektrapporter/631-EAT.json
631-RMH;Södermanland;Strängnäs;2.58;Restaurerbar;2002-08-09;Hässelbyholm4;https://etjanst.sjv.se/tuvaut/?f=&id=631-RMH;https://etjanst.sjv.se/hagenpub/rest/base/object/631-RMH;docs/tuva/sodermanland/objektrapporter/631-RMH.json
632-YTJ;Södermanland;Strängnäs;9.18;Bete;2002-08-05;Viggeby;https://etjanst.sjv.se/tuvaut/?f=&id=632-YTJ;https://etjanst.sjv.se/hagenpub/rest/base/object/632-YTJ;docs/tuva/sodermanland/objektrapporter/632-YTJ.json
633-PAH;Södermanland;Katrineholm;0.48;Bete;2003-07-08;Smedstorp 1;https://etjanst.sjv.se/tuvaut/?f=&id=633-PAH;https://etjanst.sjv.se/hagenpub/rest/base/object/633-PAH;docs/tuva/sodermanland/objektrapporter/633-PAH.json
635-UDQ;Södermanland;Flen;2.38;Bete;2004-07-21;hansjötorp;https://etjanst.sjv.se/tuvaut/?f=&id=635-UDQ;https://etjanst.sjv.se/hagenpub/rest/base/object/635-UDQ;docs/tuva/sodermanland/objektrapporter/635-UDQ.json
637-100;Södermanland;Strängnäs;1.3;Bete;2002-06-03;Ärnesta1;https://etjanst.sjv.se/tuvaut/?f=&id=637-100;https://etjanst.sjv.se/hagenpub/rest/base/object/637-100;docs/tuva/sodermanland/objektrapporter/637-100.json
639-NUF;Södermanland;Flen;5.2;Bete;2003-09-23;;https://etjanst.sjv.se/tuvaut/?f=&id=639-NUF;https://etjanst.sjv.se/hagenpub/rest/base/object/639-NUF;docs/tuva/sodermanland/objektrapporter/639-NUF.json
639-RVQ;Södermanland;Strängnäs;5.14;Bete;2004-08-24;Edeby 2;https://etjanst.sjv.se/tuvaut/?f=&id=639-RVQ;https://etjanst.sjv.se/hagenpub/rest/base/object/639-RVQ;docs/tuva/sodermanland/objektrapporter/639-RVQ.json
63C-IAR;Södermanland;Flen;2.11;Bete;2003-08-01;;https://etjanst.sjv.se/tuvaut/?f=&id=63C-IAR;https://etjanst.sjv.se/hagenpub/rest/base/object/63C-IAR;docs/tuva/sodermanland/objektrapporter/63C-IAR.json
63D-RAY;Södermanland;Katrineholm;1.08;Bete;2003-07-10;Målartorp 1;https://etjanst.sjv.se/tuvaut/?f=&id=63D-RAY;https://etjanst.sjv.se/hagenpub/rest/base/object/63D-RAY;docs/tuva/sodermanland/objektrapporter/63D-RAY.json
63D-SNI;Södermanland;Flen;2.03;Bete;2003-09-25;;https://etjanst.sjv.se/tuvaut/?f=&id=63D-SNI;https://etjanst.sjv.se/hagenpub/rest/base/object/63D-SNI;docs/tuva/sodermanland/objektrapporter/63D-SNI.json
63F-E80;Södermanland;Nyköping;2.86;Bete;2002-06-04;Berga;https://etjanst.sjv.se/tuvaut/?f=&id=63F-E80;https://etjanst.sjv.se/hagenpub/rest/base/object/63F-E80;docs/tuva/sodermanland/objektrapporter/63F-E80.json
63F-HJK;Södermanland;Nyköping;2.23;Bete;2002-07-08;Botten;https://etjanst.sjv.se/tuvaut/?f=&id=63F-HJK;https://etjanst.sjv.se/hagenpub/rest/base/object/63F-HJK;docs/tuva/sodermanland/objektrapporter/63F-HJK.json
641-CMN;Södermanland;Eskilstuna;0.24;Bete;2004-08-27;Torrsäter;https://etjanst.sjv.se/tuvaut/?f=&id=641-CMN;https://etjanst.sjv.se/hagenpub/rest/base/object/641-CMN;docs/tuva/sodermanland/objektrapporter/641-CMN.json
641-JLY;Södermanland;Eskilstuna;0.62;Bete;2003-08-14;Österby3;https://etjanst.sjv.se/tuvaut/?f=&id=641-JLY;https://etjanst.sjv.se/hagenpub/rest/base/object/641-JLY;docs/tuva/sodermanland/objektrapporter/641-JLY.json
642-DOP;Södermanland;Katrineholm;1.9;Bete;2004-06-23;bjälkbol 2;https://etjanst.sjv.se/tuvaut/?f=&id=642-DOP;https://etjanst.sjv.se/hagenpub/rest/base/object/642-DOP;docs/tuva/sodermanland/objektrapporter/642-DOP.json
643-ASY;Södermanland;Trosa;2.56;Bete;2004-05-28;;https://etjanst.sjv.se/tuvaut/?f=&id=643-ASY;https://etjanst.sjv.se/hagenpub/rest/base/object/643-ASY;docs/tuva/sodermanland/objektrapporter/643-ASY.json
643-HQP;Södermanland;Gnesta;0.44;Restaurerbar;2004-07-06;Harbro 1;https://etjanst.sjv.se/tuvaut/?f=&id=643-HQP;https://etjanst.sjv.se/hagenpub/rest/base/object/643-HQP;docs/tuva/sodermanland/objektrapporter/643-HQP.json
645-AZH;Södermanland;Eskilstuna;1.85;Restaurerbar;2003-08-28;Norrtorp;https://etjanst.sjv.se/tuvaut/?f=&id=645-AZH;https://etjanst.sjv.se/hagenpub/rest/base/object/645-AZH;docs/tuva/sodermanland/objektrapporter/645-AZH.json
646-OTL;Södermanland;Nyköping;23.23;Bete;2002-07-06;;https://etjanst.sjv.se/tuvaut/?f=&id=646-OTL;https://etjanst.sjv.se/hagenpub/rest/base/object/646-OTL;docs/tuva/sodermanland/objektrapporter/646-OTL.json
647-300;Södermanland;Nyköping;1.35;Restaurerbar;2002-06-26;Berga;https://etjanst.sjv.se/tuvaut/?f=&id=647-300;https://etjanst.sjv.se/hagenpub/rest/base/object/647-300;docs/tuva/sodermanland/objektrapporter/647-300.json
649-UTV;Södermanland;Gnesta;3.15;Bete;2003-09-29;Kesätter;https://etjanst.sjv.se/tuvaut/?f=&id=649-UTV;https://etjanst.sjv.se/hagenpub/rest/base/object/649-UTV;docs/tuva/sodermanland/objektrapporter/649-UTV.json
64A-FDJ;Södermanland;Flen;1.53;Bete;2003-09-10;Stora Dal2;https://etjanst.sjv.se/tuvaut/?f=&id=64A-FDJ;https://etjanst.sjv.se/hagenpub/rest/base/object/64A-FDJ;docs/tuva/sodermanland/objektrapporter/64A-FDJ.json
64B-AYK;Södermanland;Katrineholm;2.98;Bete;2003-07-08;Hönstorp 2;https://etjanst.sjv.se/tuvaut/?f=&id=64B-AYK;https://etjanst.sjv.se/hagenpub/rest/base/object/64B-AYK;docs/tuva/sodermanland/objektrapporter/64B-AYK.json
64B-OFN;Södermanland;Eskilstuna;0.61;Bete;2002-09-03;Mesta2;https://etjanst.sjv.se/tuvaut/?f=&id=64B-OFN;https://etjanst.sjv.se/hagenpub/rest/base/object/64B-OFN;docs/tuva/sodermanland/objektrapporter/64B-OFN.json
64C-YDP;Södermanland;Eskilstuna;0.92;Bete;2003-08-04;Albro;https://etjanst.sjv.se/tuvaut/?f=&id=64C-YDP;https://etjanst.sjv.se/hagenpub/rest/base/object/64C-YDP;docs/tuva/sodermanland/objektrapporter/64C-YDP.json
64C-YXI;Södermanland;Flen;4.3;Bete;2004-07-28;Näsby 2;https://etjanst.sjv.se/tuvaut/?f=&id=64C-YXI;https://etjanst.sjv.se/hagenpub/rest/base/object/64C-YXI;docs/tuva/sodermanland/objektrapporter/64C-YXI.json
64E-LTD;Södermanland;Nyköping;0.45;Bete;2004-08-25;Grindstugan;https://etjanst.sjv.se/tuvaut/?f=&id=64E-LTD;https://etjanst.sjv.se/hagenpub/rest/base/object/64E-LTD;docs/tuva/sodermanland/objektrapporter/64E-LTD.json
64E-PHY;Södermanland;Gnesta;1.1;Bete;2003-09-17;Hjälminge 2;https://etjanst.sjv.se/tuvaut/?f=&id=64E-PHY;https://etjanst.sjv.se/hagenpub/rest/base/object/64E-PHY;docs/tuva/sodermanland/objektrapporter/64E-PHY.json
64F-HEI;Södermanland;Strängnäs;10.33;Bete;2002-07-15;Björnvad1;https://etjanst.sjv.se/tuvaut/?f=&id=64F-HEI;https://etjanst.sjv.se/hagenpub/rest/base/object/64F-HEI;docs/tuva/sodermanland/objektrapporter/64F-HEI.json
650-C80;Södermanland;Strängnäs;4.56;Bete;2002-05-28;Näsby3;https://etjanst.sjv.se/tuvaut/?f=&id=650-C80;https://etjanst.sjv.se/hagenpub/rest/base/object/650-C80;docs/tuva/sodermanland/objektrapporter/650-C80.json
653-KSZ;Södermanland;Eskilstuna;0.2;Bete;2003-08-27;Magda4;https://etjanst.sjv.se/tuvaut/?f=&id=653-KSZ;https://etjanst.sjv.se/hagenpub/rest/base/object/653-KSZ;docs/tuva/sodermanland/objektrapporter/653-KSZ.json
654-800;Södermanland;Nyköping;0.77;Bete;2002-04-29;;https://etjanst.sjv.se/tuvaut/?f=&id=654-800;https://etjanst.sjv.se/hagenpub/rest/base/object/654-800;docs/tuva/sodermanland/objektrapporter/654-800.json
655-A00;Södermanland;Strängnäs;8.35;Bete;2002-06-18;Botholm1;https://etjanst.sjv.se/tuvaut/?f=&id=655-A00;https://etjanst.sjv.se/hagenpub/rest/base/object/655-A00;docs/tuva/sodermanland/objektrapporter/655-A00.json
655-XDE;Södermanland;Katrineholm;1.75;Restaurerbar;2003-05-20;Bronäs 2;https://etjanst.sjv.se/tuvaut/?f=&id=655-XDE;https://etjanst.sjv.se/hagenpub/rest/base/object/655-XDE;docs/tuva/sodermanland/objektrapporter/655-XDE.json
656-CTC;Södermanland;Katrineholm;3.97;Restaurerbar;2002-09-04;Strömkärr;https://etjanst.sjv.se/tuvaut/?f=&id=656-CTC;https://etjanst.sjv.se/hagenpub/rest/base/object/656-CTC;docs/tuva/sodermanland/objektrapporter/656-CTC.json
656-TQZ;Södermanland;Katrineholm;0.43;Bete;2004-07-15;s granhed 3;https://etjanst.sjv.se/tuvaut/?f=&id=656-TQZ;https://etjanst.sjv.se/hagenpub/rest/base/object/656-TQZ;docs/tuva/sodermanland/objektrapporter/656-TQZ.json
658-HME;Södermanland;Nyköping;21.16;Restaurerbar;2004-08-09;Sävö 5;https://etjanst.sjv.se/tuvaut/?f=&id=658-HME;https://etjanst.sjv.se/hagenpub/rest/base/object/658-HME;docs/tuva/sodermanland/objektrapporter/658-HME.json
659-JUD;Södermanland;Katrineholm;0.34;Bete;2004-07-13;grystatorp 2;https://etjanst.sjv.se/tuvaut/?f=&id=659-JUD;https://etjanst.sjv.se/hagenpub/rest/base/object/659-JUD;docs/tuva/sodermanland/objektrapporter/659-JUD.json
65C-F00;Södermanland;Nyköping;0.56;Restaurerbar;2002-06-17;Törstalund;https://etjanst.sjv.se/tuvaut/?f=&id=65C-F00;https://etjanst.sjv.se/hagenpub/rest/base/object/65C-F00;docs/tuva/sodermanland/objektrapporter/65C-F00.json
65F-C00;Södermanland;Nyköping;16.05;Restaurerbar;2002-06-25;Hånö;https://etjanst.sjv.se/tuvaut/?f=&id=65F-C00;https://etjanst.sjv.se/hagenpub/rest/base/object/65F-C00;docs/tuva/sodermanland/objektrapporter/65F-C00.json
661-VNE;Södermanland;Nyköping;6.65;Bete;2004-07-30;Edeby 2;https://etjanst.sjv.se/tuvaut/?f=&id=661-VNE;https://etjanst.sjv.se/hagenpub/rest/base/object/661-VNE;docs/tuva/sodermanland/objektrapporter/661-VNE.json
662-SZK;Södermanland;Strängnäs;4.68;Bete;2002-08-01;Kalkudden2;https://etjanst.sjv.se/tuvaut/?f=&id=662-SZK;https://etjanst.sjv.se/hagenpub/rest/base/object/662-SZK;docs/tuva/sodermanland/objektrapporter/662-SZK.json
66A-QPA;Södermanland;Trosa;7.54;Bete;2004-06-23;Nyckelby 3;https://etjanst.sjv.se/tuvaut/?f=&id=66A-QPA;https://etjanst.sjv.se/hagenpub/rest/base/object/66A-QPA;docs/tuva/sodermanland/objektrapporter/66A-QPA.json
66C-SSU;Södermanland;Katrineholm;4.5;Bete;2004-06-02;knutsta1;https://etjanst.sjv.se/tuvaut/?f=&id=66C-SSU;https://etjanst.sjv.se/hagenpub/rest/base/object/66C-SSU;docs/tuva/sodermanland/objektrapporter/66C-SSU.json
66D-WIL;Södermanland;Eskilstuna;3.55;Bete;2003-05-30;Ribbingelund-Hummelkärr3;https://etjanst.sjv.se/tuvaut/?f=&id=66D-WIL;https://etjanst.sjv.se/hagenpub/rest/base/object/66D-WIL;docs/tuva/sodermanland/objektrapporter/66D-WIL.json
673-600;Södermanland;Trosa;0.65;Restaurerbar;2002-05-04;;https://etjanst.sjv.se/tuvaut/?f=&id=673-600;https://etjanst.sjv.se/hagenpub/rest/base/object/673-600;docs/tuva/sodermanland/objektrapporter/673-600.json
673-ZGL;Södermanland;Gnesta;1.35;Bete;2003-09-18;Prästhälla 2;https://etjanst.sjv.se/tuvaut/?f=&id=673-ZGL;https://etjanst.sjv.se/hagenpub/rest/base/object/673-ZGL;docs/tuva/sodermanland/objektrapporter/673-ZGL.json
675-LUB;Södermanland;Strängnäs;2.89;Bete;2004-08-23;Harby;https://etjanst.sjv.se/tuvaut/?f=&id=675-LUB;https://etjanst.sjv.se/hagenpub/rest/base/object/675-LUB;docs/tuva/sodermanland/objektrapporter/675-LUB.json
675-SZQ;Södermanland;Eskilstuna;1.99;Bete;2004-09-01;Frasta;https://etjanst.sjv.se/tuvaut/?f=&id=675-SZQ;https://etjanst.sjv.se/hagenpub/rest/base/object/675-SZQ;docs/tuva/sodermanland/objektrapporter/675-SZQ.json
677-XHE;Södermanland;Flen;13.1;Bete;2004-06-23;Sannerby;https://etjanst.sjv.se/tuvaut/?f=&id=677-XHE;https://etjanst.sjv.se/hagenpub/rest/base/object/677-XHE;docs/tuva/sodermanland/objektrapporter/677-XHE.json
678-GWA;Södermanland;Nyköping;1.76;Bete;2002-08-11;Ekeby, Runtuna;https://etjanst.sjv.se/tuvaut/?f=&id=678-GWA;https://etjanst.sjv.se/hagenpub/rest/base/object/678-GWA;docs/tuva/sodermanland/objektrapporter/678-GWA.json
67E-OIB;Södermanland;Nyköping;7.31;Bete;2002-09-11;Löfsund;https://etjanst.sjv.se/tuvaut/?f=&id=67E-OIB;https://etjanst.sjv.se/hagenpub/rest/base/object/67E-OIB;docs/tuva/sodermanland/objektrapporter/67E-OIB.json
67E-VRE;Södermanland;Nyköping;4.79;Bete;2003-09-10;Utterö;https://etjanst.sjv.se/tuvaut/?f=&id=67E-VRE;https://etjanst.sjv.se/hagenpub/rest/base/object/67E-VRE;docs/tuva/sodermanland/objektrapporter/67E-VRE.json
680-XHD;Södermanland;Nyköping;7.24;Äng;2002-07-20;;https://etjanst.sjv.se/tuvaut/?f=&id=680-XHD;https://etjanst.sjv.se/hagenpub/rest/base/object/680-XHD;docs/tuva/sodermanland/objektrapporter/680-XHD.json
684-HAW;Södermanland;Flen;5.79;Bete;2004-07-07;Ulvsund;https://etjanst.sjv.se/tuvaut/?f=&id=684-HAW;https://etjanst.sjv.se/hagenpub/rest/base/object/684-HAW;docs/tuva/sodermanland/objektrapporter/684-HAW.json
685-400;Södermanland;Katrineholm;1.14;Bete;2002-06-17;Långviken 2;https://etjanst.sjv.se/tuvaut/?f=&id=685-400;https://etjanst.sjv.se/hagenpub/rest/base/object/685-400;docs/tuva/sodermanland/objektrapporter/685-400.json
686-MIM;Södermanland;Eskilstuna;27.95;Bete;2003-06-03;Stålråd1;https://etjanst.sjv.se/tuvaut/?f=&id=686-MIM;https://etjanst.sjv.se/hagenpub/rest/base/object/686-MIM;docs/tuva/sodermanland/objektrapporter/686-MIM.json
68B-680;Södermanland;Katrineholm;2.61;Bete;2002-04-23;Sakristorp;https://etjanst.sjv.se/tuvaut/?f=&id=68B-680;https://etjanst.sjv.se/hagenpub/rest/base/object/68B-680;docs/tuva/sodermanland/objektrapporter/68B-680.json
68C-JFJ;Södermanland;Eskilstuna;1.2;Bete;2003-07-31;Örsta5;https://etjanst.sjv.se/tuvaut/?f=&id=68C-JFJ;https://etjanst.sjv.se/hagenpub/rest/base/object/68C-JFJ;docs/tuva/sodermanland/objektrapporter/68C-JFJ.json
68C-KRW;Södermanland;Katrineholm;1.76;Bete;2004-05-17;västra vegred 3;https://etjanst.sjv.se/tuvaut/?f=&id=68C-KRW;https://etjanst.sjv.se/hagenpub/rest/base/object/68C-KRW;docs/tuva/sodermanland/objektrapporter/68C-KRW.json
68E-OJF;Södermanland;Nyköping;3.19;Bete;2004-06-09;Landshammar 1;https://etjanst.sjv.se/tuvaut/?f=&id=68E-OJF;https://etjanst.sjv.se/hagenpub/rest/base/object/68E-OJF;docs/tuva/sodermanland/objektrapporter/68E-OJF.json
690-700;Södermanland;Katrineholm;0.68;Bete;2002-06-10;Löppsjötorp 3;https://etjanst.sjv.se/tuvaut/?f=&id=690-700;https://etjanst.sjv.se/hagenpub/rest/base/object/690-700;docs/tuva/sodermanland/objektrapporter/690-700.json
691-LWO;Södermanland;Nyköping;4.24;Bete;2002-08-27;Stora Sjöbo;https://etjanst.sjv.se/tuvaut/?f=&id=691-LWO;https://etjanst.sjv.se/hagenpub/rest/base/object/691-LWO;docs/tuva/sodermanland/objektrapporter/691-LWO.json
691-TMO;Södermanland;Eskilstuna;1.8;Bete;2003-08-01;Kälbrotorp;https://etjanst.sjv.se/tuvaut/?f=&id=691-TMO;https://etjanst.sjv.se/hagenpub/rest/base/object/691-TMO;docs/tuva/sodermanland/objektrapporter/691-TMO.json
693-NGZ;Södermanland;Nyköping;0.63;Bete;2003-05-26;Börsta 2;https://etjanst.sjv.se/tuvaut/?f=&id=693-NGZ;https://etjanst.sjv.se/hagenpub/rest/base/object/693-NGZ;docs/tuva/sodermanland/objektrapporter/693-NGZ.json
695-OQR;Södermanland;Katrineholm;0.48;Bete;2004-06-03;stav;https://etjanst.sjv.se/tuvaut/?f=&id=695-OQR;https://etjanst.sjv.se/hagenpub/rest/base/object/695-OQR;docs/tuva/sodermanland/objektrapporter/695-OQR.json
695-OTL;Södermanland;Nyköping;2.27;Bete;2004-08-17;Tuna;https://etjanst.sjv.se/tuvaut/?f=&id=695-OTL;https://etjanst.sjv.se/hagenpub/rest/base/object/695-OTL;docs/tuva/sodermanland/objektrapporter/695-OTL.json
695-WCQ;Södermanland;Katrineholm;1.27;Bete;2003-09-04;Stenkulla 1;https://etjanst.sjv.se/tuvaut/?f=&id=695-WCQ;https://etjanst.sjv.se/hagenpub/rest/base/object/695-WCQ;docs/tuva/sodermanland/objektrapporter/695-WCQ.json
696-DHP;Södermanland;Strängnäs;3.4;Ej aktuell;2004-08-24;Tuna;https://etjanst.sjv.se/tuvaut/?f=&id=696-DHP;https://etjanst.sjv.se/hagenpub/rest/base/object/696-DHP;docs/tuva/sodermanland/objektrapporter/696-DHP.json
696-KIU;Södermanland;Eskilstuna;9.68;Bete;2003-08-15;Hedensö2;https://etjanst.sjv.se/tuvaut/?f=&id=696-KIU;https://etjanst.sjv.se/hagenpub/rest/base/object/696-KIU;docs/tuva/sodermanland/objektrapporter/696-KIU.json
699-ATT;Södermanland;Eskilstuna;1.5;Bete;2003-07-22;Mälby2;https://etjanst.sjv.se/tuvaut/?f=&id=699-ATT;https://etjanst.sjv.se/hagenpub/rest/base/object/699-ATT;docs/tuva/sodermanland/objektrapporter/699-ATT.json
699-EQT;Södermanland;Trosa;2.15;Bete;2004-05-18;Ekebonäs 1;https://etjanst.sjv.se/tuvaut/?f=&id=699-EQT;https://etjanst.sjv.se/hagenpub/rest/base/object/699-EQT;docs/tuva/sodermanland/objektrapporter/699-EQT.json
69D-JOG;Södermanland;Vingåker;1.74;Bete;2004-09-09;björkliden 2;https://etjanst.sjv.se/tuvaut/?f=&id=69D-JOG;https://etjanst.sjv.se/hagenpub/rest/base/object/69D-JOG;docs/tuva/sodermanland/objektrapporter/69D-JOG.json
69E-EFP;Södermanland;Katrineholm;2.9;Bete;2003-07-18;Rosenlund 1;https://etjanst.sjv.se/tuvaut/?f=&id=69E-EFP;https://etjanst.sjv.se/hagenpub/rest/base/object/69E-EFP;docs/tuva/sodermanland/objektrapporter/69E-EFP.json
69E-RGN;Södermanland;Nyköping;6.32;Bete;2003-05-27;Pilgrimsbo, Prästebol;https://etjanst.sjv.se/tuvaut/?f=&id=69E-RGN;https://etjanst.sjv.se/hagenpub/rest/base/object/69E-RGN;docs/tuva/sodermanland/objektrapporter/69E-RGN.json
69F-EPV;Södermanland;Nyköping;3.52;Bete;2004-09-22;hartsö 3;https://etjanst.sjv.se/tuvaut/?f=&id=69F-EPV;https://etjanst.sjv.se/hagenpub/rest/base/object/69F-EPV;docs/tuva/sodermanland/objektrapporter/69F-EPV.json
6A4-AKH;Södermanland;Nyköping;6.91;Bete;2002-09-11;Ekla;https://etjanst.sjv.se/tuvaut/?f=&id=6A4-AKH;https://etjanst.sjv.se/hagenpub/rest/base/object/6A4-AKH;docs/tuva/sodermanland/objektrapporter/6A4-AKH.json
6A6-600;Södermanland;Flen;1.21;Restaurerbar;2002-05-15;Ådö1;https://etjanst.sjv.se/tuvaut/?f=&id=6A6-600;https://etjanst.sjv.se/hagenpub/rest/base/object/6A6-600;docs/tuva/sodermanland/objektrapporter/6A6-600.json
6A7-SLE;Södermanland;Nyköping;3.09;Bete;2003-06-02;Valingegård 4;https://etjanst.sjv.se/tuvaut/?f=&id=6A7-SLE;https://etjanst.sjv.se/hagenpub/rest/base/object/6A7-SLE;docs/tuva/sodermanland/objektrapporter/6A7-SLE.json
6A9-EXQ;Södermanland;Eskilstuna;2.4;Bete;2003-05-14;Biby1;https://etjanst.sjv.se/tuvaut/?f=&id=6A9-EXQ;https://etjanst.sjv.se/hagenpub/rest/base/object/6A9-EXQ;docs/tuva/sodermanland/objektrapporter/6A9-EXQ.json
6AC-F00;Södermanland;Eskilstuna;18.85;Bete;2002-04-30;Näs;https://etjanst.sjv.se/tuvaut/?f=&id=6AC-F00;https://etjanst.sjv.se/hagenpub/rest/base/object/6AC-F00;docs/tuva/sodermanland/objektrapporter/6AC-F00.json
6AD-100;Södermanland;Nyköping;0.69;Bete;2002-06-18;Gubbkärr;https://etjanst.sjv.se/tuvaut/?f=&id=6AD-100;https://etjanst.sjv.se/hagenpub/rest/base/object/6AD-100;docs/tuva/sodermanland/objektrapporter/6AD-100.json
6AD-ECN;Södermanland;Nyköping;1.41;Bete;2002-08-08;Åkerstugan;https://etjanst.sjv.se/tuvaut/?f=&id=6AD-ECN;https://etjanst.sjv.se/hagenpub/rest/base/object/6AD-ECN;docs/tuva/sodermanland/objektrapporter/6AD-ECN.json
6AD-JJI;Södermanland;Nyköping;0.43;Bete;2002-07-09;Stora Marsäng;https://etjanst.sjv.se/tuvaut/?f=&id=6AD-JJI;https://etjanst.sjv.se/hagenpub/rest/base/object/6AD-JJI;docs/tuva/sodermanland/objektrapporter/6AD-JJI.json
6B0-080;Södermanland;Nyköping;3.0;Bete;2023-10-05;Måstena;https://etjanst.sjv.se/tuvaut/?f=&id=6B0-080;https://etjanst.sjv.se/hagenpub/rest/base/object/6B0-080;docs/tuva/sodermanland/objektrapporter/6B0-080.json
6B0-TPH;Södermanland;Nyköping;2.21;Bete;2003-09-10;Långbro 1;https://etjanst.sjv.se/tuvaut/?f=&id=6B0-TPH;https://etjanst.sjv.se/hagenpub/rest/base/object/6B0-TPH;docs/tuva/sodermanland/objektrapporter/6B0-TPH.json
6B1-SMF;Södermanland;Eskilstuna;1.13;Bete;2003-07-29;Rossviks säteri3;https://etjanst.sjv.se/tuvaut/?f=&id=6B1-SMF;https://etjanst.sjv.se/hagenpub/rest/base/object/6B1-SMF;docs/tuva/sodermanland/objektrapporter/6B1-SMF.json
6B3-280;Södermanland;Nyköping;1.6;Bete;2002-06-29;Egersta;https://etjanst.sjv.se/tuvaut/?f=&id=6B3-280;https://etjanst.sjv.se/hagenpub/rest/base/object/6B3-280;docs/tuva/sodermanland/objektrapporter/6B3-280.json
6B3-480;Södermanland;Flen;3.32;Restaurerbar;2002-05-08;Hässelängen;https://etjanst.sjv.se/tuvaut/?f=&id=6B3-480;https://etjanst.sjv.se/hagenpub/rest/base/object/6B3-480;docs/tuva/sodermanland/objektrapporter/6B3-480.json
6B6-IEC;Södermanland;Flen;4.44;Bete;2004-07-09;Helgesta 2;https://etjanst.sjv.se/tuvaut/?f=&id=6B6-IEC;https://etjanst.sjv.se/hagenpub/rest/base/object/6B6-IEC;docs/tuva/sodermanland/objektrapporter/6B6-IEC.json
6B7-LNO;Södermanland;Eskilstuna;0.7;Bete;2003-08-20;Visund3;https://etjanst.sjv.se/tuvaut/?f=&id=6B7-LNO;https://etjanst.sjv.se/hagenpub/rest/base/object/6B7-LNO;docs/tuva/sodermanland/objektrapporter/6B7-LNO.json
6BB-480;Södermanland;Strängnäs;3.15;Bete;2002-06-11;Berg1;https://etjanst.sjv.se/tuvaut/?f=&id=6BB-480;https://etjanst.sjv.se/hagenpub/rest/base/object/6BB-480;docs/tuva/sodermanland/objektrapporter/6BB-480.json
6BC-QWW;Södermanland;Flen;9.36;Bete;2004-06-17;Bjudby 2;https://etjanst.sjv.se/tuvaut/?f=&id=6BC-QWW;https://etjanst.sjv.se/hagenpub/rest/base/object/6BC-QWW;docs/tuva/sodermanland/objektrapporter/6BC-QWW.json
6BE-BPG;Södermanland;Nyköping;1.37;Bete;2002-07-08;Bäcketorp;https://etjanst.sjv.se/tuvaut/?f=&id=6BE-BPG;https://etjanst.sjv.se/hagenpub/rest/base/object/6BE-BPG;docs/tuva/sodermanland/objektrapporter/6BE-BPG.json
6C1-IOO;Södermanland;Trosa;5.33;Bete;2004-05-19;Björke 1;https://etjanst.sjv.se/tuvaut/?f=&id=6C1-IOO;https://etjanst.sjv.se/hagenpub/rest/base/object/6C1-IOO;docs/tuva/sodermanland/objektrapporter/6C1-IOO.json
6C1-QHO;Södermanland;Eskilstuna;0.91;Bete;2003-08-11;Aspesten3;https://etjanst.sjv.se/tuvaut/?f=&id=6C1-QHO;https://etjanst.sjv.se/hagenpub/rest/base/object/6C1-QHO;docs/tuva/sodermanland/objektrapporter/6C1-QHO.json
6C2-BEU;Södermanland;Katrineholm;0.72;Bete;2004-07-20;granhed 2;https://etjanst.sjv.se/tuvaut/?f=&id=6C2-BEU;https://etjanst.sjv.se/hagenpub/rest/base/object/6C2-BEU;docs/tuva/sodermanland/objektrapporter/6C2-BEU.json
6C4-A00;Södermanland;Nyköping;4.34;Bete;2002-05-10;;https://etjanst.sjv.se/tuvaut/?f=&id=6C4-A00;https://etjanst.sjv.se/hagenpub/rest/base/object/6C4-A00;docs/tuva/sodermanland/objektrapporter/6C4-A00.json
6C4-ZAC;Södermanland;Nyköping;0.45;Bete;2003-05-20;Varväng 1;https://etjanst.sjv.se/tuvaut/?f=&id=6C4-ZAC;https://etjanst.sjv.se/hagenpub/rest/base/object/6C4-ZAC;docs/tuva/sodermanland/objektrapporter/6C4-ZAC.json
6C5-NYZ;Södermanland;Gnesta;6.18;Restaurerbar;2004-06-30;Karlsta ;https://etjanst.sjv.se/tuvaut/?f=&id=6C5-NYZ;https://etjanst.sjv.se/hagenpub/rest/base/object/6C5-NYZ;docs/tuva/sodermanland/objektrapporter/6C5-NYZ.json
6C5-XRK;Södermanland;Eskilstuna;2.85;Bete;2004-08-17;Ekedal;https://etjanst.sjv.se/tuvaut/?f=&id=6C5-XRK;https://etjanst.sjv.se/hagenpub/rest/base/object/6C5-XRK;docs/tuva/sodermanland/objektrapporter/6C5-XRK.json
6C6-400;Södermanland;Nyköping;5.71;Bete;2002-07-02;Stora Älghammar;https://etjanst.sjv.se/tuvaut/?f=&id=6C6-400;https://etjanst.sjv.se/hagenpub/rest/base/object/6C6-400;docs/tuva/sodermanland/objektrapporter/6C6-400.json
6C8-400;Södermanland;Nyköping;1.32;Bete;2002-07-03;Järpsätter;https://etjanst.sjv.se/tuvaut/?f=&id=6C8-400;https://etjanst.sjv.se/hagenpub/rest/base/object/6C8-400;docs/tuva/sodermanland/objektrapporter/6C8-400.json
6CB-ZOT;Södermanland;Katrineholm;5.9;Bete;2004-06-02;fågelö ;https://etjanst.sjv.se/tuvaut/?f=&id=6CB-ZOT;https://etjanst.sjv.se/hagenpub/rest/base/object/6CB-ZOT;docs/tuva/sodermanland/objektrapporter/6CB-ZOT.json
6CE-OVU;Södermanland;Nyköping;0.68;Bete;2004-07-30;Ekeby 2;https://etjanst.sjv.se/tuvaut/?f=&id=6CE-OVU;https://etjanst.sjv.se/hagenpub/rest/base/object/6CE-OVU;docs/tuva/sodermanland/objektrapporter/6CE-OVU.json
6CE-XVP;Södermanland;Eskilstuna;2.1;Bete;2003-05-21;Stora Grindhammar2;https://etjanst.sjv.se/tuvaut/?f=&id=6CE-XVP;https://etjanst.sjv.se/hagenpub/rest/base/object/6CE-XVP;docs/tuva/sodermanland/objektrapporter/6CE-XVP.json
6CE-YBZ;Södermanland;Vingåker;0.57;Bete;2003-09-05;;https://etjanst.sjv.se/tuvaut/?f=&id=6CE-YBZ;https://etjanst.sjv.se/hagenpub/rest/base/object/6CE-YBZ;docs/tuva/sodermanland/objektrapporter/6CE-YBZ.json
6CF-KCT;Södermanland;Katrineholm;0.67;Bete;2003-07-11;;https://etjanst.sjv.se/tuvaut/?f=&id=6CF-KCT;https://etjanst.sjv.se/hagenpub/rest/base/object/6CF-KCT;docs/tuva/sodermanland/objektrapporter/6CF-KCT.json
6D0-IBX;Södermanland;Katrineholm;8.69;Bete;2004-07-13;v grysta 3;https://etjanst.sjv.se/tuvaut/?f=&id=6D0-IBX;https://etjanst.sjv.se/hagenpub/rest/base/object/6D0-IBX;docs/tuva/sodermanland/objektrapporter/6D0-IBX.json
6D0-VGS;Södermanland;Flen;0.36;Bete;2003-08-01;Yxtaholm 2;https://etjanst.sjv.se/tuvaut/?f=&id=6D0-VGS;https://etjanst.sjv.se/hagenpub/rest/base/object/6D0-VGS;docs/tuva/sodermanland/objektrapporter/6D0-VGS.json
6D3-HSZ;Södermanland;Nyköping;7.25;Bete;2004-06-10;Lilla Lundby;https://etjanst.sjv.se/tuvaut/?f=&id=6D3-HSZ;https://etjanst.sjv.se/hagenpub/rest/base/object/6D3-HSZ;docs/tuva/sodermanland/objektrapporter/6D3-HSZ.json
6D4-VTQ;Södermanland;Strängnäs;4.03;Bete;2002-07-18;Stora Askrännilen3;https://etjanst.sjv.se/tuvaut/?f=&id=6D4-VTQ;https://etjanst.sjv.se/hagenpub/rest/base/object/6D4-VTQ;docs/tuva/sodermanland/objektrapporter/6D4-VTQ.json
6D5-IQX;Södermanland;Nyköping;1.19;Bete;2004-06-05;Ämtvik 2;https://etjanst.sjv.se/tuvaut/?f=&id=6D5-IQX;https://etjanst.sjv.se/hagenpub/rest/base/object/6D5-IQX;docs/tuva/sodermanland/objektrapporter/6D5-IQX.json
6D6-DJP;Södermanland;Nyköping;1.02;Bete;2002-09-12;Snesta;https://etjanst.sjv.se/tuvaut/?f=&id=6D6-DJP;https://etjanst.sjv.se/hagenpub/rest/base/object/6D6-DJP;docs/tuva/sodermanland/objektrapporter/6D6-DJP.json
6D6-GMN;Södermanland;Nyköping;4.43;Bete;2002-08-08;Öv.Skälby;https://etjanst.sjv.se/tuvaut/?f=&id=6D6-GMN;https://etjanst.sjv.se/hagenpub/rest/base/object/6D6-GMN;docs/tuva/sodermanland/objektrapporter/6D6-GMN.json
6D7-AIY;Södermanland;Katrineholm;1.84;Bete;2004-06-23;bjälkbol 4;https://etjanst.sjv.se/tuvaut/?f=&id=6D7-AIY;https://etjanst.sjv.se/hagenpub/rest/base/object/6D7-AIY;docs/tuva/sodermanland/objektrapporter/6D7-AIY.json
6D8-HFC;Södermanland;Strängnäs;0.59;Restaurerbar;2002-07-08;Kungsberg3;https://etjanst.sjv.se/tuvaut/?f=&id=6D8-HFC;https://etjanst.sjv.se/hagenpub/rest/base/object/6D8-HFC;docs/tuva/sodermanland/objektrapporter/6D8-HFC.json
6D8-OPL;Södermanland;Nyköping;37.51;Äng;2002-07-19;;https://etjanst.sjv.se/tuvaut/?f=&id=6D8-OPL;https://etjanst.sjv.se/hagenpub/rest/base/object/6D8-OPL;docs/tuva/sodermanland/objektrapporter/6D8-OPL.json
6D9-TVW;Södermanland;Flen;1.24;Bete;2003-10-01;;https://etjanst.sjv.se/tuvaut/?f=&id=6D9-TVW;https://etjanst.sjv.se/hagenpub/rest/base/object/6D9-TVW;docs/tuva/sodermanland/objektrapporter/6D9-TVW.json
6DB-BEW;Södermanland;Katrineholm;7.17;Bete;2003-07-23;Vedbo 1;https://etjanst.sjv.se/tuvaut/?f=&id=6DB-BEW;https://etjanst.sjv.se/hagenpub/rest/base/object/6DB-BEW;docs/tuva/sodermanland/objektrapporter/6DB-BEW.json
6DC-WIO;Södermanland;Eskilstuna;1.99;Bete;2002-09-20;Malmberga;https://etjanst.sjv.se/tuvaut/?f=&id=6DC-WIO;https://etjanst.sjv.se/hagenpub/rest/base/object/6DC-WIO;docs/tuva/sodermanland/objektrapporter/6DC-WIO.json
6DE-GFC;Södermanland;Nyköping;2.31;Bete;2003-06-26;Valsta 2;https://etjanst.sjv.se/tuvaut/?f=&id=6DE-GFC;https://etjanst.sjv.se/hagenpub/rest/base/object/6DE-GFC;docs/tuva/sodermanland/objektrapporter/6DE-GFC.json
6E1-480;Södermanland;Nyköping;1.83;Restaurerbar;2002-05-10;;https://etjanst.sjv.se/tuvaut/?f=&id=6E1-480;https://etjanst.sjv.se/hagenpub/rest/base/object/6E1-480;docs/tuva/sodermanland/objektrapporter/6E1-480.json
6E1-ELQ;Södermanland;Nyköping;17.87;Bete;2019-05-13;Valsta 1;https://etjanst.sjv.se/tuvaut/?f=&id=6E1-ELQ;https://etjanst.sjv.se/hagenpub/rest/base/object/6E1-ELQ;docs/tuva/sodermanland/objektrapporter/6E1-ELQ.json
6E2-BOH;Södermanland;Katrineholm;3.93;Bete;2004-06-30;valsta;https://etjanst.sjv.se/tuvaut/?f=&id=6E2-BOH;https://etjanst.sjv.se/hagenpub/rest/base/object/6E2-BOH;docs/tuva/sodermanland/objektrapporter/6E2-BOH.json
6E2-E80;Södermanland;Trosa;4.09;Bete;2002-05-04;;https://etjanst.sjv.se/tuvaut/?f=&id=6E2-E80;https://etjanst.sjv.se/hagenpub/rest/base/object/6E2-E80;docs/tuva/sodermanland/objektrapporter/6E2-E80.json
6E3-RRQ;Södermanland;Flen;4.03;Bete;2004-08-04;stenhammar 3;https://etjanst.sjv.se/tuvaut/?f=&id=6E3-RRQ;https://etjanst.sjv.se/hagenpub/rest/base/object/6E3-RRQ;docs/tuva/sodermanland/objektrapporter/6E3-RRQ.json
6E5-WDW;Södermanland;Trosa;0.28;Bete;2004-05-24;Sandbrink 2, Norrgården;https://etjanst.sjv.se/tuvaut/?f=&id=6E5-WDW;https://etjanst.sjv.se/hagenpub/rest/base/object/6E5-WDW;docs/tuva/sodermanland/objektrapporter/6E5-WDW.json
6E7-KUV;Södermanland;Nyköping;3.26;Bete;2002-07-14;Rösäng;https://etjanst.sjv.se/tuvaut/?f=&id=6E7-KUV;https://etjanst.sjv.se/hagenpub/rest/base/object/6E7-KUV;docs/tuva/sodermanland/objektrapporter/6E7-KUV.json
6E8-B00;Södermanland;Gnesta;0.43;Ej aktuell;2002-05-07;St Lövan;https://etjanst.sjv.se/tuvaut/?f=&id=6E8-B00;https://etjanst.sjv.se/hagenpub/rest/base/object/6E8-B00;docs/tuva/sodermanland/objektrapporter/6E8-B00.json
6E9-A80;Södermanland;Nyköping;5.71;Bete;2002-07-03;Järpsätter;https://etjanst.sjv.se/tuvaut/?f=&id=6E9-A80;https://etjanst.sjv.se/hagenpub/rest/base/object/6E9-A80;docs/tuva/sodermanland/objektrapporter/6E9-A80.json
6E9-HZQ;Södermanland;Flen;6.86;Bete;2003-10-01;;https://etjanst.sjv.se/tuvaut/?f=&id=6E9-HZQ;https://etjanst.sjv.se/hagenpub/rest/base/object/6E9-HZQ;docs/tuva/sodermanland/objektrapporter/6E9-HZQ.json
6E9-YCI;Södermanland;Flen;7.66;Bete;2004-07-21;harpsund 1;https://etjanst.sjv.se/tuvaut/?f=&id=6E9-YCI;https://etjanst.sjv.se/hagenpub/rest/base/object/6E9-YCI;docs/tuva/sodermanland/objektrapporter/6E9-YCI.json
6EB-XLB;Södermanland;Nyköping;5.79;Äng;2026-06-11;Davik 1;https://etjanst.sjv.se/tuvaut/?f=&id=6EB-XLB;https://etjanst.sjv.se/hagenpub/rest/base/object/6EB-XLB;docs/tuva/sodermanland/objektrapporter/6EB-XLB.json
6EC-SRN;Södermanland;Flen;1.39;Bete;2004-07-27;Skedevi 2;https://etjanst.sjv.se/tuvaut/?f=&id=6EC-SRN;https://etjanst.sjv.se/hagenpub/rest/base/object/6EC-SRN;docs/tuva/sodermanland/objektrapporter/6EC-SRN.json
6EC-ZAK;Södermanland;Gnesta;2.04;Bete;2004-06-22;Krogstorp 1;https://etjanst.sjv.se/tuvaut/?f=&id=6EC-ZAK;https://etjanst.sjv.se/hagenpub/rest/base/object/6EC-ZAK;docs/tuva/sodermanland/objektrapporter/6EC-ZAK.json
6ED-DED;Södermanland;Strängnäs;3.57;Restaurerbar;2002-08-05;Edsala gård;https://etjanst.sjv.se/tuvaut/?f=&id=6ED-DED;https://etjanst.sjv.se/hagenpub/rest/base/object/6ED-DED;docs/tuva/sodermanland/objektrapporter/6ED-DED.json
6EE-JUA;Södermanland;Eskilstuna;1.44;Bete;2002-08-12;Ramshammar2;https://etjanst.sjv.se/tuvaut/?f=&id=6EE-JUA;https://etjanst.sjv.se/hagenpub/rest/base/object/6EE-JUA;docs/tuva/sodermanland/objektrapporter/6EE-JUA.json
6EE-XOX;Södermanland;Gnesta;5.59;Bete;2003-09-26;Tibble;https://etjanst.sjv.se/tuvaut/?f=&id=6EE-XOX;https://etjanst.sjv.se/hagenpub/rest/base/object/6EE-XOX;docs/tuva/sodermanland/objektrapporter/6EE-XOX.json
6F0-HJQ;Södermanland;Katrineholm;0.53;Bete;2003-07-19;Rosenlund 2;https://etjanst.sjv.se/tuvaut/?f=&id=6F0-HJQ;https://etjanst.sjv.se/hagenpub/rest/base/object/6F0-HJQ;docs/tuva/sodermanland/objektrapporter/6F0-HJQ.json
6F1-PVM;Södermanland;Eskilstuna;5.72;Bete;2002-09-05;;https://etjanst.sjv.se/tuvaut/?f=&id=6F1-PVM;https://etjanst.sjv.se/hagenpub/rest/base/object/6F1-PVM;docs/tuva/sodermanland/objektrapporter/6F1-PVM.json
6F2-DJJ;Södermanland;Flen;1.08;Bete;2004-07-30;Gäversnäs 3;https://etjanst.sjv.se/tuvaut/?f=&id=6F2-DJJ;https://etjanst.sjv.se/hagenpub/rest/base/object/6F2-DJJ;docs/tuva/sodermanland/objektrapporter/6F2-DJJ.json
6F2-GEK;Södermanland;Flen;0.54;Bete;2003-09-23;;https://etjanst.sjv.se/tuvaut/?f=&id=6F2-GEK;https://etjanst.sjv.se/hagenpub/rest/base/object/6F2-GEK;docs/tuva/sodermanland/objektrapporter/6F2-GEK.json
6F3-WLA;Södermanland;Nyköping;0.26;Bete;2002-09-05;Ånga;https://etjanst.sjv.se/tuvaut/?f=&id=6F3-WLA;https://etjanst.sjv.se/hagenpub/rest/base/object/6F3-WLA;docs/tuva/sodermanland/objektrapporter/6F3-WLA.json
6F4-080;Södermanland;Nyköping;2.13;Restaurerbar;2002-04-29;;https://etjanst.sjv.se/tuvaut/?f=&id=6F4-080;https://etjanst.sjv.se/hagenpub/rest/base/object/6F4-080;docs/tuva/sodermanland/objektrapporter/6F4-080.json
6F4-REP;Södermanland;Flen;16.69;Bete;2003-09-09;Ökna1;https://etjanst.sjv.se/tuvaut/?f=&id=6F4-REP;https://etjanst.sjv.se/hagenpub/rest/base/object/6F4-REP;docs/tuva/sodermanland/objektrapporter/6F4-REP.json
6F6-480;Södermanland;Nyköping;3.77;Restaurerbar;2002-06-25;Hånö;https://etjanst.sjv.se/tuvaut/?f=&id=6F6-480;https://etjanst.sjv.se/hagenpub/rest/base/object/6F6-480;docs/tuva/sodermanland/objektrapporter/6F6-480.json
6F7-LKH;Södermanland;Flen;7.28;Bete;2003-09-01;Lindnäs;https://etjanst.sjv.se/tuvaut/?f=&id=6F7-LKH;https://etjanst.sjv.se/hagenpub/rest/base/object/6F7-LKH;docs/tuva/sodermanland/objektrapporter/6F7-LKH.json
6F8-B00;Södermanland;Trosa;2.29;Bete;2002-06-09;Klacka, Lötstugan;https://etjanst.sjv.se/tuvaut/?f=&id=6F8-B00;https://etjanst.sjv.se/hagenpub/rest/base/object/6F8-B00;docs/tuva/sodermanland/objektrapporter/6F8-B00.json
6F8-CBX;Södermanland;Strängnäs;6.05;Bete;2002-07-11;gredby;https://etjanst.sjv.se/tuvaut/?f=&id=6F8-CBX;https://etjanst.sjv.se/hagenpub/rest/base/object/6F8-CBX;docs/tuva/sodermanland/objektrapporter/6F8-CBX.json
6F8-GMN;Södermanland;Flen;0.9;Bete;2003-09-03;Klovsten 1;https://etjanst.sjv.se/tuvaut/?f=&id=6F8-GMN;https://etjanst.sjv.se/hagenpub/rest/base/object/6F8-GMN;docs/tuva/sodermanland/objektrapporter/6F8-GMN.json
6F9-AMS;Södermanland;Nyköping;1.7;Bete;2004-05-10;ekeby 2;https://etjanst.sjv.se/tuvaut/?f=&id=6F9-AMS;https://etjanst.sjv.se/hagenpub/rest/base/object/6F9-AMS;docs/tuva/sodermanland/objektrapporter/6F9-AMS.json
6FD-MRX;Södermanland;Eskilstuna;5.49;Restaurerbar;2003-07-22;Väsbyholm;https://etjanst.sjv.se/tuvaut/?f=&id=6FD-MRX;https://etjanst.sjv.se/hagenpub/rest/base/object/6FD-MRX;docs/tuva/sodermanland/objektrapporter/6FD-MRX.json
6FF-JLM;Södermanland;Flen;0.57;Bete;2003-07-31;;https://etjanst.sjv.se/tuvaut/?f=&id=6FF-JLM;https://etjanst.sjv.se/hagenpub/rest/base/object/6FF-JLM;docs/tuva/sodermanland/objektrapporter/6FF-JLM.json
6FF-TYW;Södermanland;Nyköping;5.48;Bete;2002-09-11;Löfsund;https://etjanst.sjv.se/tuvaut/?f=&id=6FF-TYW;https://etjanst.sjv.se/hagenpub/rest/base/object/6FF-TYW;docs/tuva/sodermanland/objektrapporter/6FF-TYW.json
701-HME;Södermanland;Gnesta;5.9;Bete;2003-09-24;Ekhov;https://etjanst.sjv.se/tuvaut/?f=&id=701-HME;https://etjanst.sjv.se/hagenpub/rest/base/object/701-HME;docs/tuva/sodermanland/objektrapporter/701-HME.json
702-GLF;Södermanland;Flen;7.76;Bete;2004-08-10;flenmo 1;https://etjanst.sjv.se/tuvaut/?f=&id=702-GLF;https://etjanst.sjv.se/hagenpub/rest/base/object/702-GLF;docs/tuva/sodermanland/objektrapporter/702-GLF.json
703-700;Södermanland;Katrineholm;2.25;Bete;2002-07-04;Olofsberg 1;https://etjanst.sjv.se/tuvaut/?f=&id=703-700;https://etjanst.sjv.se/hagenpub/rest/base/object/703-700;docs/tuva/sodermanland/objektrapporter/703-700.json
703-OCT;Södermanland;Katrineholm;0.42;Bete;2004-08-30;valfalla 2;https://etjanst.sjv.se/tuvaut/?f=&id=703-OCT;https://etjanst.sjv.se/hagenpub/rest/base/object/703-OCT;docs/tuva/sodermanland/objektrapporter/703-OCT.json
703-ZWZ;Södermanland;Trosa;3.21;Bete;2004-05-19;Stene 1;https://etjanst.sjv.se/tuvaut/?f=&id=703-ZWZ;https://etjanst.sjv.se/hagenpub/rest/base/object/703-ZWZ;docs/tuva/sodermanland/objektrapporter/703-ZWZ.json
705-D00;Södermanland;Nyköping;13.93;Bete;2002-07-03;Nynäs;https://etjanst.sjv.se/tuvaut/?f=&id=705-D00;https://etjanst.sjv.se/hagenpub/rest/base/object/705-D00;docs/tuva/sodermanland/objektrapporter/705-D00.json
705-WQJ;Södermanland;Katrineholm;6.63;Bete;2002-07-31;Båltsnäs 2;https://etjanst.sjv.se/tuvaut/?f=&id=705-WQJ;https://etjanst.sjv.se/hagenpub/rest/base/object/705-WQJ;docs/tuva/sodermanland/objektrapporter/705-WQJ.json
706-300;Södermanland;Katrineholm;0.84;Bete;2002-06-13;Billstorp 5;https://etjanst.sjv.se/tuvaut/?f=&id=706-300;https://etjanst.sjv.se/hagenpub/rest/base/object/706-300;docs/tuva/sodermanland/objektrapporter/706-300.json
707-KKX;Södermanland;Nyköping;25.73;Bete;2002-07-10;Stora Marsäng;https://etjanst.sjv.se/tuvaut/?f=&id=707-KKX;https://etjanst.sjv.se/hagenpub/rest/base/object/707-KKX;docs/tuva/sodermanland/objektrapporter/707-KKX.json
709-ECX;Södermanland;Katrineholm;5.78;Bete;2002-07-15;Kvarnstugan;https://etjanst.sjv.se/tuvaut/?f=&id=709-ECX;https://etjanst.sjv.se/hagenpub/rest/base/object/709-ECX;docs/tuva/sodermanland/objektrapporter/709-ECX.json
709-HQN;Södermanland;Flen;1.13;Restaurerbar;2004-06-15;Gryt 2;https://etjanst.sjv.se/tuvaut/?f=&id=709-HQN;https://etjanst.sjv.se/hagenpub/rest/base/object/709-HQN;docs/tuva/sodermanland/objektrapporter/709-HQN.json
70C-LNG;Södermanland;Vingåker;0.32;Bete;2004-09-09;hällgölet extra;https://etjanst.sjv.se/tuvaut/?f=&id=70C-LNG;https://etjanst.sjv.se/hagenpub/rest/base/object/70C-LNG;docs/tuva/sodermanland/objektrapporter/70C-LNG.json
70D-ZLC;Södermanland;Nyköping;0.56;Bete;2003-09-10;Revlinge 3;https://etjanst.sjv.se/tuvaut/?f=&id=70D-ZLC;https://etjanst.sjv.se/hagenpub/rest/base/object/70D-ZLC;docs/tuva/sodermanland/objektrapporter/70D-ZLC.json
70F-CVX;Södermanland;Nyköping;0.81;Bete;2002-08-14;Håksätter;https://etjanst.sjv.se/tuvaut/?f=&id=70F-CVX;https://etjanst.sjv.se/hagenpub/rest/base/object/70F-CVX;docs/tuva/sodermanland/objektrapporter/70F-CVX.json
70F-OYC;Södermanland;Vingåker;1.29;Bete;2003-09-11;;https://etjanst.sjv.se/tuvaut/?f=&id=70F-OYC;https://etjanst.sjv.se/hagenpub/rest/base/object/70F-OYC;docs/tuva/sodermanland/objektrapporter/70F-OYC.json
710-DCN;Södermanland;Nyköping;1.17;Bete;2002-07-06;;https://etjanst.sjv.se/tuvaut/?f=&id=710-DCN;https://etjanst.sjv.se/hagenpub/rest/base/object/710-DCN;docs/tuva/sodermanland/objektrapporter/710-DCN.json
710-MUD;Södermanland;Flen;1.97;Bete;2004-05-26;solberga 2;https://etjanst.sjv.se/tuvaut/?f=&id=710-MUD;https://etjanst.sjv.se/hagenpub/rest/base/object/710-MUD;docs/tuva/sodermanland/objektrapporter/710-MUD.json
710-TIX;Södermanland;Flen;6.72;Bete;2004-08-12;flenmo 3;https://etjanst.sjv.se/tuvaut/?f=&id=710-TIX;https://etjanst.sjv.se/hagenpub/rest/base/object/710-TIX;docs/tuva/sodermanland/objektrapporter/710-TIX.json
712-ZEW;Södermanland;Flen;18.97;Bete;2004-06-14;Värskäl;https://etjanst.sjv.se/tuvaut/?f=&id=712-ZEW;https://etjanst.sjv.se/hagenpub/rest/base/object/712-ZEW;docs/tuva/sodermanland/objektrapporter/712-ZEW.json
713-900;Södermanland;Nyköping;0.35;Restaurerbar;2002-07-04;Måstena;https://etjanst.sjv.se/tuvaut/?f=&id=713-900;https://etjanst.sjv.se/hagenpub/rest/base/object/713-900;docs/tuva/sodermanland/objektrapporter/713-900.json
713-AAN;Södermanland;Nyköping;0.38;Bete;2003-09-10;Långbro 5;https://etjanst.sjv.se/tuvaut/?f=&id=713-AAN;https://etjanst.sjv.se/hagenpub/rest/base/object/713-AAN;docs/tuva/sodermanland/objektrapporter/713-AAN.json
716-100;Södermanland;Nyköping;6.96;Bete;2023-10-05;Måstena;https://etjanst.sjv.se/tuvaut/?f=&id=716-100;https://etjanst.sjv.se/hagenpub/rest/base/object/716-100;docs/tuva/sodermanland/objektrapporter/716-100.json
716-ZLT;Södermanland;Katrineholm;5.47;Bete;2004-08-27;fimta susann 2;https://etjanst.sjv.se/tuvaut/?f=&id=716-ZLT;https://etjanst.sjv.se/hagenpub/rest/base/object/716-ZLT;docs/tuva/sodermanland/objektrapporter/716-ZLT.json
717-KFB;Södermanland;Flen;17.47;Bete;2003-08-20;Hässelby;https://etjanst.sjv.se/tuvaut/?f=&id=717-KFB;https://etjanst.sjv.se/hagenpub/rest/base/object/717-KFB;docs/tuva/sodermanland/objektrapporter/717-KFB.json
718-QFK;Södermanland;Nyköping;9.33;Bete;2003-06-10;Tärnö, Franka, Tranvik;https://etjanst.sjv.se/tuvaut/?f=&id=718-QFK;https://etjanst.sjv.se/hagenpub/rest/base/object/718-QFK;docs/tuva/sodermanland/objektrapporter/718-QFK.json
71A-GLN;Södermanland;Nyköping;3.78;Bete;2004-05-18;örsta 1;https://etjanst.sjv.se/tuvaut/?f=&id=71A-GLN;https://etjanst.sjv.se/hagenpub/rest/base/object/71A-GLN;docs/tuva/sodermanland/objektrapporter/71A-GLN.json
71B-WVS;Södermanland;Katrineholm;10.56;Bete;2003-07-02;Björkvik 1;https://etjanst.sjv.se/tuvaut/?f=&id=71B-WVS;https://etjanst.sjv.se/hagenpub/rest/base/object/71B-WVS;docs/tuva/sodermanland/objektrapporter/71B-WVS.json
71B-ZHR;Södermanland;Nyköping;9.42;Bete;2003-05-19;Hårsta;https://etjanst.sjv.se/tuvaut/?f=&id=71B-ZHR;https://etjanst.sjv.se/hagenpub/rest/base/object/71B-ZHR;docs/tuva/sodermanland/objektrapporter/71B-ZHR.json
71C-YAN;Södermanland;Eskilstuna;5.19;Bete;2002-09-06;Vi by2;https://etjanst.sjv.se/tuvaut/?f=&id=71C-YAN;https://etjanst.sjv.se/hagenpub/rest/base/object/71C-YAN;docs/tuva/sodermanland/objektrapporter/71C-YAN.json
71E-UON;Södermanland;Gnesta;0.16;Bete;2004-09-16;jägerdal 3;https://etjanst.sjv.se/tuvaut/?f=&id=71E-UON;https://etjanst.sjv.se/hagenpub/rest/base/object/71E-UON;docs/tuva/sodermanland/objektrapporter/71E-UON.json
71F-CTB;Södermanland;Eskilstuna;0.91;Ej aktuell;2002-12-19;Tovhult-Kolbäck;https://etjanst.sjv.se/tuvaut/?f=&id=71F-CTB;https://etjanst.sjv.se/hagenpub/rest/base/object/71F-CTB;docs/tuva/sodermanland/objektrapporter/71F-CTB.json
721-LCK;Södermanland;Gnesta;0.38;Bete;2003-09-16;Rundbotorp 1;https://etjanst.sjv.se/tuvaut/?f=&id=721-LCK;https://etjanst.sjv.se/hagenpub/rest/base/object/721-LCK;docs/tuva/sodermanland/objektrapporter/721-LCK.json
726-200;Södermanland;Nyköping;22.83;Bete;2002-06-19;Gärdesta/Lövhagen;https://etjanst.sjv.se/tuvaut/?f=&id=726-200;https://etjanst.sjv.se/hagenpub/rest/base/object/726-200;docs/tuva/sodermanland/objektrapporter/726-200.json
729-YPQ;Södermanland;Flen;2.57;Bete;2004-07-20;udden 1;https://etjanst.sjv.se/tuvaut/?f=&id=729-YPQ;https://etjanst.sjv.se/hagenpub/rest/base/object/729-YPQ;docs/tuva/sodermanland/objektrapporter/729-YPQ.json
72A-QHQ;Södermanland;Eskilstuna;2.73;Restaurerbar;2002-09-06;Vi by1;https://etjanst.sjv.se/tuvaut/?f=&id=72A-QHQ;https://etjanst.sjv.se/hagenpub/rest/base/object/72A-QHQ;docs/tuva/sodermanland/objektrapporter/72A-QHQ.json
72B-KOU;Södermanland;Eskilstuna;3.19;Bete;2003-09-01;Stavhäll4;https://etjanst.sjv.se/tuvaut/?f=&id=72B-KOU;https://etjanst.sjv.se/hagenpub/rest/base/object/72B-KOU;docs/tuva/sodermanland/objektrapporter/72B-KOU.json
72C-C80;Södermanland;Katrineholm;2.88;Bete;2002-07-01;Älgsjötorp 1;https://etjanst.sjv.se/tuvaut/?f=&id=72C-C80;https://etjanst.sjv.se/hagenpub/rest/base/object/72C-C80;docs/tuva/sodermanland/objektrapporter/72C-C80.json
72C-OAI;Södermanland;Gnesta;4.65;Bete;2003-08-12;Opphyttan;https://etjanst.sjv.se/tuvaut/?f=&id=72C-OAI;https://etjanst.sjv.se/hagenpub/rest/base/object/72C-OAI;docs/tuva/sodermanland/objektrapporter/72C-OAI.json
72D-PUS;Södermanland;Flen;5.7;Bete;2003-09-18;Stav 1;https://etjanst.sjv.se/tuvaut/?f=&id=72D-PUS;https://etjanst.sjv.se/hagenpub/rest/base/object/72D-PUS;docs/tuva/sodermanland/objektrapporter/72D-PUS.json
72F-WUO;Södermanland;Nyköping;1.5;Bete;2004-05-13;Hånö Säteri;https://etjanst.sjv.se/tuvaut/?f=&id=72F-WUO;https://etjanst.sjv.se/hagenpub/rest/base/object/72F-WUO;docs/tuva/sodermanland/objektrapporter/72F-WUO.json
731-CBE;Södermanland;Eskilstuna;1.06;Bete;2018-07-06;Gålängen 3;https://etjanst.sjv.se/tuvaut/?f=&id=731-CBE;https://etjanst.sjv.se/hagenpub/rest/base/object/731-CBE;docs/tuva/sodermanland/objektrapporter/731-CBE.json
731-LGB;Södermanland;Katrineholm;0.13;Äng;2003-06-12;Gryt 2;https://etjanst.sjv.se/tuvaut/?f=&id=731-LGB;https://etjanst.sjv.se/hagenpub/rest/base/object/731-LGB;docs/tuva/sodermanland/objektrapporter/731-LGB.json
737-MXE;Södermanland;Gnesta;5.49;Bete;2004-06-09;Hårby 6;https://etjanst.sjv.se/tuvaut/?f=&id=737-MXE;https://etjanst.sjv.se/hagenpub/rest/base/object/737-MXE;docs/tuva/sodermanland/objektrapporter/737-MXE.json
738-LWI;Södermanland;Gnesta;4.45;Restaurerbar;2003-09-18;Ljunga;https://etjanst.sjv.se/tuvaut/?f=&id=738-LWI;https://etjanst.sjv.se/hagenpub/rest/base/object/738-LWI;docs/tuva/sodermanland/objektrapporter/738-LWI.json
739-380;Södermanland;Nyköping;2.46;Restaurerbar;2002-06-29;Ärsta;https://etjanst.sjv.se/tuvaut/?f=&id=739-380;https://etjanst.sjv.se/hagenpub/rest/base/object/739-380;docs/tuva/sodermanland/objektrapporter/739-380.json
739-GEE;Södermanland;Gnesta;1.11;Bete;2004-06-03;Vinberga 2;https://etjanst.sjv.se/tuvaut/?f=&id=739-GEE;https://etjanst.sjv.se/hagenpub/rest/base/object/739-GEE;docs/tuva/sodermanland/objektrapporter/739-GEE.json
739-LYD;Södermanland;Eskilstuna;0.34;Bete;2003-07-02;Almby3;https://etjanst.sjv.se/tuvaut/?f=&id=739-LYD;https://etjanst.sjv.se/hagenpub/rest/base/object/739-LYD;docs/tuva/sodermanland/objektrapporter/739-LYD.json
73A-C80;Södermanland;Katrineholm;2.04;Bete;2002-06-17;Långviken 3;https://etjanst.sjv.se/tuvaut/?f=&id=73A-C80;https://etjanst.sjv.se/hagenpub/rest/base/object/73A-C80;docs/tuva/sodermanland/objektrapporter/73A-C80.json
73A-KZF;Södermanland;Flen;1.95;Bete;2003-09-15;Kvarnängen3;https://etjanst.sjv.se/tuvaut/?f=&id=73A-KZF;https://etjanst.sjv.se/hagenpub/rest/base/object/73A-KZF;docs/tuva/sodermanland/objektrapporter/73A-KZF.json
73B-COR;Södermanland;Eskilstuna;6.4;Bete;2002-09-23;Nabbetorp1;https://etjanst.sjv.se/tuvaut/?f=&id=73B-COR;https://etjanst.sjv.se/hagenpub/rest/base/object/73B-COR;docs/tuva/sodermanland/objektrapporter/73B-COR.json
73B-FKW;Södermanland;Flen;0.58;Bete;2004-05-28;;https://etjanst.sjv.se/tuvaut/?f=&id=73B-FKW;https://etjanst.sjv.se/hagenpub/rest/base/object/73B-FKW;docs/tuva/sodermanland/objektrapporter/73B-FKW.json
73B-JQP;Södermanland;Katrineholm;1.06;Bete;2004-07-30;veckensberg;https://etjanst.sjv.se/tuvaut/?f=&id=73B-JQP;https://etjanst.sjv.se/hagenpub/rest/base/object/73B-JQP;docs/tuva/sodermanland/objektrapporter/73B-JQP.json
73C-PLD;Södermanland;Nyköping;0.72;Ej aktuell;2004-09-28;Hartsö 6;https://etjanst.sjv.se/tuvaut/?f=&id=73C-PLD;https://etjanst.sjv.se/hagenpub/rest/base/object/73C-PLD;docs/tuva/sodermanland/objektrapporter/73C-PLD.json
740-780;Södermanland;Nyköping;2.43;Restaurerbar;2002-06-29;Ärsta;https://etjanst.sjv.se/tuvaut/?f=&id=740-780;https://etjanst.sjv.se/hagenpub/rest/base/object/740-780;docs/tuva/sodermanland/objektrapporter/740-780.json
740-IZL;Södermanland;Flen;0.42;Bete;2003-09-30;Storhult3;https://etjanst.sjv.se/tuvaut/?f=&id=740-IZL;https://etjanst.sjv.se/hagenpub/rest/base/object/740-IZL;docs/tuva/sodermanland/objektrapporter/740-IZL.json
740-VCH;Södermanland;Strängnäs;0.28;Bete;2003-09-05;Krusstugan1;https://etjanst.sjv.se/tuvaut/?f=&id=740-VCH;https://etjanst.sjv.se/hagenpub/rest/base/object/740-VCH;docs/tuva/sodermanland/objektrapporter/740-VCH.json
741-AZC;Södermanland;Nyköping;1.56;Bete;2026-07-31;Århammar;https://etjanst.sjv.se/tuvaut/?f=&id=741-AZC;https://etjanst.sjv.se/hagenpub/rest/base/object/741-AZC;docs/tuva/sodermanland/objektrapporter/741-AZC.json
742-B80;Södermanland;Katrineholm;0.87;Bete;2002-06-11;Nimtorp 2;https://etjanst.sjv.se/tuvaut/?f=&id=742-B80;https://etjanst.sjv.se/hagenpub/rest/base/object/742-B80;docs/tuva/sodermanland/objektrapporter/742-B80.json
744-NSP;Södermanland;Nyköping;3.56;Bete;2004-05-18;Örsta 2;https://etjanst.sjv.se/tuvaut/?f=&id=744-NSP;https://etjanst.sjv.se/hagenpub/rest/base/object/744-NSP;docs/tuva/sodermanland/objektrapporter/744-NSP.json
744-ZJE;Södermanland;Trosa;1.69;Bete;2004-09-16;grönsö extra 1;https://etjanst.sjv.se/tuvaut/?f=&id=744-ZJE;https://etjanst.sjv.se/hagenpub/rest/base/object/744-ZJE;docs/tuva/sodermanland/objektrapporter/744-ZJE.json
745-BUO;Södermanland;Gnesta;1.33;Bete;2003-08-25;Årbytorp;https://etjanst.sjv.se/tuvaut/?f=&id=745-BUO;https://etjanst.sjv.se/hagenpub/rest/base/object/745-BUO;docs/tuva/sodermanland/objektrapporter/745-BUO.json
747-NRY;Södermanland;Flen;10.94;Bete;2004-06-29;Jälund 2;https://etjanst.sjv.se/tuvaut/?f=&id=747-NRY;https://etjanst.sjv.se/hagenpub/rest/base/object/747-NRY;docs/tuva/sodermanland/objektrapporter/747-NRY.json
749-E00;Södermanland;Katrineholm;1.37;Bete;2002-06-11;Billstorp 2;https://etjanst.sjv.se/tuvaut/?f=&id=749-E00;https://etjanst.sjv.se/hagenpub/rest/base/object/749-E00;docs/tuva/sodermanland/objektrapporter/749-E00.json
749-UAB;Södermanland;Katrineholm;0.86;Bete;2004-05-11;dagöholm 6;https://etjanst.sjv.se/tuvaut/?f=&id=749-UAB;https://etjanst.sjv.se/hagenpub/rest/base/object/749-UAB;docs/tuva/sodermanland/objektrapporter/749-UAB.json
749-XHW;Södermanland;Katrineholm;1.96;Bete;2004-06-04;vegersberg;https://etjanst.sjv.se/tuvaut/?f=&id=749-XHW;https://etjanst.sjv.se/hagenpub/rest/base/object/749-XHW;docs/tuva/sodermanland/objektrapporter/749-XHW.json
74A-ALM;Södermanland;Katrineholm;4.81;Bete;2003-07-02;Edeby 3;https://etjanst.sjv.se/tuvaut/?f=&id=74A-ALM;https://etjanst.sjv.se/hagenpub/rest/base/object/74A-ALM;docs/tuva/sodermanland/objektrapporter/74A-ALM.json
74A-NYK;Södermanland;Flen;1.88;Bete;2004-05-28;Skyttorp;https://etjanst.sjv.se/tuvaut/?f=&id=74A-NYK;https://etjanst.sjv.se/hagenpub/rest/base/object/74A-NYK;docs/tuva/sodermanland/objektrapporter/74A-NYK.json
74B-UCE;Södermanland;Eskilstuna;0.32;Bete;2003-08-25;Rotarbo2;https://etjanst.sjv.se/tuvaut/?f=&id=74B-UCE;https://etjanst.sjv.se/hagenpub/rest/base/object/74B-UCE;docs/tuva/sodermanland/objektrapporter/74B-UCE.json
750-EBE;Södermanland;Katrineholm;1.09;Bete;2004-05-12;västra vegred 2;https://etjanst.sjv.se/tuvaut/?f=&id=750-EBE;https://etjanst.sjv.se/hagenpub/rest/base/object/750-EBE;docs/tuva/sodermanland/objektrapporter/750-EBE.json
751-RSX;Södermanland;Eskilstuna;3.92;Bete;2003-08-27;Torp1;https://etjanst.sjv.se/tuvaut/?f=&id=751-RSX;https://etjanst.sjv.se/hagenpub/rest/base/object/751-RSX;docs/tuva/sodermanland/objektrapporter/751-RSX.json
754-ZHJ;Södermanland;Flen;1.3;Bete;2003-09-15;Kvarnängen4;https://etjanst.sjv.se/tuvaut/?f=&id=754-ZHJ;https://etjanst.sjv.se/hagenpub/rest/base/object/754-ZHJ;docs/tuva/sodermanland/objektrapporter/754-ZHJ.json
755-400;Södermanland;Strängnäs;1.96;Äng;2018-06-27;Hornudden;https://etjanst.sjv.se/tuvaut/?f=&id=755-400;https://etjanst.sjv.se/hagenpub/rest/base/object/755-400;docs/tuva/sodermanland/objektrapporter/755-400.json
755-GRX;Södermanland;Nyköping;2.0;Bete;2004-06-08;Sursa;https://etjanst.sjv.se/tuvaut/?f=&id=755-GRX;https://etjanst.sjv.se/hagenpub/rest/base/object/755-GRX;docs/tuva/sodermanland/objektrapporter/755-GRX.json
756-EFE;Södermanland;Flen;1.46;Bete;2003-08-14;Mora gård 2;https://etjanst.sjv.se/tuvaut/?f=&id=756-EFE;https://etjanst.sjv.se/hagenpub/rest/base/object/756-EFE;docs/tuva/sodermanland/objektrapporter/756-EFE.json
759-FHU;Södermanland;Katrineholm;0.35;Bete;2003-07-04;Kilstorp;https://etjanst.sjv.se/tuvaut/?f=&id=759-FHU;https://etjanst.sjv.se/hagenpub/rest/base/object/759-FHU;docs/tuva/sodermanland/objektrapporter/759-FHU.json
75E-IFP;Södermanland;Nyköping;38.65;Bete;2002-08-27;Rågö;https://etjanst.sjv.se/tuvaut/?f=&id=75E-IFP;https://etjanst.sjv.se/hagenpub/rest/base/object/75E-IFP;docs/tuva/sodermanland/objektrapporter/75E-IFP.json
762-OQD;Södermanland;Nyköping;0.55;Bete;2003-05-28;Säby;https://etjanst.sjv.se/tuvaut/?f=&id=762-OQD;https://etjanst.sjv.se/hagenpub/rest/base/object/762-OQD;docs/tuva/sodermanland/objektrapporter/762-OQD.json
763-D80;Södermanland;Nyköping;3.51;Bete;2002-06-04;Berga;https://etjanst.sjv.se/tuvaut/?f=&id=763-D80;https://etjanst.sjv.se/hagenpub/rest/base/object/763-D80;docs/tuva/sodermanland/objektrapporter/763-D80.json
763-TMF;Södermanland;Nyköping;0.81;Bete;2004-05-10;ekeby;https://etjanst.sjv.se/tuvaut/?f=&id=763-TMF;https://etjanst.sjv.se/hagenpub/rest/base/object/763-TMF;docs/tuva/sodermanland/objektrapporter/763-TMF.json
766-PTN;Södermanland;Gnesta;2.35;Bete;2004-06-23;Kleva 2;https://etjanst.sjv.se/tuvaut/?f=&id=766-PTN;https://etjanst.sjv.se/hagenpub/rest/base/object/766-PTN;docs/tuva/sodermanland/objektrapporter/766-PTN.json
766-PZN;Södermanland;Nyköping;6.1;Bete;2004-07-30;Lundby 1;https://etjanst.sjv.se/tuvaut/?f=&id=766-PZN;https://etjanst.sjv.se/hagenpub/rest/base/object/766-PZN;docs/tuva/sodermanland/objektrapporter/766-PZN.json
769-080D;Södermanland;Katrineholm;1.21;Bete;2002-07-04;Kolbergaa 2;https://etjanst.sjv.se/tuvaut/?f=&id=769-080D;https://etjanst.sjv.se/hagenpub/rest/base/object/769-080D;docs/tuva/sodermanland/objektrapporter/769-080D.json
76A-WDO;Södermanland;Nyköping;0.81;Bete;2004-09-22;Ringsö 3;https://etjanst.sjv.se/tuvaut/?f=&id=76A-WDO;https://etjanst.sjv.se/hagenpub/rest/base/object/76A-WDO;docs/tuva/sodermanland/objektrapporter/76A-WDO.json
76F-BGY;Södermanland;Flen;0.16;Bete;2004-06-22;Lilla Sundby 4;https://etjanst.sjv.se/tuvaut/?f=&id=76F-BGY;https://etjanst.sjv.se/hagenpub/rest/base/object/76F-BGY;docs/tuva/sodermanland/objektrapporter/76F-BGY.json
770-QZD;Södermanland;Katrineholm;2.85;Bete;2004-09-15;väla 3;https://etjanst.sjv.se/tuvaut/?f=&id=770-QZD;https://etjanst.sjv.se/hagenpub/rest/base/object/770-QZD;docs/tuva/sodermanland/objektrapporter/770-QZD.json
771-XSI;Södermanland;Eskilstuna;0.74;Bete;2004-09-24;Haneberg, Nygård;https://etjanst.sjv.se/tuvaut/?f=&id=771-XSI;https://etjanst.sjv.se/hagenpub/rest/base/object/771-XSI;docs/tuva/sodermanland/objektrapporter/771-XSI.json
775-ZOP;Södermanland;Nyköping;1.37;Ej aktuell;2026-07-31;Kjulsta;https://etjanst.sjv.se/tuvaut/?f=&id=775-ZOP;https://etjanst.sjv.se/hagenpub/rest/base/object/775-ZOP;docs/tuva/sodermanland/objektrapporter/775-ZOP.json
777-FRJ;Södermanland;Nyköping;4.11;Ej aktuell;2002-07-12;Flättna grindstuga;https://etjanst.sjv.se/tuvaut/?f=&id=777-FRJ;https://etjanst.sjv.se/hagenpub/rest/base/object/777-FRJ;docs/tuva/sodermanland/objektrapporter/777-FRJ.json
777-QHP;Södermanland;Nyköping;1.84;Bete;2002-07-06;;https://etjanst.sjv.se/tuvaut/?f=&id=777-QHP;https://etjanst.sjv.se/hagenpub/rest/base/object/777-QHP;docs/tuva/sodermanland/objektrapporter/777-QHP.json
779-900;Södermanland;Katrineholm;2.92;Bete;2002-05-31;Albro;https://etjanst.sjv.se/tuvaut/?f=&id=779-900;https://etjanst.sjv.se/hagenpub/rest/base/object/779-900;docs/tuva/sodermanland/objektrapporter/779-900.json
77A-XDL;Södermanland;Katrineholm;2.02;Bete;2004-09-14;seleboda;https://etjanst.sjv.se/tuvaut/?f=&id=77A-XDL;https://etjanst.sjv.se/hagenpub/rest/base/object/77A-XDL;docs/tuva/sodermanland/objektrapporter/77A-XDL.json
77C-FDX;Södermanland;Flen;1.02;Restaurerbar;2004-05-19;viby 5;https://etjanst.sjv.se/tuvaut/?f=&id=77C-FDX;https://etjanst.sjv.se/hagenpub/rest/base/object/77C-FDX;docs/tuva/sodermanland/objektrapporter/77C-FDX.json
77F-C00;Södermanland;Katrineholm;0.26;Bete;2002-06-26;Hinnäs 6;https://etjanst.sjv.se/tuvaut/?f=&id=77F-C00;https://etjanst.sjv.se/hagenpub/rest/base/object/77F-C00;docs/tuva/sodermanland/objektrapporter/77F-C00.json
782-B00;Södermanland;Nyköping;3.82;Bete;2002-06-14;Bondeby;https://etjanst.sjv.se/tuvaut/?f=&id=782-B00;https://etjanst.sjv.se/hagenpub/rest/base/object/782-B00;docs/tuva/sodermanland/objektrapporter/782-B00.json
784-FDJ;Södermanland;Nyköping;5.86;Bete;2002-08-15;Hällsätter;https://etjanst.sjv.se/tuvaut/?f=&id=784-FDJ;https://etjanst.sjv.se/hagenpub/rest/base/object/784-FDJ;docs/tuva/sodermanland/objektrapporter/784-FDJ.json
785-480;Södermanland;Strängnäs;2.36;Bete;2002-06-11;Ettersta3;https://etjanst.sjv.se/tuvaut/?f=&id=785-480;https://etjanst.sjv.se/hagenpub/rest/base/object/785-480;docs/tuva/sodermanland/objektrapporter/785-480.json
785-FHU;Södermanland;Flen;1.68;Bete;2004-06-22;Spånga 2;https://etjanst.sjv.se/tuvaut/?f=&id=785-FHU;https://etjanst.sjv.se/hagenpub/rest/base/object/785-FHU;docs/tuva/sodermanland/objektrapporter/785-FHU.json
789-QCK;Södermanland;Vingåker;3.12;Bete;2003-08-15;Vik 1;https://etjanst.sjv.se/tuvaut/?f=&id=789-QCK;https://etjanst.sjv.se/hagenpub/rest/base/object/789-QCK;docs/tuva/sodermanland/objektrapporter/789-QCK.json
78B-HQW;Södermanland;Katrineholm;1.67;Bete;2004-06-23;nässtugan ;https://etjanst.sjv.se/tuvaut/?f=&id=78B-HQW;https://etjanst.sjv.se/hagenpub/rest/base/object/78B-HQW;docs/tuva/sodermanland/objektrapporter/78B-HQW.json
78F-NSQ;Södermanland;Eskilstuna;4.57;Bete;2003-06-02;Söräng;https://etjanst.sjv.se/tuvaut/?f=&id=78F-NSQ;https://etjanst.sjv.se/hagenpub/rest/base/object/78F-NSQ;docs/tuva/sodermanland/objektrapporter/78F-NSQ.json
793-GTG;Södermanland;Katrineholm;2.57;Bete;2004-06-15;grannäs;https://etjanst.sjv.se/tuvaut/?f=&id=793-GTG;https://etjanst.sjv.se/hagenpub/rest/base/object/793-GTG;docs/tuva/sodermanland/objektrapporter/793-GTG.json
793-SQB;Södermanland;Trosa;6.25;Bete;2004-05-10;Järshagen 2;https://etjanst.sjv.se/tuvaut/?f=&id=793-SQB;https://etjanst.sjv.se/hagenpub/rest/base/object/793-SQB;docs/tuva/sodermanland/objektrapporter/793-SQB.json
794-RXG;Södermanland;Nyköping;1.49;Restaurerbar;2002-07-19;Arnö;https://etjanst.sjv.se/tuvaut/?f=&id=794-RXG;https://etjanst.sjv.se/hagenpub/rest/base/object/794-RXG;docs/tuva/sodermanland/objektrapporter/794-RXG.json
797-GAQ;Södermanland;Flen;1.48;Bete;2004-08-04;lida;https://etjanst.sjv.se/tuvaut/?f=&id=797-GAQ;https://etjanst.sjv.se/hagenpub/rest/base/object/797-GAQ;docs/tuva/sodermanland/objektrapporter/797-GAQ.json
799-NMJ;Södermanland;Katrineholm;4.15;Bete;2003-06-05;Råmbol 1;https://etjanst.sjv.se/tuvaut/?f=&id=799-NMJ;https://etjanst.sjv.se/hagenpub/rest/base/object/799-NMJ;docs/tuva/sodermanland/objektrapporter/799-NMJ.json
79C-B00;Södermanland;Nyköping;0.54;Bete;2002-07-03;Hultebo;https://etjanst.sjv.se/tuvaut/?f=&id=79C-B00;https://etjanst.sjv.se/hagenpub/rest/base/object/79C-B00;docs/tuva/sodermanland/objektrapporter/79C-B00.json
79C-CJP;Södermanland;Gnesta;1.79;Bete;2003-09-04;Skeppsta 1;https://etjanst.sjv.se/tuvaut/?f=&id=79C-CJP;https://etjanst.sjv.se/hagenpub/rest/base/object/79C-CJP;docs/tuva/sodermanland/objektrapporter/79C-CJP.json
79D-MHC;Södermanland;Nyköping;2.11;Bete;2003-06-25;Lappetorp 1;https://etjanst.sjv.se/tuvaut/?f=&id=79D-MHC;https://etjanst.sjv.se/hagenpub/rest/base/object/79D-MHC;docs/tuva/sodermanland/objektrapporter/79D-MHC.json
79D-UQU;Södermanland;Katrineholm;18.57;Bete;2003-05-21;Skarendal 1;https://etjanst.sjv.se/tuvaut/?f=&id=79D-UQU;https://etjanst.sjv.se/hagenpub/rest/base/object/79D-UQU;docs/tuva/sodermanland/objektrapporter/79D-UQU.json
79D-WUG;Södermanland;Katrineholm;0.19;Bete;2004-06-14;Sund 2;https://etjanst.sjv.se/tuvaut/?f=&id=79D-WUG;https://etjanst.sjv.se/hagenpub/rest/base/object/79D-WUG;docs/tuva/sodermanland/objektrapporter/79D-WUG.json
79D-YLX;Södermanland;Katrineholm;0.2;Bete;2004-08-30;valfalla 1;https://etjanst.sjv.se/tuvaut/?f=&id=79D-YLX;https://etjanst.sjv.se/hagenpub/rest/base/object/79D-YLX;docs/tuva/sodermanland/objektrapporter/79D-YLX.json
79F-TQZ;Södermanland;Katrineholm;1.83;Bete;2004-09-03;sakristorp;https://etjanst.sjv.se/tuvaut/?f=&id=79F-TQZ;https://etjanst.sjv.se/hagenpub/rest/base/object/79F-TQZ;docs/tuva/sodermanland/objektrapporter/79F-TQZ.json
7A0-TOB;Södermanland;Nyköping;8.61;Restaurerbar;2004-09-28;hartsö 5;https://etjanst.sjv.se/tuvaut/?f=&id=7A0-TOB;https://etjanst.sjv.se/hagenpub/rest/base/object/7A0-TOB;docs/tuva/sodermanland/objektrapporter/7A0-TOB.json
7A1-PGJ;Södermanland;Flen;5.26;Bete;2004-08-10;östtorp;https://etjanst.sjv.se/tuvaut/?f=&id=7A1-PGJ;https://etjanst.sjv.se/hagenpub/rest/base/object/7A1-PGJ;docs/tuva/sodermanland/objektrapporter/7A1-PGJ.json
7A2-GAT;Södermanland;Gnesta;2.08;Bete;2003-09-24;Ekhov 3;https://etjanst.sjv.se/tuvaut/?f=&id=7A2-GAT;https://etjanst.sjv.se/hagenpub/rest/base/object/7A2-GAT;docs/tuva/sodermanland/objektrapporter/7A2-GAT.json
7A2-TDH;Södermanland;Eskilstuna;0.66;Bete;2003-12-18;Stora Hult2;https://etjanst.sjv.se/tuvaut/?f=&id=7A2-TDH;https://etjanst.sjv.se/hagenpub/rest/base/object/7A2-TDH;docs/tuva/sodermanland/objektrapporter/7A2-TDH.json
7A2-TRM;Södermanland;Gnesta;6.13;Bete;2004-06-09;Hårby 1;https://etjanst.sjv.se/tuvaut/?f=&id=7A2-TRM;https://etjanst.sjv.se/hagenpub/rest/base/object/7A2-TRM;docs/tuva/sodermanland/objektrapporter/7A2-TRM.json
7A7-QXR;Södermanland;Flen;3.55;Bete;2003-09-22;;https://etjanst.sjv.se/tuvaut/?f=&id=7A7-QXR;https://etjanst.sjv.se/hagenpub/rest/base/object/7A7-QXR;docs/tuva/sodermanland/objektrapporter/7A7-QXR.json
7A8-EGT;Södermanland;Nyköping;1.95;Bete;2004-06-11;Onsberga 3;https://etjanst.sjv.se/tuvaut/?f=&id=7A8-EGT;https://etjanst.sjv.se/hagenpub/rest/base/object/7A8-EGT;docs/tuva/sodermanland/objektrapporter/7A8-EGT.json
7A8-RDS;Södermanland;Strängnäs;0.67;Bete;2003-09-05;Marietorp2;https://etjanst.sjv.se/tuvaut/?f=&id=7A8-RDS;https://etjanst.sjv.se/hagenpub/rest/base/object/7A8-RDS;docs/tuva/sodermanland/objektrapporter/7A8-RDS.json
7A9-TWU;Södermanland;Nyköping;2.22;Bete;2002-08-27;Mellanstugan, Tystberga;https://etjanst.sjv.se/tuvaut/?f=&id=7A9-TWU;https://etjanst.sjv.se/hagenpub/rest/base/object/7A9-TWU;docs/tuva/sodermanland/objektrapporter/7A9-TWU.json
7AA-XBC;Södermanland;Flen;8.46;Bete;2004-07-12;Bogården/Hagstugan 2;https://etjanst.sjv.se/tuvaut/?f=&id=7AA-XBC;https://etjanst.sjv.se/hagenpub/rest/base/object/7AA-XBC;docs/tuva/sodermanland/objektrapporter/7AA-XBC.json
7AE-ZXJ;Södermanland;Nyköping;1.82;Bete;2003-06-26;Gillinge 1;https://etjanst.sjv.se/tuvaut/?f=&id=7AE-ZXJ;https://etjanst.sjv.se/hagenpub/rest/base/object/7AE-ZXJ;docs/tuva/sodermanland/objektrapporter/7AE-ZXJ.json
7B1-KAF;Södermanland;Eskilstuna;11.0;Bete;2003-05-20;Ekorneberg;https://etjanst.sjv.se/tuvaut/?f=&id=7B1-KAF;https://etjanst.sjv.se/hagenpub/rest/base/object/7B1-KAF;docs/tuva/sodermanland/objektrapporter/7B1-KAF.json
7B3-HET;Södermanland;Gnesta;2.61;Bete;2004-06-03;Hallebro;https://etjanst.sjv.se/tuvaut/?f=&id=7B3-HET;https://etjanst.sjv.se/hagenpub/rest/base/object/7B3-HET;docs/tuva/sodermanland/objektrapporter/7B3-HET.json
7B5-XZB;Södermanland;Flen;2.73;Bete;2004-08-02;torp 1;https://etjanst.sjv.se/tuvaut/?f=&id=7B5-XZB;https://etjanst.sjv.se/hagenpub/rest/base/object/7B5-XZB;docs/tuva/sodermanland/objektrapporter/7B5-XZB.json
7B9-280;Södermanland;Nyköping;1.47;Bete;2002-06-17;Törstalund;https://etjanst.sjv.se/tuvaut/?f=&id=7B9-280;https://etjanst.sjv.se/hagenpub/rest/base/object/7B9-280;docs/tuva/sodermanland/objektrapporter/7B9-280.json
7BB-E00;Södermanland;Strängnäs;6.59;Bete;2002-06-07;Ettersta2;https://etjanst.sjv.se/tuvaut/?f=&id=7BB-E00;https://etjanst.sjv.se/hagenpub/rest/base/object/7BB-E00;docs/tuva/sodermanland/objektrapporter/7BB-E00.json
7BB-YNO;Södermanland;Gnesta;1.84;Restaurerbar;2003-09-22;Eknäs 1;https://etjanst.sjv.se/tuvaut/?f=&id=7BB-YNO;https://etjanst.sjv.se/hagenpub/rest/base/object/7BB-YNO;docs/tuva/sodermanland/objektrapporter/7BB-YNO.json
7BC-RYR;Södermanland;Gnesta;0.5;Restaurerbar;2003-08-13;Solvik 2;https://etjanst.sjv.se/tuvaut/?f=&id=7BC-RYR;https://etjanst.sjv.se/hagenpub/rest/base/object/7BC-RYR;docs/tuva/sodermanland/objektrapporter/7BC-RYR.json
7BC-TGN;Södermanland;Flen;13.68;Bete;2003-07-31;;https://etjanst.sjv.se/tuvaut/?f=&id=7BC-TGN;https://etjanst.sjv.se/hagenpub/rest/base/object/7BC-TGN;docs/tuva/sodermanland/objektrapporter/7BC-TGN.json
7BE-GRX;Södermanland;Trosa;2.84;Bete;2026-08-13;Dalbyö 4;https://etjanst.sjv.se/tuvaut/?f=&id=7BE-GRX;https://etjanst.sjv.se/hagenpub/rest/base/object/7BE-GRX;docs/tuva/sodermanland/objektrapporter/7BE-GRX.json
7BE-GWB;Södermanland;Nyköping;0.33;Restaurerbar;2002-09-11;Ekla;https://etjanst.sjv.se/tuvaut/?f=&id=7BE-GWB;https://etjanst.sjv.se/hagenpub/rest/base/object/7BE-GWB;docs/tuva/sodermanland/objektrapporter/7BE-GWB.json
7BF-EGT;Södermanland;Nyköping;1.54;Bete;2002-08-08;Skarpåker;https://etjanst.sjv.se/tuvaut/?f=&id=7BF-EGT;https://etjanst.sjv.se/hagenpub/rest/base/object/7BF-EGT;docs/tuva/sodermanland/objektrapporter/7BF-EGT.json
7BF-UIT;Södermanland;Flen;2.47;Bete;2004-08-02;hornsund 3;https://etjanst.sjv.se/tuvaut/?f=&id=7BF-UIT;https://etjanst.sjv.se/hagenpub/rest/base/object/7BF-UIT;docs/tuva/sodermanland/objektrapporter/7BF-UIT.json
7C0-280;Södermanland;Flen;52.15;Bete;2002-05-10;;https://etjanst.sjv.se/tuvaut/?f=&id=7C0-280;https://etjanst.sjv.se/hagenpub/rest/base/object/7C0-280;docs/tuva/sodermanland/objektrapporter/7C0-280.json
7C0-YIJ;Södermanland;Nyköping;14.99;Bete;2004-08-25;Fyrsjö 1;https://etjanst.sjv.se/tuvaut/?f=&id=7C0-YIJ;https://etjanst.sjv.se/hagenpub/rest/base/object/7C0-YIJ;docs/tuva/sodermanland/objektrapporter/7C0-YIJ.json
7C2-NNS;Södermanland;Flen;1.97;Bete;2004-09-08;berga, extra;https://etjanst.sjv.se/tuvaut/?f=&id=7C2-NNS;https://etjanst.sjv.se/hagenpub/rest/base/object/7C2-NNS;docs/tuva/sodermanland/objektrapporter/7C2-NNS.json
7C3-JCE;Södermanland;Eskilstuna;0.6;Bete;2003-08-20;Vidökna4;https://etjanst.sjv.se/tuvaut/?f=&id=7C3-JCE;https://etjanst.sjv.se/hagenpub/rest/base/object/7C3-JCE;docs/tuva/sodermanland/objektrapporter/7C3-JCE.json
7C3-KPS;Södermanland;Flen;5.18;Bete;2004-07-22;harpsund 4;https://etjanst.sjv.se/tuvaut/?f=&id=7C3-KPS;https://etjanst.sjv.se/hagenpub/rest/base/object/7C3-KPS;docs/tuva/sodermanland/objektrapporter/7C3-KPS.json
7C4-III;Södermanland;Vingåker;0.26;Bete;2003-08-04;;https://etjanst.sjv.se/tuvaut/?f=&id=7C4-III;https://etjanst.sjv.se/hagenpub/rest/base/object/7C4-III;docs/tuva/sodermanland/objektrapporter/7C4-III.json
7C9-QDQ;Södermanland;Eskilstuna;3.0;Bete;2003-08-11;Skogstorp-Stora Sundby2;https://etjanst.sjv.se/tuvaut/?f=&id=7C9-QDQ;https://etjanst.sjv.se/hagenpub/rest/base/object/7C9-QDQ;docs/tuva/sodermanland/objektrapporter/7C9-QDQ.json
7C9-UHA;Södermanland;Eskilstuna;1.76;Bete;2003-09-03;Segersta;https://etjanst.sjv.se/tuvaut/?f=&id=7C9-UHA;https://etjanst.sjv.se/hagenpub/rest/base/object/7C9-UHA;docs/tuva/sodermanland/objektrapporter/7C9-UHA.json
7CA-FHO;Södermanland;Eskilstuna;3.47;Bete;2003-07-09;Väla2;https://etjanst.sjv.se/tuvaut/?f=&id=7CA-FHO;https://etjanst.sjv.se/hagenpub/rest/base/object/7CA-FHO;docs/tuva/sodermanland/objektrapporter/7CA-FHO.json
7CB-TEL;Södermanland;Katrineholm;0.44;Bete;2004-07-27;brynstorp 4;https://etjanst.sjv.se/tuvaut/?f=&id=7CB-TEL;https://etjanst.sjv.se/hagenpub/rest/base/object/7CB-TEL;docs/tuva/sodermanland/objektrapporter/7CB-TEL.json
7CC-580;Södermanland;Strängnäs;9.93;Bete;2002-05-28;Skäggesta;https://etjanst.sjv.se/tuvaut/?f=&id=7CC-580;https://etjanst.sjv.se/hagenpub/rest/base/object/7CC-580;docs/tuva/sodermanland/objektrapporter/7CC-580.json
7CC-SDQ;Södermanland;Eskilstuna;1.36;Restaurerbar;2003-07-04;Gålhammar1;https://etjanst.sjv.se/tuvaut/?f=&id=7CC-SDQ;https://etjanst.sjv.se/hagenpub/rest/base/object/7CC-SDQ;docs/tuva/sodermanland/objektrapporter/7CC-SDQ.json
7CD-FSX;Södermanland;Flen;1.65;Bete;2004-05-28;STÄRINGE 4?;https://etjanst.sjv.se/tuvaut/?f=&id=7CD-FSX;https://etjanst.sjv.se/hagenpub/rest/base/object/7CD-FSX;docs/tuva/sodermanland/objektrapporter/7CD-FSX.json
7D3-KGE;Södermanland;Flen;2.36;Bete;2003-09-17;Henängen2;https://etjanst.sjv.se/tuvaut/?f=&id=7D3-KGE;https://etjanst.sjv.se/hagenpub/rest/base/object/7D3-KGE;docs/tuva/sodermanland/objektrapporter/7D3-KGE.json
7D5-THY;Södermanland;Flen;3.25;Restaurerbar;2004-08-02;Kramnäs 2;https://etjanst.sjv.se/tuvaut/?f=&id=7D5-THY;https://etjanst.sjv.se/hagenpub/rest/base/object/7D5-THY;docs/tuva/sodermanland/objektrapporter/7D5-THY.json
7D6-AMP;Södermanland;Flen;3.2;Bete;2004-06-23;Hässelängen 1;https://etjanst.sjv.se/tuvaut/?f=&id=7D6-AMP;https://etjanst.sjv.se/hagenpub/rest/base/object/7D6-AMP;docs/tuva/sodermanland/objektrapporter/7D6-AMP.json
7D6-HUA;Södermanland;Katrineholm;3.88;Bete;2003-07-14;;https://etjanst.sjv.se/tuvaut/?f=&id=7D6-HUA;https://etjanst.sjv.se/hagenpub/rest/base/object/7D6-HUA;docs/tuva/sodermanland/objektrapporter/7D6-HUA.json
7D7-000;Södermanland;Flen;9.34;Bete;2002-05-06;Herrgölet-Buddtorp;https://etjanst.sjv.se/tuvaut/?f=&id=7D7-000;https://etjanst.sjv.se/hagenpub/rest/base/object/7D7-000;docs/tuva/sodermanland/objektrapporter/7D7-000.json
7D7-D00;Södermanland;Nyköping;17.39;Bete;2002-04-29;;https://etjanst.sjv.se/tuvaut/?f=&id=7D7-D00;https://etjanst.sjv.se/hagenpub/rest/base/object/7D7-D00;docs/tuva/sodermanland/objektrapporter/7D7-D00.json
7D8-BIN;Södermanland;Katrineholm;1.5;Bete;2004-06-04;lindbro;https://etjanst.sjv.se/tuvaut/?f=&id=7D8-BIN;https://etjanst.sjv.se/hagenpub/rest/base/object/7D8-BIN;docs/tuva/sodermanland/objektrapporter/7D8-BIN.json
7DF-B00;Södermanland;Nyköping;5.9;Restaurerbar;2002-06-18;Backa;https://etjanst.sjv.se/tuvaut/?f=&id=7DF-B00;https://etjanst.sjv.se/hagenpub/rest/base/object/7DF-B00;docs/tuva/sodermanland/objektrapporter/7DF-B00.json
7E1-USY;Södermanland;Flen;7.78;Bete;2004-05-28;Hallebrotorp 1;https://etjanst.sjv.se/tuvaut/?f=&id=7E1-USY;https://etjanst.sjv.se/hagenpub/rest/base/object/7E1-USY;docs/tuva/sodermanland/objektrapporter/7E1-USY.json
7E3-ZPT;Södermanland;Eskilstuna;0.89;Bete;2003-06-02;Källåsen1;https://etjanst.sjv.se/tuvaut/?f=&id=7E3-ZPT;https://etjanst.sjv.se/hagenpub/rest/base/object/7E3-ZPT;docs/tuva/sodermanland/objektrapporter/7E3-ZPT.json
7E4-QGS;Södermanland;Eskilstuna;1.19;Bete;2003-06-18;Almby2;https://etjanst.sjv.se/tuvaut/?f=&id=7E4-QGS;https://etjanst.sjv.se/hagenpub/rest/base/object/7E4-QGS;docs/tuva/sodermanland/objektrapporter/7E4-QGS.json
7E5-BUW;Södermanland;Gnesta;2.13;Bete;2003-09-18;Davidsstad 3;https://etjanst.sjv.se/tuvaut/?f=&id=7E5-BUW;https://etjanst.sjv.se/hagenpub/rest/base/object/7E5-BUW;docs/tuva/sodermanland/objektrapporter/7E5-BUW.json
7E8-RGN;Södermanland;Nyköping;0.62;Bete;2002-08-16;Grytmar;https://etjanst.sjv.se/tuvaut/?f=&id=7E8-RGN;https://etjanst.sjv.se/hagenpub/rest/base/object/7E8-RGN;docs/tuva/sodermanland/objektrapporter/7E8-RGN.json
7EA-BWR;Södermanland;Nyköping;0.4;Bete;2004-06-10;välvesta 1;https://etjanst.sjv.se/tuvaut/?f=&id=7EA-BWR;https://etjanst.sjv.se/hagenpub/rest/base/object/7EA-BWR;docs/tuva/sodermanland/objektrapporter/7EA-BWR.json
7EC-KXD;Södermanland;Gnesta;6.5;Restaurerbar;2003-09-18;Björkeby;https://etjanst.sjv.se/tuvaut/?f=&id=7EC-KXD;https://etjanst.sjv.se/hagenpub/rest/base/object/7EC-KXD;docs/tuva/sodermanland/objektrapporter/7EC-KXD.json
7F0-RWT;Södermanland;Katrineholm;1.93;Bete;2003-07-09;;https://etjanst.sjv.se/tuvaut/?f=&id=7F0-RWT;https://etjanst.sjv.se/hagenpub/rest/base/object/7F0-RWT;docs/tuva/sodermanland/objektrapporter/7F0-RWT.json
7F0-VWA;Södermanland;Flen;0.99;Bete;2004-08-10;näsholm;https://etjanst.sjv.se/tuvaut/?f=&id=7F0-VWA;https://etjanst.sjv.se/hagenpub/rest/base/object/7F0-VWA;docs/tuva/sodermanland/objektrapporter/7F0-VWA.json
7F4-SIR;Södermanland;Vingåker;1.02;Bete;2003-09-15;;https://etjanst.sjv.se/tuvaut/?f=&id=7F4-SIR;https://etjanst.sjv.se/hagenpub/rest/base/object/7F4-SIR;docs/tuva/sodermanland/objektrapporter/7F4-SIR.json
7FC-MJM;Södermanland;Nyköping;1.92;Bete;2002-09-11;Ekla;https://etjanst.sjv.se/tuvaut/?f=&id=7FC-MJM;https://etjanst.sjv.se/hagenpub/rest/base/object/7FC-MJM;docs/tuva/sodermanland/objektrapporter/7FC-MJM.json
7FC-NTU;Södermanland;Flen;1.92;Restaurerbar;2004-06-23;Hässelängen 2;https://etjanst.sjv.se/tuvaut/?f=&id=7FC-NTU;https://etjanst.sjv.se/hagenpub/rest/base/object/7FC-NTU;docs/tuva/sodermanland/objektrapporter/7FC-NTU.json
7FE-FJE;Södermanland;Flen;4.43;Bete;2003-07-23;;https://etjanst.sjv.se/tuvaut/?f=&id=7FE-FJE;https://etjanst.sjv.se/hagenpub/rest/base/object/7FE-FJE;docs/tuva/sodermanland/objektrapporter/7FE-FJE.json
7FE-QGK;Södermanland;Nyköping;2.35;Bete;2004-08-25;Segnesta 2;https://etjanst.sjv.se/tuvaut/?f=&id=7FE-QGK;https://etjanst.sjv.se/hagenpub/rest/base/object/7FE-QGK;docs/tuva/sodermanland/objektrapporter/7FE-QGK.json
7FF-CNR;Södermanland;Flen;6.02;Bete;2004-06-21;Västra Forsa 2;https://etjanst.sjv.se/tuvaut/?f=&id=7FF-CNR;https://etjanst.sjv.se/hagenpub/rest/base/object/7FF-CNR;docs/tuva/sodermanland/objektrapporter/7FF-CNR.json
801-BUN;Södermanland;Katrineholm;0.67;Bete;2003-07-09;Hyttan 2;https://etjanst.sjv.se/tuvaut/?f=&id=801-BUN;https://etjanst.sjv.se/hagenpub/rest/base/object/801-BUN;docs/tuva/sodermanland/objektrapporter/801-BUN.json
801-XZA;Södermanland;Nyköping;8.56;Bete;2002-08-11;Norr om Broby;https://etjanst.sjv.se/tuvaut/?f=&id=801-XZA;https://etjanst.sjv.se/hagenpub/rest/base/object/801-XZA;docs/tuva/sodermanland/objektrapporter/801-XZA.json
803-NPC;Södermanland;Eskilstuna;2.21;Bete;2002-08-12;Gällsta2;https://etjanst.sjv.se/tuvaut/?f=&id=803-NPC;https://etjanst.sjv.se/hagenpub/rest/base/object/803-NPC;docs/tuva/sodermanland/objektrapporter/803-NPC.json
803-VHK;Södermanland;Flen;8.42;Bete;2023-08-29;Stenhammar;https://etjanst.sjv.se/tuvaut/?f=&id=803-VHK;https://etjanst.sjv.se/hagenpub/rest/base/object/803-VHK;docs/tuva/sodermanland/objektrapporter/803-VHK.json
804-MBI;Södermanland;Flen;9.15;Bete;2003-09-10;Händö2;https://etjanst.sjv.se/tuvaut/?f=&id=804-MBI;https://etjanst.sjv.se/hagenpub/rest/base/object/804-MBI;docs/tuva/sodermanland/objektrapporter/804-MBI.json
804-MVO;Södermanland;Flen;0.88;Bete;2003-09-16;Bråhovda3;https://etjanst.sjv.se/tuvaut/?f=&id=804-MVO;https://etjanst.sjv.se/hagenpub/rest/base/object/804-MVO;docs/tuva/sodermanland/objektrapporter/804-MVO.json
805-SCZ;Södermanland;Katrineholm;0.45;Restaurerbar;2004-06-01;dagöholm 7;https://etjanst.sjv.se/tuvaut/?f=&id=805-SCZ;https://etjanst.sjv.se/hagenpub/rest/base/object/805-SCZ;docs/tuva/sodermanland/objektrapporter/805-SCZ.json
807-GFC;Södermanland;Nyköping;20.27;Bete;2004-05-17;Oppeby;https://etjanst.sjv.se/tuvaut/?f=&id=807-GFC;https://etjanst.sjv.se/hagenpub/rest/base/object/807-GFC;docs/tuva/sodermanland/objektrapporter/807-GFC.json
808-ZXR;Södermanland;Eskilstuna;2.43;Bete;2002-09-17;Jonslunda;https://etjanst.sjv.se/tuvaut/?f=&id=808-ZXR;https://etjanst.sjv.se/hagenpub/rest/base/object/808-ZXR;docs/tuva/sodermanland/objektrapporter/808-ZXR.json
80A-QQD;Södermanland;Eskilstuna;1.8;Restaurerbar;2003-07-09;Husby;https://etjanst.sjv.se/tuvaut/?f=&id=80A-QQD;https://etjanst.sjv.se/hagenpub/rest/base/object/80A-QQD;docs/tuva/sodermanland/objektrapporter/80A-QQD.json
80B-INK;Södermanland;Nyköping;0.54;Bete;2003-05-19;Göksätter 3;https://etjanst.sjv.se/tuvaut/?f=&id=80B-INK;https://etjanst.sjv.se/hagenpub/rest/base/object/80B-INK;docs/tuva/sodermanland/objektrapporter/80B-INK.json
80B-WTW;Södermanland;Eskilstuna;2.87;Bete;2003-09-03;Mortorp3;https://etjanst.sjv.se/tuvaut/?f=&id=80B-WTW;https://etjanst.sjv.se/hagenpub/rest/base/object/80B-WTW;docs/tuva/sodermanland/objektrapporter/80B-WTW.json
80C-FEH;Södermanland;Flen;2.84;Bete;2004-05-18;viby 3;https://etjanst.sjv.se/tuvaut/?f=&id=80C-FEH;https://etjanst.sjv.se/hagenpub/rest/base/object/80C-FEH;docs/tuva/sodermanland/objektrapporter/80C-FEH.json
80C-SJD;Södermanland;Strängnäs;0.51;Bete;2004-08-25;Nursa 3;https://etjanst.sjv.se/tuvaut/?f=&id=80C-SJD;https://etjanst.sjv.se/hagenpub/rest/base/object/80C-SJD;docs/tuva/sodermanland/objektrapporter/80C-SJD.json
80E-AXG;Södermanland;Eskilstuna;0.33;Bete;2003-07-09;Sundby;https://etjanst.sjv.se/tuvaut/?f=&id=80E-AXG;https://etjanst.sjv.se/hagenpub/rest/base/object/80E-AXG;docs/tuva/sodermanland/objektrapporter/80E-AXG.json
80F-UPL;Södermanland;Eskilstuna;1.81;Bete;2003-07-22;Husby3;https://etjanst.sjv.se/tuvaut/?f=&id=80F-UPL;https://etjanst.sjv.se/hagenpub/rest/base/object/80F-UPL;docs/tuva/sodermanland/objektrapporter/80F-UPL.json
810-NAO;Södermanland;Katrineholm;0.81;Bete;2004-07-15;s granhed 2;https://etjanst.sjv.se/tuvaut/?f=&id=810-NAO;https://etjanst.sjv.se/hagenpub/rest/base/object/810-NAO;docs/tuva/sodermanland/objektrapporter/810-NAO.json
812-BRV;Södermanland;Eskilstuna;1.84;Bete;2003-07-30;Örsta6;https://etjanst.sjv.se/tuvaut/?f=&id=812-BRV;https://etjanst.sjv.se/hagenpub/rest/base/object/812-BRV;docs/tuva/sodermanland/objektrapporter/812-BRV.json
813-ITU;Södermanland;Eskilstuna;1.44;Bete;2003-07-23;Sälthult1;https://etjanst.sjv.se/tuvaut/?f=&id=813-ITU;https://etjanst.sjv.se/hagenpub/rest/base/object/813-ITU;docs/tuva/sodermanland/objektrapporter/813-ITU.json
814-RRW;Södermanland;Nyköping;1.56;Bete;2026-06-10;Stora Flättna;https://etjanst.sjv.se/tuvaut/?f=&id=814-RRW;https://etjanst.sjv.se/hagenpub/rest/base/object/814-RRW;docs/tuva/sodermanland/objektrapporter/814-RRW.json
816-DBV;Södermanland;Katrineholm;3.52;Bete;2002-07-08;Kolberga 4;https://etjanst.sjv.se/tuvaut/?f=&id=816-DBV;https://etjanst.sjv.se/hagenpub/rest/base/object/816-DBV;docs/tuva/sodermanland/objektrapporter/816-DBV.json
817-IJF;Södermanland;Nyköping;4.87;Bete;2002-07-13;Backgården;https://etjanst.sjv.se/tuvaut/?f=&id=817-IJF;https://etjanst.sjv.se/hagenpub/rest/base/object/817-IJF;docs/tuva/sodermanland/objektrapporter/817-IJF.json
817-ITU;Södermanland;Vingåker;2.5;Bete;2003-09-10;;https://etjanst.sjv.se/tuvaut/?f=&id=817-ITU;https://etjanst.sjv.se/hagenpub/rest/base/object/817-ITU;docs/tuva/sodermanland/objektrapporter/817-ITU.json
817-OSN;Södermanland;Gnesta;6.02;Bete;2003-09-11;Ullevi;https://etjanst.sjv.se/tuvaut/?f=&id=817-OSN;https://etjanst.sjv.se/hagenpub/rest/base/object/817-OSN;docs/tuva/sodermanland/objektrapporter/817-OSN.json
819-KLV;Södermanland;Nyköping;0.18;Bete;2003-09-10;Långbro 2;https://etjanst.sjv.se/tuvaut/?f=&id=819-KLV;https://etjanst.sjv.se/hagenpub/rest/base/object/819-KLV;docs/tuva/sodermanland/objektrapporter/819-KLV.json
81A-NCO;Södermanland;Nyköping;46.18;Bete;2004-09-02;hartsö 1;https://etjanst.sjv.se/tuvaut/?f=&id=81A-NCO;https://etjanst.sjv.se/hagenpub/rest/base/object/81A-NCO;docs/tuva/sodermanland/objektrapporter/81A-NCO.json
81B-RBP;Södermanland;Eskilstuna;6.44;Bete;2003-08-20;Storudden1;https://etjanst.sjv.se/tuvaut/?f=&id=81B-RBP;https://etjanst.sjv.se/hagenpub/rest/base/object/81B-RBP;docs/tuva/sodermanland/objektrapporter/81B-RBP.json
81E-SCZ;Södermanland;Flen;2.58;Bete;2003-07-30;Stocketorp 2;https://etjanst.sjv.se/tuvaut/?f=&id=81E-SCZ;https://etjanst.sjv.se/hagenpub/rest/base/object/81E-SCZ;docs/tuva/sodermanland/objektrapporter/81E-SCZ.json
81E-XJM;Södermanland;Katrineholm;2.53;Bete;2003-05-20;Bronäs 1;https://etjanst.sjv.se/tuvaut/?f=&id=81E-XJM;https://etjanst.sjv.se/hagenpub/rest/base/object/81E-XJM;docs/tuva/sodermanland/objektrapporter/81E-XJM.json
821-NMP;Södermanland;Katrineholm;3.31;Bete;2003-07-10;Harvetorp 1;https://etjanst.sjv.se/tuvaut/?f=&id=821-NMP;https://etjanst.sjv.se/hagenpub/rest/base/object/821-NMP;docs/tuva/sodermanland/objektrapporter/821-NMP.json
824-BMZ;Södermanland;Trosa;2.05;Bete;2004-05-26;Kumla;https://etjanst.sjv.se/tuvaut/?f=&id=824-BMZ;https://etjanst.sjv.se/hagenpub/rest/base/object/824-BMZ;docs/tuva/sodermanland/objektrapporter/824-BMZ.json
824-FVZ;Södermanland;Eskilstuna;2.9;Bete;2002-08-13;Övre Gärtre1;https://etjanst.sjv.se/tuvaut/?f=&id=824-FVZ;https://etjanst.sjv.se/hagenpub/rest/base/object/824-FVZ;docs/tuva/sodermanland/objektrapporter/824-FVZ.json
824-OXV;Södermanland;Eskilstuna;1.34;Bete;2003-06-11;Öknatorp4;https://etjanst.sjv.se/tuvaut/?f=&id=824-OXV;https://etjanst.sjv.se/hagenpub/rest/base/object/824-OXV;docs/tuva/sodermanland/objektrapporter/824-OXV.json
825-BRD;Södermanland;Katrineholm;3.23;Bete;2003-09-04;Stenkulla 2;https://etjanst.sjv.se/tuvaut/?f=&id=825-BRD;https://etjanst.sjv.se/hagenpub/rest/base/object/825-BRD;docs/tuva/sodermanland/objektrapporter/825-BRD.json
825-PDO;Södermanland;Nyköping;9.01;Bete;2023-06-12;Ripsa-Edeby;https://etjanst.sjv.se/tuvaut/?f=&id=825-PDO;https://etjanst.sjv.se/hagenpub/rest/base/object/825-PDO;docs/tuva/sodermanland/objektrapporter/825-PDO.json
828-PZW;Södermanland;Nyköping;1.99;Bete;2003-05-20;Näs 1;https://etjanst.sjv.se/tuvaut/?f=&id=828-PZW;https://etjanst.sjv.se/hagenpub/rest/base/object/828-PZW;docs/tuva/sodermanland/objektrapporter/828-PZW.json
829-QVM;Södermanland;Eskilstuna;1.24;Bete;2003-08-14;Öknatorp1;https://etjanst.sjv.se/tuvaut/?f=&id=829-QVM;https://etjanst.sjv.se/hagenpub/rest/base/object/829-QVM;docs/tuva/sodermanland/objektrapporter/829-QVM.json
82C-MNA;Södermanland;Gnesta;0.66;Bete;2004-08-05;Äspetorp;https://etjanst.sjv.se/tuvaut/?f=&id=82C-MNA;https://etjanst.sjv.se/hagenpub/rest/base/object/82C-MNA;docs/tuva/sodermanland/objektrapporter/82C-MNA.json
82D-MKP;Södermanland;Katrineholm;2.04;Bete;2004-07-12;staväng;https://etjanst.sjv.se/tuvaut/?f=&id=82D-MKP;https://etjanst.sjv.se/hagenpub/rest/base/object/82D-MKP;docs/tuva/sodermanland/objektrapporter/82D-MKP.json
82E-DTY;Södermanland;Strängnäs;1.4;Bete;2002-07-15;Snytberga;https://etjanst.sjv.se/tuvaut/?f=&id=82E-DTY;https://etjanst.sjv.se/hagenpub/rest/base/object/82E-DTY;docs/tuva/sodermanland/objektrapporter/82E-DTY.json
82E-SZV;Södermanland;Flen;1.16;Bete;2003-09-24;Henbro;https://etjanst.sjv.se/tuvaut/?f=&id=82E-SZV;https://etjanst.sjv.se/hagenpub/rest/base/object/82E-SZV;docs/tuva/sodermanland/objektrapporter/82E-SZV.json
82F-MTH;Södermanland;Nyköping;5.18;Restaurerbar;2002-07-12;Gårdsnäs;https://etjanst.sjv.se/tuvaut/?f=&id=82F-MTH;https://etjanst.sjv.se/hagenpub/rest/base/object/82F-MTH;docs/tuva/sodermanland/objektrapporter/82F-MTH.json
830-REP;Södermanland;Katrineholm;3.03;Bete;2003-07-12;;https://etjanst.sjv.se/tuvaut/?f=&id=830-REP;https://etjanst.sjv.se/hagenpub/rest/base/object/830-REP;docs/tuva/sodermanland/objektrapporter/830-REP.json
830-SNC;Södermanland;Flen;3.12;Bete;2003-08-14;Mora gård 1;https://etjanst.sjv.se/tuvaut/?f=&id=830-SNC;https://etjanst.sjv.se/hagenpub/rest/base/object/830-SNC;docs/tuva/sodermanland/objektrapporter/830-SNC.json
832-WMY;Södermanland;Eskilstuna;3.79;Bete;2003-08-11;Skogstorp-Stora Sundby1;https://etjanst.sjv.se/tuvaut/?f=&id=832-WMY;https://etjanst.sjv.se/hagenpub/rest/base/object/832-WMY;docs/tuva/sodermanland/objektrapporter/832-WMY.json
834-OIY;Södermanland;Nyköping;4.2;Bete;2003-05-27;;https://etjanst.sjv.se/tuvaut/?f=&id=834-OIY;https://etjanst.sjv.se/hagenpub/rest/base/object/834-OIY;docs/tuva/sodermanland/objektrapporter/834-OIY.json
834-XDL;Södermanland;Katrineholm;0.48;Bete;2004-06-23;bjälkbol;https://etjanst.sjv.se/tuvaut/?f=&id=834-XDL;https://etjanst.sjv.se/hagenpub/rest/base/object/834-XDL;docs/tuva/sodermanland/objektrapporter/834-XDL.json
835-480;Södermanland;Nyköping;1.21;Restaurerbar;2002-06-26;Baska¿;https://etjanst.sjv.se/tuvaut/?f=&id=835-480;https://etjanst.sjv.se/hagenpub/rest/base/object/835-480;docs/tuva/sodermanland/objektrapporter/835-480.json
836-AZV;Södermanland;Katrineholm;1.39;Bete;2002-08-08;Uppsala;https://etjanst.sjv.se/tuvaut/?f=&id=836-AZV;https://etjanst.sjv.se/hagenpub/rest/base/object/836-AZV;docs/tuva/sodermanland/objektrapporter/836-AZV.json
837-VED;Södermanland;Katrineholm;5.74;Bete;2004-08-03;tjugesta 1;https://etjanst.sjv.se/tuvaut/?f=&id=837-VED;https://etjanst.sjv.se/hagenpub/rest/base/object/837-VED;docs/tuva/sodermanland/objektrapporter/837-VED.json
838-MLI;Södermanland;Gnesta;6.61;Bete;2004-06-22;Stjärnhov 1;https://etjanst.sjv.se/tuvaut/?f=&id=838-MLI;https://etjanst.sjv.se/hagenpub/rest/base/object/838-MLI;docs/tuva/sodermanland/objektrapporter/838-MLI.json
838-NNE;Södermanland;Eskilstuna;0.29;Bete;2003-11-21;Kasön2;https://etjanst.sjv.se/tuvaut/?f=&id=838-NNE;https://etjanst.sjv.se/hagenpub/rest/base/object/838-NNE;docs/tuva/sodermanland/objektrapporter/838-NNE.json
839-EFS;Södermanland;Vingåker;1.49;Bete;2003-08-05;Högsjö gård 2;https://etjanst.sjv.se/tuvaut/?f=&id=839-EFS;https://etjanst.sjv.se/hagenpub/rest/base/object/839-EFS;docs/tuva/sodermanland/objektrapporter/839-EFS.json
83A-WGV;Södermanland;Trosa;2.32;Bete;2004-05-24;Ävlingeby;https://etjanst.sjv.se/tuvaut/?f=&id=83A-WGV;https://etjanst.sjv.se/hagenpub/rest/base/object/83A-WGV;docs/tuva/sodermanland/objektrapporter/83A-WGV.json
83B-RES;Södermanland;Eskilstuna;1.65;Bete;2003-07-25;Tandla gård4;https://etjanst.sjv.se/tuvaut/?f=&id=83B-RES;https://etjanst.sjv.se/hagenpub/rest/base/object/83B-RES;docs/tuva/sodermanland/objektrapporter/83B-RES.json
83C-WUP;Södermanland;Katrineholm;4.6;Bete;2003-05-22;Valfalla 1;https://etjanst.sjv.se/tuvaut/?f=&id=83C-WUP;https://etjanst.sjv.se/hagenpub/rest/base/object/83C-WUP;docs/tuva/sodermanland/objektrapporter/83C-WUP.json
83D-AMP;Södermanland;Nyköping;4.5;Bete;2003-06-03;Farneby 1;https://etjanst.sjv.se/tuvaut/?f=&id=83D-AMP;https://etjanst.sjv.se/hagenpub/rest/base/object/83D-AMP;docs/tuva/sodermanland/objektrapporter/83D-AMP.json
83D-HMO;Södermanland;Flen;4.8;Bete;2023-08-29;Stenhammar;https://etjanst.sjv.se/tuvaut/?f=&id=83D-HMO;https://etjanst.sjv.se/hagenpub/rest/base/object/83D-HMO;docs/tuva/sodermanland/objektrapporter/83D-HMO.json
83F-BIS;Södermanland;Eskilstuna;0.75;Bete;2003-05-16; Biby-Ön;https://etjanst.sjv.se/tuvaut/?f=&id=83F-BIS;https://etjanst.sjv.se/hagenpub/rest/base/object/83F-BIS;docs/tuva/sodermanland/objektrapporter/83F-BIS.json
840-KVG;Södermanland;Flen;3.21;Bete;2004-07-09;Helgesta gård 1;https://etjanst.sjv.se/tuvaut/?f=&id=840-KVG;https://etjanst.sjv.se/hagenpub/rest/base/object/840-KVG;docs/tuva/sodermanland/objektrapporter/840-KVG.json
843-280;Södermanland;Flen;4.64;Bete;2002-05-06;Rockelsta;https://etjanst.sjv.se/tuvaut/?f=&id=843-280;https://etjanst.sjv.se/hagenpub/rest/base/object/843-280;docs/tuva/sodermanland/objektrapporter/843-280.json
844-700;Södermanland;Katrineholm;2.12;Bete;2002-06-04;Järnbol 2;https://etjanst.sjv.se/tuvaut/?f=&id=844-700;https://etjanst.sjv.se/hagenpub/rest/base/object/844-700;docs/tuva/sodermanland/objektrapporter/844-700.json
845-780;Södermanland;Nyköping;5.76;Bete;2002-07-03;Hänö;https://etjanst.sjv.se/tuvaut/?f=&id=845-780;https://etjanst.sjv.se/hagenpub/rest/base/object/845-780;docs/tuva/sodermanland/objektrapporter/845-780.json
846-TEL;Södermanland;Flen;2.13;Bete;2004-07-13;Sparreholm 4;https://etjanst.sjv.se/tuvaut/?f=&id=846-TEL;https://etjanst.sjv.se/hagenpub/rest/base/object/846-TEL;docs/tuva/sodermanland/objektrapporter/846-TEL.json
847-LXF;Södermanland;Gnesta;0.85;Bete;2004-06-15;Älvesta 1;https://etjanst.sjv.se/tuvaut/?f=&id=847-LXF;https://etjanst.sjv.se/hagenpub/rest/base/object/847-LXF;docs/tuva/sodermanland/objektrapporter/847-LXF.json
847-MDX;Södermanland;Katrineholm;1.3;Bete;2004-06-21;gustafsvik 6;https://etjanst.sjv.se/tuvaut/?f=&id=847-MDX;https://etjanst.sjv.se/hagenpub/rest/base/object/847-MDX;docs/tuva/sodermanland/objektrapporter/847-MDX.json
848-HFR;Södermanland;Flen;11.37;Bete;2023-09-01;Stenhammar;https://etjanst.sjv.se/tuvaut/?f=&id=848-HFR;https://etjanst.sjv.se/hagenpub/rest/base/object/848-HFR;docs/tuva/sodermanland/objektrapporter/848-HFR.json
84A-VXK;Södermanland;Eskilstuna;1.89;Bete;2002-09-03;Mesta3;https://etjanst.sjv.se/tuvaut/?f=&id=84A-VXK;https://etjanst.sjv.se/hagenpub/rest/base/object/84A-VXK;docs/tuva/sodermanland/objektrapporter/84A-VXK.json
84B-DYU;Södermanland;Katrineholm;2.28;Bete;2003-06-11;Bränntorp 2;https://etjanst.sjv.se/tuvaut/?f=&id=84B-DYU;https://etjanst.sjv.se/hagenpub/rest/base/object/84B-DYU;docs/tuva/sodermanland/objektrapporter/84B-DYU.json
84C-BIW;Södermanland;Nyköping;0.32;Bete;2003-09-10;Långbro 6;https://etjanst.sjv.se/tuvaut/?f=&id=84C-BIW;https://etjanst.sjv.se/hagenpub/rest/base/object/84C-BIW;docs/tuva/sodermanland/objektrapporter/84C-BIW.json
84C-D00;Södermanland;Katrineholm;7.69;Bete;2002-07-03;Myrkärr 1;https://etjanst.sjv.se/tuvaut/?f=&id=84C-D00;https://etjanst.sjv.se/hagenpub/rest/base/object/84C-D00;docs/tuva/sodermanland/objektrapporter/84C-D00.json
84D-NSK;Södermanland;Eskilstuna;1.44;Bete;2003-05-14;Skricksta;https://etjanst.sjv.se/tuvaut/?f=&id=84D-NSK;https://etjanst.sjv.se/hagenpub/rest/base/object/84D-NSK;docs/tuva/sodermanland/objektrapporter/84D-NSK.json
84D-ZAZ;Södermanland;Katrineholm;4.51;Bete;2004-07-13;v grysta 2;https://etjanst.sjv.se/tuvaut/?f=&id=84D-ZAZ;https://etjanst.sjv.se/hagenpub/rest/base/object/84D-ZAZ;docs/tuva/sodermanland/objektrapporter/84D-ZAZ.json
84E-VXK;Södermanland;Nyköping;3.33;Bete;2003-06-03;Råttninge 1;https://etjanst.sjv.se/tuvaut/?f=&id=84E-VXK;https://etjanst.sjv.se/hagenpub/rest/base/object/84E-VXK;docs/tuva/sodermanland/objektrapporter/84E-VXK.json
854-MOB;Södermanland;Eskilstuna;2.51;Bete;2003-07-29;Tandla5;https://etjanst.sjv.se/tuvaut/?f=&id=854-MOB;https://etjanst.sjv.se/hagenpub/rest/base/object/854-MOB;docs/tuva/sodermanland/objektrapporter/854-MOB.json
856-HJW;Södermanland;Katrineholm;9.9;Bete;2004-05-10;dagöholm 2;https://etjanst.sjv.se/tuvaut/?f=&id=856-HJW;https://etjanst.sjv.se/hagenpub/rest/base/object/856-HJW;docs/tuva/sodermanland/objektrapporter/856-HJW.json
857-OGE;Södermanland;Nyköping;2.89;Bete;2002-07-15;Sjukälla;https://etjanst.sjv.se/tuvaut/?f=&id=857-OGE;https://etjanst.sjv.se/hagenpub/rest/base/object/857-OGE;docs/tuva/sodermanland/objektrapporter/857-OGE.json
859-KQS;Södermanland;Katrineholm;12.36;Bete;2003-07-02;Edeby 2;https://etjanst.sjv.se/tuvaut/?f=&id=859-KQS;https://etjanst.sjv.se/hagenpub/rest/base/object/859-KQS;docs/tuva/sodermanland/objektrapporter/859-KQS.json
859-LWD;Södermanland;Trosa;1.01;Bete;2004-06-17;Norra Klacka;https://etjanst.sjv.se/tuvaut/?f=&id=859-LWD;https://etjanst.sjv.se/hagenpub/rest/base/object/859-LWD;docs/tuva/sodermanland/objektrapporter/859-LWD.json
859-MZE;Södermanland;Gnesta;6.5;Bete;2003-08-14;Stora Åsa;https://etjanst.sjv.se/tuvaut/?f=&id=859-MZE;https://etjanst.sjv.se/hagenpub/rest/base/object/859-MZE;docs/tuva/sodermanland/objektrapporter/859-MZE.json
85A-AUU;Södermanland;Flen;7.44;Bete;2003-07-25;Källsta 1;https://etjanst.sjv.se/tuvaut/?f=&id=85A-AUU;https://etjanst.sjv.se/hagenpub/rest/base/object/85A-AUU;docs/tuva/sodermanland/objektrapporter/85A-AUU.json
85A-KBK;Södermanland;Eskilstuna;1.97;Bete;2023-07-26;Alkärr 2;https://etjanst.sjv.se/tuvaut/?f=&id=85A-KBK;https://etjanst.sjv.se/hagenpub/rest/base/object/85A-KBK;docs/tuva/sodermanland/objektrapporter/85A-KBK.json
85B-DHT;Södermanland;Nyköping;0.22;Bete;2004-08-03;Sävö 4;https://etjanst.sjv.se/tuvaut/?f=&id=85B-DHT;https://etjanst.sjv.se/hagenpub/rest/base/object/85B-DHT;docs/tuva/sodermanland/objektrapporter/85B-DHT.json
85B-YYG;Södermanland;Eskilstuna;1.94;Bete;2003-07-21;Berga2;https://etjanst.sjv.se/tuvaut/?f=&id=85B-YYG;https://etjanst.sjv.se/hagenpub/rest/base/object/85B-YYG;docs/tuva/sodermanland/objektrapporter/85B-YYG.json
85C-680;Södermanland;Nyköping;3.84;Bete;2002-04-29;;https://etjanst.sjv.se/tuvaut/?f=&id=85C-680;https://etjanst.sjv.se/hagenpub/rest/base/object/85C-680;docs/tuva/sodermanland/objektrapporter/85C-680.json
85D-ZQX;Södermanland;Katrineholm;2.62;Bete;2004-09-01;berga 1;https://etjanst.sjv.se/tuvaut/?f=&id=85D-ZQX;https://etjanst.sjv.se/hagenpub/rest/base/object/85D-ZQX;docs/tuva/sodermanland/objektrapporter/85D-ZQX.json
860-NMP;Södermanland;Flen;5.66;Bete;2004-07-19;Johannesnäs 2;https://etjanst.sjv.se/tuvaut/?f=&id=860-NMP;https://etjanst.sjv.se/hagenpub/rest/base/object/860-NMP;docs/tuva/sodermanland/objektrapporter/860-NMP.json
860-XDU;Södermanland;Eskilstuna;3.58;Bete;2003-05-09;Österby2;https://etjanst.sjv.se/tuvaut/?f=&id=860-XDU;https://etjanst.sjv.se/hagenpub/rest/base/object/860-XDU;docs/tuva/sodermanland/objektrapporter/860-XDU.json
866-XKN;Södermanland;Eskilstuna;1.52;Bete;2002-09-03;Stenby2;https://etjanst.sjv.se/tuvaut/?f=&id=866-XKN;https://etjanst.sjv.se/hagenpub/rest/base/object/866-XKN;docs/tuva/sodermanland/objektrapporter/866-XKN.json
866-ZZY;Södermanland;Vingåker;5.12;Bete;2003-09-03;;https://etjanst.sjv.se/tuvaut/?f=&id=866-ZZY;https://etjanst.sjv.se/hagenpub/rest/base/object/866-ZZY;docs/tuva/sodermanland/objektrapporter/866-ZZY.json
867-700;Södermanland;Strängnäs;5.23;Bete;2002-06-20;Boda1;https://etjanst.sjv.se/tuvaut/?f=&id=867-700;https://etjanst.sjv.se/hagenpub/rest/base/object/867-700;docs/tuva/sodermanland/objektrapporter/867-700.json
869-XVH;Södermanland;Strängnäs;2.25;Bete;2002-07-08;Kungsberg4;https://etjanst.sjv.se/tuvaut/?f=&id=869-XVH;https://etjanst.sjv.se/hagenpub/rest/base/object/869-XVH;docs/tuva/sodermanland/objektrapporter/869-XVH.json
86D-KKS;Södermanland;Katrineholm;2.02;Bete;2003-09-06;;https://etjanst.sjv.se/tuvaut/?f=&id=86D-KKS;https://etjanst.sjv.se/hagenpub/rest/base/object/86D-KKS;docs/tuva/sodermanland/objektrapporter/86D-KKS.json
870-JVD;Södermanland;Strängnäs;6.53;Bete;2002-07-29;Söderlänna3;https://etjanst.sjv.se/tuvaut/?f=&id=870-JVD;https://etjanst.sjv.se/hagenpub/rest/base/object/870-JVD;docs/tuva/sodermanland/objektrapporter/870-JVD.json
870-YJU;Södermanland;Flen;8.95;Bete;2003-09-17;Henäng1;https://etjanst.sjv.se/tuvaut/?f=&id=870-YJU;https://etjanst.sjv.se/hagenpub/rest/base/object/870-YJU;docs/tuva/sodermanland/objektrapporter/870-YJU.json
871-GEY;Södermanland;Nyköping;1.11;Bete;2004-05-12;valva 1;https://etjanst.sjv.se/tuvaut/?f=&id=871-GEY;https://etjanst.sjv.se/hagenpub/rest/base/object/871-GEY;docs/tuva/sodermanland/objektrapporter/871-GEY.json
872-NSV;Södermanland;Vingåker;1.26;Bete;2003-09-10;Viala 3;https://etjanst.sjv.se/tuvaut/?f=&id=872-NSV;https://etjanst.sjv.se/hagenpub/rest/base/object/872-NSV;docs/tuva/sodermanland/objektrapporter/872-NSV.json
872-SUH;Södermanland;Trosa;2.47;Bete;2004-06-17;;https://etjanst.sjv.se/tuvaut/?f=&id=872-SUH;https://etjanst.sjv.se/hagenpub/rest/base/object/872-SUH;docs/tuva/sodermanland/objektrapporter/872-SUH.json
874-ONY;Södermanland;Nyköping;3.06;Bete;2004-06-09;Juresta 2;https://etjanst.sjv.se/tuvaut/?f=&id=874-ONY;https://etjanst.sjv.se/hagenpub/rest/base/object/874-ONY;docs/tuva/sodermanland/objektrapporter/874-ONY.json
875-SGI;Södermanland;Eskilstuna;2.23;Bete;2003-09-25;Hugelsta2;https://etjanst.sjv.se/tuvaut/?f=&id=875-SGI;https://etjanst.sjv.se/hagenpub/rest/base/object/875-SGI;docs/tuva/sodermanland/objektrapporter/875-SGI.json
876-ITZ;Södermanland;Nyköping;0.63;Restaurerbar;2004-08-09;Långö 9;https://etjanst.sjv.se/tuvaut/?f=&id=876-ITZ;https://etjanst.sjv.se/hagenpub/rest/base/object/876-ITZ;docs/tuva/sodermanland/objektrapporter/876-ITZ.json
87A-JHE;Södermanland;Nyköping;10.99;Bete;2002-07-14;Ålberga gård;https://etjanst.sjv.se/tuvaut/?f=&id=87A-JHE;https://etjanst.sjv.se/hagenpub/rest/base/object/87A-JHE;docs/tuva/sodermanland/objektrapporter/87A-JHE.json
87B-ODP;Södermanland;Nyköping;0.16;Bete;2003-09-10;Långbro 7;https://etjanst.sjv.se/tuvaut/?f=&id=87B-ODP;https://etjanst.sjv.se/hagenpub/rest/base/object/87B-ODP;docs/tuva/sodermanland/objektrapporter/87B-ODP.json
87C-TRX;Södermanland;Gnesta;1.69;Restaurerbar;2003-09-22;Hedetorp;https://etjanst.sjv.se/tuvaut/?f=&id=87C-TRX;https://etjanst.sjv.se/hagenpub/rest/base/object/87C-TRX;docs/tuva/sodermanland/objektrapporter/87C-TRX.json
87F-HSK;Södermanland;Gnesta;1.88;Bete;2004-06-02;Hållsta 4;https://etjanst.sjv.se/tuvaut/?f=&id=87F-HSK;https://etjanst.sjv.se/hagenpub/rest/base/object/87F-HSK;docs/tuva/sodermanland/objektrapporter/87F-HSK.json
880-WHN;Södermanland;Katrineholm;1.76;Bete;2003-07-01;Helenelund 2;https://etjanst.sjv.se/tuvaut/?f=&id=880-WHN;https://etjanst.sjv.se/hagenpub/rest/base/object/880-WHN;docs/tuva/sodermanland/objektrapporter/880-WHN.json
882-BIT;Södermanland;Katrineholm;2.25;Bete;2003-07-15;;https://etjanst.sjv.se/tuvaut/?f=&id=882-BIT;https://etjanst.sjv.se/hagenpub/rest/base/object/882-BIT;docs/tuva/sodermanland/objektrapporter/882-BIT.json
882-DRI;Södermanland;Katrineholm;1.12;Bete;2004-06-08;lindebol 1;https://etjanst.sjv.se/tuvaut/?f=&id=882-DRI;https://etjanst.sjv.se/hagenpub/rest/base/object/882-DRI;docs/tuva/sodermanland/objektrapporter/882-DRI.json
882-TAT;Södermanland;Flen;1.51;Bete;2003-08-01;Staväng 3;https://etjanst.sjv.se/tuvaut/?f=&id=882-TAT;https://etjanst.sjv.se/hagenpub/rest/base/object/882-TAT;docs/tuva/sodermanland/objektrapporter/882-TAT.json
885-280;Södermanland;Nyköping;9.49;Bete;2002-06-03;Bärbo;https://etjanst.sjv.se/tuvaut/?f=&id=885-280;https://etjanst.sjv.se/hagenpub/rest/base/object/885-280;docs/tuva/sodermanland/objektrapporter/885-280.json
885-LLY;Södermanland;Nyköping;0.38;Bete;2002-08-26;Åkra;https://etjanst.sjv.se/tuvaut/?f=&id=885-LLY;https://etjanst.sjv.se/hagenpub/rest/base/object/885-LLY;docs/tuva/sodermanland/objektrapporter/885-LLY.json
887-CAA;Södermanland;Eskilstuna;0.63;Bete;2003-08-28;Välakärr1;https://etjanst.sjv.se/tuvaut/?f=&id=887-CAA;https://etjanst.sjv.se/hagenpub/rest/base/object/887-CAA;docs/tuva/sodermanland/objektrapporter/887-CAA.json
888-ZVQ;Södermanland;Flen;1.26;Bete;2004-06-14;Glippsta;https://etjanst.sjv.se/tuvaut/?f=&id=888-ZVQ;https://etjanst.sjv.se/hagenpub/rest/base/object/888-ZVQ;docs/tuva/sodermanland/objektrapporter/888-ZVQ.json
889-FQW;Södermanland;Nyköping;39.38;Restaurerbar;2004-06-11;Sätersta;https://etjanst.sjv.se/tuvaut/?f=&id=889-FQW;https://etjanst.sjv.se/hagenpub/rest/base/object/889-FQW;docs/tuva/sodermanland/objektrapporter/889-FQW.json
88A-LMO;Södermanland;Katrineholm;7.27;Bete;2003-09-11;Julita 3;https://etjanst.sjv.se/tuvaut/?f=&id=88A-LMO;https://etjanst.sjv.se/hagenpub/rest/base/object/88A-LMO;docs/tuva/sodermanland/objektrapporter/88A-LMO.json
88B-ZKY;Södermanland;Flen;0.79;Bete;2004-06-17;Flinkesta 1;https://etjanst.sjv.se/tuvaut/?f=&id=88B-ZKY;https://etjanst.sjv.se/hagenpub/rest/base/object/88B-ZKY;docs/tuva/sodermanland/objektrapporter/88B-ZKY.json
88C-GSV;Södermanland;Flen;7.62;Bete;2004-06-03;Mälby;https://etjanst.sjv.se/tuvaut/?f=&id=88C-GSV;https://etjanst.sjv.se/hagenpub/rest/base/object/88C-GSV;docs/tuva/sodermanland/objektrapporter/88C-GSV.json
88C-WMV;Södermanland;Nyköping;4.0;Bete;2004-06-10;Lindö;https://etjanst.sjv.se/tuvaut/?f=&id=88C-WMV;https://etjanst.sjv.se/hagenpub/rest/base/object/88C-WMV;docs/tuva/sodermanland/objektrapporter/88C-WMV.json
88F-BYQ;Södermanland;Oxelösund;9.02;Bete;2002-07-10;Emtnäs;https://etjanst.sjv.se/tuvaut/?f=&id=88F-BYQ;https://etjanst.sjv.se/hagenpub/rest/base/object/88F-BYQ;docs/tuva/sodermanland/objektrapporter/88F-BYQ.json
88F-UTE;Södermanland;Flen;7.43;Bete;2003-09-17;;https://etjanst.sjv.se/tuvaut/?f=&id=88F-UTE;https://etjanst.sjv.se/hagenpub/rest/base/object/88F-UTE;docs/tuva/sodermanland/objektrapporter/88F-UTE.json
890-RBP;Södermanland;Strängnäs;2.4;Bete;2002-07-31;Stora Trana1;https://etjanst.sjv.se/tuvaut/?f=&id=890-RBP;https://etjanst.sjv.se/hagenpub/rest/base/object/890-RBP;docs/tuva/sodermanland/objektrapporter/890-RBP.json
890-YFE;Södermanland;Eskilstuna;2.77;Bete;2003-06-03;Stålråd2;https://etjanst.sjv.se/tuvaut/?f=&id=890-YFE;https://etjanst.sjv.se/hagenpub/rest/base/object/890-YFE;docs/tuva/sodermanland/objektrapporter/890-YFE.json
891-400;Södermanland;Trosa;12.88;Bete;2002-05-05;;https://etjanst.sjv.se/tuvaut/?f=&id=891-400;https://etjanst.sjv.se/hagenpub/rest/base/object/891-400;docs/tuva/sodermanland/objektrapporter/891-400.json
891-480;Södermanland;Katrineholm;2.33;Bete;2002-06-13;Billstorp 3;https://etjanst.sjv.se/tuvaut/?f=&id=891-480;https://etjanst.sjv.se/hagenpub/rest/base/object/891-480;docs/tuva/sodermanland/objektrapporter/891-480.json
891-TEF;Södermanland;Flen;0.84;Bete;2004-05-26;sittuna 2;https://etjanst.sjv.se/tuvaut/?f=&id=891-TEF;https://etjanst.sjv.se/hagenpub/rest/base/object/891-TEF;docs/tuva/sodermanland/objektrapporter/891-TEF.json
891-WGJ;Södermanland;Flen;0.48;Bete;2004-05-28;Stavhälla 3;https://etjanst.sjv.se/tuvaut/?f=&id=891-WGJ;https://etjanst.sjv.se/hagenpub/rest/base/object/891-WGJ;docs/tuva/sodermanland/objektrapporter/891-WGJ.json
892-OUI;Södermanland;Eskilstuna;3.58;Bete;2003-06-18;Almby1;https://etjanst.sjv.se/tuvaut/?f=&id=892-OUI;https://etjanst.sjv.se/hagenpub/rest/base/object/892-OUI;docs/tuva/sodermanland/objektrapporter/892-OUI.json
893-HUH;Södermanland;Strängnäs;2.48;Bete;2004-08-23;Härnöängen;https://etjanst.sjv.se/tuvaut/?f=&id=893-HUH;https://etjanst.sjv.se/hagenpub/rest/base/object/893-HUH;docs/tuva/sodermanland/objektrapporter/893-HUH.json
894-OPZ;Södermanland;Katrineholm;2.02;Bete;2004-06-14;berga 1;https://etjanst.sjv.se/tuvaut/?f=&id=894-OPZ;https://etjanst.sjv.se/hagenpub/rest/base/object/894-OPZ;docs/tuva/sodermanland/objektrapporter/894-OPZ.json
897-880;Södermanland;Katrineholm;2.47;Bete;2002-05-31;Lundsbol 2;https://etjanst.sjv.se/tuvaut/?f=&id=897-880;https://etjanst.sjv.se/hagenpub/rest/base/object/897-880;docs/tuva/sodermanland/objektrapporter/897-880.json
898-DAV;Södermanland;Vingåker;3.85;Bete;2003-08-10;;https://etjanst.sjv.se/tuvaut/?f=&id=898-DAV;https://etjanst.sjv.se/hagenpub/rest/base/object/898-DAV;docs/tuva/sodermanland/objektrapporter/898-DAV.json
898-HME;Södermanland;Flen;1.03;Bete;2004-08-24;davidsnäs 3;https://etjanst.sjv.se/tuvaut/?f=&id=898-HME;https://etjanst.sjv.se/hagenpub/rest/base/object/898-HME;docs/tuva/sodermanland/objektrapporter/898-HME.json
89A-EFS;Södermanland;Trosa;5.22;Bete;2004-08-11;Borsö 4;https://etjanst.sjv.se/tuvaut/?f=&id=89A-EFS;https://etjanst.sjv.se/hagenpub/rest/base/object/89A-EFS;docs/tuva/sodermanland/objektrapporter/89A-EFS.json
89A-ZZB;Södermanland;Nyköping;2.25;Bete;2003-06-26;Sättra 1;https://etjanst.sjv.se/tuvaut/?f=&id=89A-ZZB;https://etjanst.sjv.se/hagenpub/rest/base/object/89A-ZZB;docs/tuva/sodermanland/objektrapporter/89A-ZZB.json
8A1-FDP;Södermanland;Flen;1.99;Bete;2003-09-26;;https://etjanst.sjv.se/tuvaut/?f=&id=8A1-FDP;https://etjanst.sjv.se/hagenpub/rest/base/object/8A1-FDP;docs/tuva/sodermanland/objektrapporter/8A1-FDP.json
8A2-XHV;Södermanland;Nyköping;1.51;Bete;2003-05-21;Tyskstugan/Lilla Ramshult;https://etjanst.sjv.se/tuvaut/?f=&id=8A2-XHV;https://etjanst.sjv.se/hagenpub/rest/base/object/8A2-XHV;docs/tuva/sodermanland/objektrapporter/8A2-XHV.json
8A5-B00;Södermanland;Strängnäs;2.94;Äng;2002-06-26;Morrarön2;https://etjanst.sjv.se/tuvaut/?f=&id=8A5-B00;https://etjanst.sjv.se/hagenpub/rest/base/object/8A5-B00;docs/tuva/sodermanland/objektrapporter/8A5-B00.json
8A7-OAD;Södermanland;Vingåker;0.76;Bete;2003-08-04;;https://etjanst.sjv.se/tuvaut/?f=&id=8A7-OAD;https://etjanst.sjv.se/hagenpub/rest/base/object/8A7-OAD;docs/tuva/sodermanland/objektrapporter/8A7-OAD.json
8A7-PUM;Södermanland;Gnesta;0.1;Restaurerbar;2003-09-26;Sjögesta 1;https://etjanst.sjv.se/tuvaut/?f=&id=8A7-PUM;https://etjanst.sjv.se/hagenpub/rest/base/object/8A7-PUM;docs/tuva/sodermanland/objektrapporter/8A7-PUM.json
8A9-LGC;Södermanland;Nyköping;4.7;Bete;2002-09-09;Ånga;https://etjanst.sjv.se/tuvaut/?f=&id=8A9-LGC;https://etjanst.sjv.se/hagenpub/rest/base/object/8A9-LGC;docs/tuva/sodermanland/objektrapporter/8A9-LGC.json
8A9-XDG;Södermanland;Nyköping;6.28;Bete;2002-07-14;Rösäng;https://etjanst.sjv.se/tuvaut/?f=&id=8A9-XDG;https://etjanst.sjv.se/hagenpub/rest/base/object/8A9-XDG;docs/tuva/sodermanland/objektrapporter/8A9-XDG.json
8AD-680;Södermanland;Katrineholm;5.98;Bete;2002-06-04;Järnbol 1;https://etjanst.sjv.se/tuvaut/?f=&id=8AD-680;https://etjanst.sjv.se/hagenpub/rest/base/object/8AD-680;docs/tuva/sodermanland/objektrapporter/8AD-680.json
8AE-E80;Södermanland;Flen;10.02;Restaurerbar;2002-04-25;;https://etjanst.sjv.se/tuvaut/?f=&id=8AE-E80;https://etjanst.sjv.se/hagenpub/rest/base/object/8AE-E80;docs/tuva/sodermanland/objektrapporter/8AE-E80.json
8AE-KOV;Södermanland;Katrineholm;12.54;Bete;2004-06-22;eriksberg, stora vrå;https://etjanst.sjv.se/tuvaut/?f=&id=8AE-KOV;https://etjanst.sjv.se/hagenpub/rest/base/object/8AE-KOV;docs/tuva/sodermanland/objektrapporter/8AE-KOV.json
8AE-NKZ;Södermanland;Flen;1.34;Bete;2004-07-09;Helgesta 5;https://etjanst.sjv.se/tuvaut/?f=&id=8AE-NKZ;https://etjanst.sjv.se/hagenpub/rest/base/object/8AE-NKZ;docs/tuva/sodermanland/objektrapporter/8AE-NKZ.json
8AE-ZLT;Södermanland;Nyköping;1.6;Bete;2004-07-20;Ökna;https://etjanst.sjv.se/tuvaut/?f=&id=8AE-ZLT;https://etjanst.sjv.se/hagenpub/rest/base/object/8AE-ZLT;docs/tuva/sodermanland/objektrapporter/8AE-ZLT.json
8AE-ZRX;Södermanland;Gnesta;5.84;Bete;2004-08-05;Fastmyra 1;https://etjanst.sjv.se/tuvaut/?f=&id=8AE-ZRX;https://etjanst.sjv.se/hagenpub/rest/base/object/8AE-ZRX;docs/tuva/sodermanland/objektrapporter/8AE-ZRX.json
8AF-UPL;Södermanland;Eskilstuna;1.45;Bete;2002-09-12;Vi by4;https://etjanst.sjv.se/tuvaut/?f=&id=8AF-UPL;https://etjanst.sjv.se/hagenpub/rest/base/object/8AF-UPL;docs/tuva/sodermanland/objektrapporter/8AF-UPL.json
8B1-RJA;Södermanland;Gnesta;3.04;Bete;2003-08-12;Grandal;https://etjanst.sjv.se/tuvaut/?f=&id=8B1-RJA;https://etjanst.sjv.se/hagenpub/rest/base/object/8B1-RJA;docs/tuva/sodermanland/objektrapporter/8B1-RJA.json
8B2-BUU;Södermanland;Strängnäs;3.13;Bete;2004-08-25;Brunnsåker;https://etjanst.sjv.se/tuvaut/?f=&id=8B2-BUU;https://etjanst.sjv.se/hagenpub/rest/base/object/8B2-BUU;docs/tuva/sodermanland/objektrapporter/8B2-BUU.json
8B5-080;Södermanland;Nyköping;10.6;Bete;2002-04-25;;https://etjanst.sjv.se/tuvaut/?f=&id=8B5-080;https://etjanst.sjv.se/hagenpub/rest/base/object/8B5-080;docs/tuva/sodermanland/objektrapporter/8B5-080.json
8B5-IUC;Södermanland;Flen;0.14;Bete;2004-08-02;torp 2;https://etjanst.sjv.se/tuvaut/?f=&id=8B5-IUC;https://etjanst.sjv.se/hagenpub/rest/base/object/8B5-IUC;docs/tuva/sodermanland/objektrapporter/8B5-IUC.json
8B5-JAJ;Södermanland;Gnesta;0.33;Bete;2003-08-28;Herrökna 2;https://etjanst.sjv.se/tuvaut/?f=&id=8B5-JAJ;https://etjanst.sjv.se/hagenpub/rest/base/object/8B5-JAJ;docs/tuva/sodermanland/objektrapporter/8B5-JAJ.json
8B7-TMO;Södermanland;Eskilstuna;0.84;Restaurerbar;2003-07-02;Övernäs3;https://etjanst.sjv.se/tuvaut/?f=&id=8B7-TMO;https://etjanst.sjv.se/hagenpub/rest/base/object/8B7-TMO;docs/tuva/sodermanland/objektrapporter/8B7-TMO.json
8B8-XHV;Södermanland;Nyköping;3.49;Bete;2002-09-12;Snesta;https://etjanst.sjv.se/tuvaut/?f=&id=8B8-XHV;https://etjanst.sjv.se/hagenpub/rest/base/object/8B8-XHV;docs/tuva/sodermanland/objektrapporter/8B8-XHV.json
8B9-QVS;Södermanland;Flen;0.58;Bete;2003-09-30;Storhult2;https://etjanst.sjv.se/tuvaut/?f=&id=8B9-QVS;https://etjanst.sjv.se/hagenpub/rest/base/object/8B9-QVS;docs/tuva/sodermanland/objektrapporter/8B9-QVS.json
8BB-RSO;Södermanland;Gnesta;2.37;Bete;2004-06-28;Rösund 2;https://etjanst.sjv.se/tuvaut/?f=&id=8BB-RSO;https://etjanst.sjv.se/hagenpub/rest/base/object/8BB-RSO;docs/tuva/sodermanland/objektrapporter/8BB-RSO.json
8BC-IFU;Södermanland;Eskilstuna;1.27;Bete;2003-08-27;Torp2;https://etjanst.sjv.se/tuvaut/?f=&id=8BC-IFU;https://etjanst.sjv.se/hagenpub/rest/base/object/8BC-IFU;docs/tuva/sodermanland/objektrapporter/8BC-IFU.json
8BD-JHB;Södermanland;Katrineholm;2.49;Bete;2002-08-14;Dal 3;https://etjanst.sjv.se/tuvaut/?f=&id=8BD-JHB;https://etjanst.sjv.se/hagenpub/rest/base/object/8BD-JHB;docs/tuva/sodermanland/objektrapporter/8BD-JHB.json
8C0-KZG;Södermanland;Nyköping;3.51;Bete;2002-07-10;Fjälla;https://etjanst.sjv.se/tuvaut/?f=&id=8C0-KZG;https://etjanst.sjv.se/hagenpub/rest/base/object/8C0-KZG;docs/tuva/sodermanland/objektrapporter/8C0-KZG.json
8C1-JIF;Södermanland;Katrineholm;4.2;Bete;2004-05-27;speteby 2;https://etjanst.sjv.se/tuvaut/?f=&id=8C1-JIF;https://etjanst.sjv.se/hagenpub/rest/base/object/8C1-JIF;docs/tuva/sodermanland/objektrapporter/8C1-JIF.json
8C2-BLI;Södermanland;Gnesta;2.42;Bete;2004-06-10;Harlinge 3;https://etjanst.sjv.se/tuvaut/?f=&id=8C2-BLI;https://etjanst.sjv.se/hagenpub/rest/base/object/8C2-BLI;docs/tuva/sodermanland/objektrapporter/8C2-BLI.json
8C2-BXB;Södermanland;Katrineholm;2.57;Bete;2004-08-26;buddtorp 2;https://etjanst.sjv.se/tuvaut/?f=&id=8C2-BXB;https://etjanst.sjv.se/hagenpub/rest/base/object/8C2-BXB;docs/tuva/sodermanland/objektrapporter/8C2-BXB.json
8C2-DPV;Södermanland;Katrineholm;3.14;Ej aktuell;2003-06-05;Åsen 3;https://etjanst.sjv.se/tuvaut/?f=&id=8C2-DPV;https://etjanst.sjv.se/hagenpub/rest/base/object/8C2-DPV;docs/tuva/sodermanland/objektrapporter/8C2-DPV.json
8C2-PIK;Södermanland;Nyköping;1.3;Bete;2002-07-15;Hälla;https://etjanst.sjv.se/tuvaut/?f=&id=8C2-PIK;https://etjanst.sjv.se/hagenpub/rest/base/object/8C2-PIK;docs/tuva/sodermanland/objektrapporter/8C2-PIK.json
8C2-WOF;Södermanland;Flen;1.91;Bete;2003-09-22;;https://etjanst.sjv.se/tuvaut/?f=&id=8C2-WOF;https://etjanst.sjv.se/hagenpub/rest/base/object/8C2-WOF;docs/tuva/sodermanland/objektrapporter/8C2-WOF.json
8C5-ZEQ;Södermanland;Gnesta;4.03;Bete;2004-06-17;Lundby 1;https://etjanst.sjv.se/tuvaut/?f=&id=8C5-ZEQ;https://etjanst.sjv.se/hagenpub/rest/base/object/8C5-ZEQ;docs/tuva/sodermanland/objektrapporter/8C5-ZEQ.json
8C7-580;Södermanland;Katrineholm;6.35;Bete;2002-06-26;Hinnäs 3;https://etjanst.sjv.se/tuvaut/?f=&id=8C7-580;https://etjanst.sjv.se/hagenpub/rest/base/object/8C7-580;docs/tuva/sodermanland/objektrapporter/8C7-580.json
8C8-HUU;Södermanland;Nyköping;5.53;Bete;2002-07-20;;https://etjanst.sjv.se/tuvaut/?f=&id=8C8-HUU;https://etjanst.sjv.se/hagenpub/rest/base/object/8C8-HUU;docs/tuva/sodermanland/objektrapporter/8C8-HUU.json
8CC-180;Södermanland;Strängnäs;1.15;Bete;2002-06-14;Waxäng1;https://etjanst.sjv.se/tuvaut/?f=&id=8CC-180;https://etjanst.sjv.se/hagenpub/rest/base/object/8CC-180;docs/tuva/sodermanland/objektrapporter/8CC-180.json
8CD-HCR;Södermanland;Katrineholm;2.61;Bete;2004-08-31;österby;https://etjanst.sjv.se/tuvaut/?f=&id=8CD-HCR;https://etjanst.sjv.se/hagenpub/rest/base/object/8CD-HCR;docs/tuva/sodermanland/objektrapporter/8CD-HCR.json
8CF-E80;Södermanland;Katrineholm;0.9;Bete;2002-05-31;Albro 2;https://etjanst.sjv.se/tuvaut/?f=&id=8CF-E80;https://etjanst.sjv.se/hagenpub/rest/base/object/8CF-E80;docs/tuva/sodermanland/objektrapporter/8CF-E80.json
8D4-EQT;Södermanland;Nyköping;11.42;Bete;2003-06-26;Klippinge 1;https://etjanst.sjv.se/tuvaut/?f=&id=8D4-EQT;https://etjanst.sjv.se/hagenpub/rest/base/object/8D4-EQT;docs/tuva/sodermanland/objektrapporter/8D4-EQT.json
8D5-CIJ;Södermanland;Gnesta;2.17;Bete;2003-09-29;Värga;https://etjanst.sjv.se/tuvaut/?f=&id=8D5-CIJ;https://etjanst.sjv.se/hagenpub/rest/base/object/8D5-CIJ;docs/tuva/sodermanland/objektrapporter/8D5-CIJ.json
8D5-JGB;Södermanland;Katrineholm;5.48;Bete;2002-08-07;Karlslund;https://etjanst.sjv.se/tuvaut/?f=&id=8D5-JGB;https://etjanst.sjv.se/hagenpub/rest/base/object/8D5-JGB;docs/tuva/sodermanland/objektrapporter/8D5-JGB.json
8D8-CPI;Södermanland;Gnesta;5.37;Bete;2004-07-01;Björnlundagården;https://etjanst.sjv.se/tuvaut/?f=&id=8D8-CPI;https://etjanst.sjv.se/hagenpub/rest/base/object/8D8-CPI;docs/tuva/sodermanland/objektrapporter/8D8-CPI.json
8D8-LJP;Södermanland;Flen;7.48;Bete;2004-07-06;;https://etjanst.sjv.se/tuvaut/?f=&id=8D8-LJP;https://etjanst.sjv.se/hagenpub/rest/base/object/8D8-LJP;docs/tuva/sodermanland/objektrapporter/8D8-LJP.json
8D8-LWX;Södermanland;Strängnäs;4.28;Bete;2002-07-12;Edeby Säteri1;https://etjanst.sjv.se/tuvaut/?f=&id=8D8-LWX;https://etjanst.sjv.se/hagenpub/rest/base/object/8D8-LWX;docs/tuva/sodermanland/objektrapporter/8D8-LWX.json
8D9-BZO;Södermanland;Oxelösund;4.75;Bete;2002-07-12;Stjärnholm;https://etjanst.sjv.se/tuvaut/?f=&id=8D9-BZO;https://etjanst.sjv.se/hagenpub/rest/base/object/8D9-BZO;docs/tuva/sodermanland/objektrapporter/8D9-BZO.json
8DB-LIL;Södermanland;Eskilstuna;3.46;Ej aktuell;2002-08-26;Smedstorp;https://etjanst.sjv.se/tuvaut/?f=&id=8DB-LIL;https://etjanst.sjv.se/hagenpub/rest/base/object/8DB-LIL;docs/tuva/sodermanland/objektrapporter/8DB-LIL.json
8DB-QHQ;Södermanland;Katrineholm;2.3;Ej aktuell;2003-06-05;Åsen 4;https://etjanst.sjv.se/tuvaut/?f=&id=8DB-QHQ;https://etjanst.sjv.se/hagenpub/rest/base/object/8DB-QHQ;docs/tuva/sodermanland/objektrapporter/8DB-QHQ.json
8DB-TMO;Södermanland;Gnesta;0.38;Bete;2004-09-16;jägerdal 2;https://etjanst.sjv.se/tuvaut/?f=&id=8DB-TMO;https://etjanst.sjv.se/hagenpub/rest/base/object/8DB-TMO;docs/tuva/sodermanland/objektrapporter/8DB-TMO.json
8DC-180;Södermanland;Katrineholm;6.99;Bete;2002-07-03;Remrödstorp;https://etjanst.sjv.se/tuvaut/?f=&id=8DC-180;https://etjanst.sjv.se/hagenpub/rest/base/object/8DC-180;docs/tuva/sodermanland/objektrapporter/8DC-180.json
8DD-MBG;Södermanland;Gnesta;2.45;Bete;2003-09-29;Viby 8;https://etjanst.sjv.se/tuvaut/?f=&id=8DD-MBG;https://etjanst.sjv.se/hagenpub/rest/base/object/8DD-MBG;docs/tuva/sodermanland/objektrapporter/8DD-MBG.json
8DF-800;Södermanland;Strängnäs;2.2;Bete;2002-06-17;Åkerby1;https://etjanst.sjv.se/tuvaut/?f=&id=8DF-800;https://etjanst.sjv.se/hagenpub/rest/base/object/8DF-800;docs/tuva/sodermanland/objektrapporter/8DF-800.json
8DF-CGM;Södermanland;Vingåker;1.17;Bete;2003-09-07;;https://etjanst.sjv.se/tuvaut/?f=&id=8DF-CGM;https://etjanst.sjv.se/hagenpub/rest/base/object/8DF-CGM;docs/tuva/sodermanland/objektrapporter/8DF-CGM.json
8E0-JRT;Södermanland;Katrineholm;6.1;Bete;2004-06-12;himlinge 3;https://etjanst.sjv.se/tuvaut/?f=&id=8E0-JRT;https://etjanst.sjv.se/hagenpub/rest/base/object/8E0-JRT;docs/tuva/sodermanland/objektrapporter/8E0-JRT.json
8E0-SPS;Södermanland;Katrineholm;0.86;Bete;2003-07-03;Månstorp;https://etjanst.sjv.se/tuvaut/?f=&id=8E0-SPS;https://etjanst.sjv.se/hagenpub/rest/base/object/8E0-SPS;docs/tuva/sodermanland/objektrapporter/8E0-SPS.json
8E1-HOH;Södermanland;Flen;3.38;Bete;2004-08-20;Ådön;https://etjanst.sjv.se/tuvaut/?f=&id=8E1-HOH;https://etjanst.sjv.se/hagenpub/rest/base/object/8E1-HOH;docs/tuva/sodermanland/objektrapporter/8E1-HOH.json
8E6-VXK;Södermanland;Flen;3.12;Bete;2003-07-01;Baggetorp 2;https://etjanst.sjv.se/tuvaut/?f=&id=8E6-VXK;https://etjanst.sjv.se/hagenpub/rest/base/object/8E6-VXK;docs/tuva/sodermanland/objektrapporter/8E6-VXK.json
8E8-WBTD;Södermanland;Katrineholm;4.85;Bete;2004-07-27;brynstorp 2;https://etjanst.sjv.se/tuvaut/?f=&id=8E8-WBTD;https://etjanst.sjv.se/hagenpub/rest/base/object/8E8-WBTD;docs/tuva/sodermanland/objektrapporter/8E8-WBTD.json
8EB-GVH;Södermanland;Eskilstuna;1.21;Bete;2003-08-26;Ryttersberg3;https://etjanst.sjv.se/tuvaut/?f=&id=8EB-GVH;https://etjanst.sjv.se/hagenpub/rest/base/object/8EB-GVH;docs/tuva/sodermanland/objektrapporter/8EB-GVH.json
8EB-GVK;Södermanland;Gnesta;17.7;Ej aktuell;2004-06-04;Kolke 1;https://etjanst.sjv.se/tuvaut/?f=&id=8EB-GVK;https://etjanst.sjv.se/hagenpub/rest/base/object/8EB-GVK;docs/tuva/sodermanland/objektrapporter/8EB-GVK.json
8EC-WSW;Södermanland;Nyköping;2.02;Bete;2004-08-25;Bergatorp 2;https://etjanst.sjv.se/tuvaut/?f=&id=8EC-WSW;https://etjanst.sjv.se/hagenpub/rest/base/object/8EC-WSW;docs/tuva/sodermanland/objektrapporter/8EC-WSW.json
8ED-ZBO;Södermanland;Eskilstuna;0.37;Bete;2003-05-30;Ribbingelund3;https://etjanst.sjv.se/tuvaut/?f=&id=8ED-ZBO;https://etjanst.sjv.se/hagenpub/rest/base/object/8ED-ZBO;docs/tuva/sodermanland/objektrapporter/8ED-ZBO.json
8EE-QXI;Södermanland;Vingåker;0.32;Bete;2003-08-17;;https://etjanst.sjv.se/tuvaut/?f=&id=8EE-QXI;https://etjanst.sjv.se/hagenpub/rest/base/object/8EE-QXI;docs/tuva/sodermanland/objektrapporter/8EE-QXI.json
8F0-XZA;Södermanland;Eskilstuna;2.68;Bete;2003-06-30;Berga-Lista4;https://etjanst.sjv.se/tuvaut/?f=&id=8F0-XZA;https://etjanst.sjv.se/hagenpub/rest/base/object/8F0-XZA;docs/tuva/sodermanland/objektrapporter/8F0-XZA.json
8F1-LDU;Södermanland;Strängnäs;2.15;Restaurerbar;2002-07-15;Björnvad5;https://etjanst.sjv.se/tuvaut/?f=&id=8F1-LDU;https://etjanst.sjv.se/hagenpub/rest/base/object/8F1-LDU;docs/tuva/sodermanland/objektrapporter/8F1-LDU.json
8F2-WEO;Södermanland;Flen;2.75;Bete;2003-08-01;Yxtaholm 4;https://etjanst.sjv.se/tuvaut/?f=&id=8F2-WEO;https://etjanst.sjv.se/hagenpub/rest/base/object/8F2-WEO;docs/tuva/sodermanland/objektrapporter/8F2-WEO.json
8F3-UBL;Södermanland;Nyköping;2.75;Bete;2004-08-19;Ingelsta 2;https://etjanst.sjv.se/tuvaut/?f=&id=8F3-UBL;https://etjanst.sjv.se/hagenpub/rest/base/object/8F3-UBL;docs/tuva/sodermanland/objektrapporter/8F3-UBL.json
8F5-080;Södermanland;Eskilstuna;0.81;Restaurerbar;2002-05-14;Stora Tjärbruket;https://etjanst.sjv.se/tuvaut/?f=&id=8F5-080;https://etjanst.sjv.se/hagenpub/rest/base/object/8F5-080;docs/tuva/sodermanland/objektrapporter/8F5-080.json
8F5-MAB;Södermanland;Strängnäs;9.05;Bete;2002-08-05;Stora Sundby2;https://etjanst.sjv.se/tuvaut/?f=&id=8F5-MAB;https://etjanst.sjv.se/hagenpub/rest/base/object/8F5-MAB;docs/tuva/sodermanland/objektrapporter/8F5-MAB.json
8F5-PBK;Södermanland;Nyköping;5.69;Äng;2002-07-20;;https://etjanst.sjv.se/tuvaut/?f=&id=8F5-PBK;https://etjanst.sjv.se/hagenpub/rest/base/object/8F5-PBK;docs/tuva/sodermanland/objektrapporter/8F5-PBK.json
8F6-080;Södermanland;Trosa;7.85;Restaurerbar;2002-05-04;;https://etjanst.sjv.se/tuvaut/?f=&id=8F6-080;https://etjanst.sjv.se/hagenpub/rest/base/object/8F6-080;docs/tuva/sodermanland/objektrapporter/8F6-080.json
8F6-EPP;Södermanland;Eskilstuna;1.57;Bete;2003-09-02;Långkärr2;https://etjanst.sjv.se/tuvaut/?f=&id=8F6-EPP;https://etjanst.sjv.se/hagenpub/rest/base/object/8F6-EPP;docs/tuva/sodermanland/objektrapporter/8F6-EPP.json
8FA-SNP;Södermanland;Nyköping;1.87;Restaurerbar;2002-07-20;;https://etjanst.sjv.se/tuvaut/?f=&id=8FA-SNP;https://etjanst.sjv.se/hagenpub/rest/base/object/8FA-SNP;docs/tuva/sodermanland/objektrapporter/8FA-SNP.json
8FC-PLE;Södermanland;Eskilstuna;0.76;Bete;2003-06-16;Stavtorp1;https://etjanst.sjv.se/tuvaut/?f=&id=8FC-PLE;https://etjanst.sjv.se/hagenpub/rest/base/object/8FC-PLE;docs/tuva/sodermanland/objektrapporter/8FC-PLE.json
8FE-WDW;Södermanland;Katrineholm;0.88;Bete;2003-07-12;Bjäsätterstorp 3;https://etjanst.sjv.se/tuvaut/?f=&id=8FE-WDW;https://etjanst.sjv.se/hagenpub/rest/base/object/8FE-WDW;docs/tuva/sodermanland/objektrapporter/8FE-WDW.json
8FE-YVK;Södermanland;Gnesta;2.13;Bete;2003-09-11;Hammersta 4;https://etjanst.sjv.se/tuvaut/?f=&id=8FE-YVK;https://etjanst.sjv.se/hagenpub/rest/base/object/8FE-YVK;docs/tuva/sodermanland/objektrapporter/8FE-YVK.json
8FF-900;Södermanland;Strängnäs;1.56;Bete;2002-06-12;Klahammar3;https://etjanst.sjv.se/tuvaut/?f=&id=8FF-900;https://etjanst.sjv.se/hagenpub/rest/base/object/8FF-900;docs/tuva/sodermanland/objektrapporter/8FF-900.json
8FF-UAA;Södermanland;Strängnäs;3.7;Bete;2002-07-29;Söderlänna1;https://etjanst.sjv.se/tuvaut/?f=&id=8FF-UAA;https://etjanst.sjv.se/hagenpub/rest/base/object/8FF-UAA;docs/tuva/sodermanland/objektrapporter/8FF-UAA.json
900-480;Södermanland;Nyköping;4.33;Bete;2002-07-01;Gärdesta;https://etjanst.sjv.se/tuvaut/?f=&id=900-480;https://etjanst.sjv.se/hagenpub/rest/base/object/900-480;docs/tuva/sodermanland/objektrapporter/900-480.json
900-JUB;Södermanland;Nyköping;1.5;Bete;2002-08-08;Ärsta;https://etjanst.sjv.se/tuvaut/?f=&id=900-JUB;https://etjanst.sjv.se/hagenpub/rest/base/object/900-JUB;docs/tuva/sodermanland/objektrapporter/900-JUB.json
906-KKJ;Södermanland;Gnesta;4.29;Bete;2004-09-17;södertuna extra 2;https://etjanst.sjv.se/tuvaut/?f=&id=906-KKJ;https://etjanst.sjv.se/hagenpub/rest/base/object/906-KKJ;docs/tuva/sodermanland/objektrapporter/906-KKJ.json
90C-UTQ;Södermanland;Katrineholm;7.24;Bete;2003-05-20;Solberga 1;https://etjanst.sjv.se/tuvaut/?f=&id=90C-UTQ;https://etjanst.sjv.se/hagenpub/rest/base/object/90C-UTQ;docs/tuva/sodermanland/objektrapporter/90C-UTQ.json
910-LML;Södermanland;Eskilstuna;1.11;Bete;2003-07-07;Åltorp-Hästfall;https://etjanst.sjv.se/tuvaut/?f=&id=910-LML;https://etjanst.sjv.se/hagenpub/rest/base/object/910-LML;docs/tuva/sodermanland/objektrapporter/910-LML.json
910-NMR;Södermanland;Gnesta;2.37;Ej aktuell;2004-06-17;Lilla Brandsbol 6;https://etjanst.sjv.se/tuvaut/?f=&id=910-NMR;https://etjanst.sjv.se/hagenpub/rest/base/object/910-NMR;docs/tuva/sodermanland/objektrapporter/910-NMR.json
911-VUF;Södermanland;Strängnäs;0.7;Bete;2002-07-18;Vretstugan1;https://etjanst.sjv.se/tuvaut/?f=&id=911-VUF;https://etjanst.sjv.se/hagenpub/rest/base/object/911-VUF;docs/tuva/sodermanland/objektrapporter/911-VUF.json
913-TKS;Södermanland;Strängnäs;21.0;Bete;2002-07-11;Roteby;https://etjanst.sjv.se/tuvaut/?f=&id=913-TKS;https://etjanst.sjv.se/hagenpub/rest/base/object/913-TKS;docs/tuva/sodermanland/objektrapporter/913-TKS.json
913-UIJ;Södermanland;Gnesta;2.61;Bete;2004-06-17;Lundby 2;https://etjanst.sjv.se/tuvaut/?f=&id=913-UIJ;https://etjanst.sjv.se/hagenpub/rest/base/object/913-UIJ;docs/tuva/sodermanland/objektrapporter/913-UIJ.json
914-QXO;Södermanland;Flen;0.9;Bete;2003-09-09;Ökna2;https://etjanst.sjv.se/tuvaut/?f=&id=914-QXO;https://etjanst.sjv.se/hagenpub/rest/base/object/914-QXO;docs/tuva/sodermanland/objektrapporter/914-QXO.json
916-ZLO;Södermanland;Nyköping;2.88;Bete;2002-08-08;Öv. Skälby;https://etjanst.sjv.se/tuvaut/?f=&id=916-ZLO;https://etjanst.sjv.se/hagenpub/rest/base/object/916-ZLO;docs/tuva/sodermanland/objektrapporter/916-ZLO.json
918-NPL;Södermanland;Katrineholm;2.0;Ej aktuell;2004-07-20;röudden;https://etjanst.sjv.se/tuvaut/?f=&id=918-NPL;https://etjanst.sjv.se/hagenpub/rest/base/object/918-NPL;docs/tuva/sodermanland/objektrapporter/918-NPL.json
919-ERC;Södermanland;Nyköping;1.34;Bete;2003-06-11;Svärta Gård 1;https://etjanst.sjv.se/tuvaut/?f=&id=919-ERC;https://etjanst.sjv.se/hagenpub/rest/base/object/919-ERC;docs/tuva/sodermanland/objektrapporter/919-ERC.json
91B-880;Södermanland;Strängnäs;8.72;Bete;2002-06-24;Rosendal2;https://etjanst.sjv.se/tuvaut/?f=&id=91B-880;https://etjanst.sjv.se/hagenpub/rest/base/object/91B-880;docs/tuva/sodermanland/objektrapporter/91B-880.json
91C-F00;Södermanland;Nyköping;3.67;Bete;2002-07-04;Måstena, Lervik;https://etjanst.sjv.se/tuvaut/?f=&id=91C-F00;https://etjanst.sjv.se/hagenpub/rest/base/object/91C-F00;docs/tuva/sodermanland/objektrapporter/91C-F00.json
91C-YXU;Södermanland;Flen;1.66;Bete;2004-06-29;Slaggärdet 2;https://etjanst.sjv.se/tuvaut/?f=&id=91C-YXU;https://etjanst.sjv.se/hagenpub/rest/base/object/91C-YXU;docs/tuva/sodermanland/objektrapporter/91C-YXU.json
91D-D00;Södermanland;Nyköping;1.66;Restaurerbar;2002-06-28;Björksund;https://etjanst.sjv.se/tuvaut/?f=&id=91D-D00;https://etjanst.sjv.se/hagenpub/rest/base/object/91D-D00;docs/tuva/sodermanland/objektrapporter/91D-D00.json
91D-NYE;Södermanland;Katrineholm;2.08;Bete;2004-05-27;fimta 2;https://etjanst.sjv.se/tuvaut/?f=&id=91D-NYE;https://etjanst.sjv.se/hagenpub/rest/base/object/91D-NYE;docs/tuva/sodermanland/objektrapporter/91D-NYE.json
91E-GCG;Södermanland;Nyköping;9.19;Bete;2003-06-04;Ballersta;https://etjanst.sjv.se/tuvaut/?f=&id=91E-GCG;https://etjanst.sjv.se/hagenpub/rest/base/object/91E-GCG;docs/tuva/sodermanland/objektrapporter/91E-GCG.json
923-BBV;Södermanland;Eskilstuna;1.34;Bete;2004-09-01;Knutsta 4;https://etjanst.sjv.se/tuvaut/?f=&id=923-BBV;https://etjanst.sjv.se/hagenpub/rest/base/object/923-BBV;docs/tuva/sodermanland/objektrapporter/923-BBV.json
923-PVD;Södermanland;Eskilstuna;1.09;Bete;2003-07-23;Hägran3;https://etjanst.sjv.se/tuvaut/?f=&id=923-PVD;https://etjanst.sjv.se/hagenpub/rest/base/object/923-PVD;docs/tuva/sodermanland/objektrapporter/923-PVD.json
923-VBP;Södermanland;Eskilstuna;7.79;Bete;2003-07-09;Harby;https://etjanst.sjv.se/tuvaut/?f=&id=923-VBP;https://etjanst.sjv.se/hagenpub/rest/base/object/923-VBP;docs/tuva/sodermanland/objektrapporter/923-VBP.json
925-VXZ;Södermanland;Strängnäs;2.16;Restaurerbar;2002-07-15;Björnvad3;https://etjanst.sjv.se/tuvaut/?f=&id=925-VXZ;https://etjanst.sjv.se/hagenpub/rest/base/object/925-VXZ;docs/tuva/sodermanland/objektrapporter/925-VXZ.json
926-KPG;Södermanland;Eskilstuna;15.65;Bete;2002-09-12;Vi by5;https://etjanst.sjv.se/tuvaut/?f=&id=926-KPG;https://etjanst.sjv.se/hagenpub/rest/base/object/926-KPG;docs/tuva/sodermanland/objektrapporter/926-KPG.json
929-QEP;Södermanland;Trosa;0.18;Bete;2004-05-12;Örboholm 5;https://etjanst.sjv.se/tuvaut/?f=&id=929-QEP;https://etjanst.sjv.se/hagenpub/rest/base/object/929-QEP;docs/tuva/sodermanland/objektrapporter/929-QEP.json
92A-NIE;Södermanland;Katrineholm;6.3;Bete;2002-08-14;Dal 2;https://etjanst.sjv.se/tuvaut/?f=&id=92A-NIE;https://etjanst.sjv.se/hagenpub/rest/base/object/92A-NIE;docs/tuva/sodermanland/objektrapporter/92A-NIE.json
92A-TCB;Södermanland;Trosa;3.4;Bete;2004-05-26;Nora 2;https://etjanst.sjv.se/tuvaut/?f=&id=92A-TCB;https://etjanst.sjv.se/hagenpub/rest/base/object/92A-TCB;docs/tuva/sodermanland/objektrapporter/92A-TCB.json
92B-SYA;Södermanland;Katrineholm;0.62;Bete;2004-05-28;valla, gunnarsdal 1;https://etjanst.sjv.se/tuvaut/?f=&id=92B-SYA;https://etjanst.sjv.se/hagenpub/rest/base/object/92B-SYA;docs/tuva/sodermanland/objektrapporter/92B-SYA.json
92E-FRC;Södermanland;Katrineholm;3.54;Bete;2004-07-15;s granhed 4;https://etjanst.sjv.se/tuvaut/?f=&id=92E-FRC;https://etjanst.sjv.se/hagenpub/rest/base/object/92E-FRC;docs/tuva/sodermanland/objektrapporter/92E-FRC.json
92F-FHU;Södermanland;Katrineholm;6.44;Bete;2003-05-20;Lundsjö 3;https://etjanst.sjv.se/tuvaut/?f=&id=92F-FHU;https://etjanst.sjv.se/hagenpub/rest/base/object/92F-FHU;docs/tuva/sodermanland/objektrapporter/92F-FHU.json
930-DQJ;Södermanland;Katrineholm;1.49;Bete;2003-09-11;Julita 2;https://etjanst.sjv.se/tuvaut/?f=&id=930-DQJ;https://etjanst.sjv.se/hagenpub/rest/base/object/930-DQJ;docs/tuva/sodermanland/objektrapporter/930-DQJ.json
932-WPR;Södermanland;Flen;0.3;Bete;2004-08-02;Kramnäs 3;https://etjanst.sjv.se/tuvaut/?f=&id=932-WPR;https://etjanst.sjv.se/hagenpub/rest/base/object/932-WPR;docs/tuva/sodermanland/objektrapporter/932-WPR.json
933-VIU;Södermanland;Nyköping;3.67;Bete;2004-09-09;Sandvik;https://etjanst.sjv.se/tuvaut/?f=&id=933-VIU;https://etjanst.sjv.se/hagenpub/rest/base/object/933-VIU;docs/tuva/sodermanland/objektrapporter/933-VIU.json
934-TOE;Södermanland;Nyköping;2.65;Bete;2003-09-10;Harsta 1;https://etjanst.sjv.se/tuvaut/?f=&id=934-TOE;https://etjanst.sjv.se/hagenpub/rest/base/object/934-TOE;docs/tuva/sodermanland/objektrapporter/934-TOE.json
934-VIV;Södermanland;Nyköping;1.68;Bete;2002-07-12;Stora Flättna;https://etjanst.sjv.se/tuvaut/?f=&id=934-VIV;https://etjanst.sjv.se/hagenpub/rest/base/object/934-VIV;docs/tuva/sodermanland/objektrapporter/934-VIV.json
938-ZMY;Södermanland;Gnesta;3.01;Bete;2003-08-13;Åbosätter 1;https://etjanst.sjv.se/tuvaut/?f=&id=938-ZMY;https://etjanst.sjv.se/hagenpub/rest/base/object/938-ZMY;docs/tuva/sodermanland/objektrapporter/938-ZMY.json
93A-BTK;Södermanland;Eskilstuna;4.79;Bete;2003-06-03;Fiskartorp2;https://etjanst.sjv.se/tuvaut/?f=&id=93A-BTK;https://etjanst.sjv.se/hagenpub/rest/base/object/93A-BTK;docs/tuva/sodermanland/objektrapporter/93A-BTK.json
93A-LWW;Södermanland;Trosa;12.33;Bete;2004-05-18;Ekebonäs 2;https://etjanst.sjv.se/tuvaut/?f=&id=93A-LWW;https://etjanst.sjv.se/hagenpub/rest/base/object/93A-LWW;docs/tuva/sodermanland/objektrapporter/93A-LWW.json
93A-VCN;Södermanland;Trosa;3.89;Bete;2004-08-05;Borsö 1;https://etjanst.sjv.se/tuvaut/?f=&id=93A-VCN;https://etjanst.sjv.se/hagenpub/rest/base/object/93A-VCN;docs/tuva/sodermanland/objektrapporter/93A-VCN.json
93B-JHB;Södermanland;Nyköping;5.55;Bete;2003-06-05;Eneby 1;https://etjanst.sjv.se/tuvaut/?f=&id=93B-JHB;https://etjanst.sjv.se/hagenpub/rest/base/object/93B-JHB;docs/tuva/sodermanland/objektrapporter/93B-JHB.json
93D-RCO;Södermanland;Katrineholm;1.47;Bete;2004-09-15;Årsta;https://etjanst.sjv.se/tuvaut/?f=&id=93D-RCO;https://etjanst.sjv.se/hagenpub/rest/base/object/93D-RCO;docs/tuva/sodermanland/objektrapporter/93D-RCO.json
93E-200;Södermanland;Flen;6.26;Bete;2002-05-07;Transätter;https://etjanst.sjv.se/tuvaut/?f=&id=93E-200;https://etjanst.sjv.se/hagenpub/rest/base/object/93E-200;docs/tuva/sodermanland/objektrapporter/93E-200.json
940-PNH;Södermanland;Strängnäs;0.54;Bete;2004-04-16;Stenby 2;https://etjanst.sjv.se/tuvaut/?f=&id=940-PNH;https://etjanst.sjv.se/hagenpub/rest/base/object/940-PNH;docs/tuva/sodermanland/objektrapporter/940-PNH.json
940-QXC;Södermanland;Nyköping;3.15;Bete;2002-08-13;Västra Segersta;https://etjanst.sjv.se/tuvaut/?f=&id=940-QXC;https://etjanst.sjv.se/hagenpub/rest/base/object/940-QXC;docs/tuva/sodermanland/objektrapporter/940-QXC.json
941-GSV;Södermanland;Katrineholm;0.53;Bete;2003-06-05;Råmbol 3;https://etjanst.sjv.se/tuvaut/?f=&id=941-GSV;https://etjanst.sjv.se/hagenpub/rest/base/object/941-GSV;docs/tuva/sodermanland/objektrapporter/941-GSV.json
942-CTB;Södermanland;Katrineholm;6.93;Bete;2002-07-09;Mosstorp;https://etjanst.sjv.se/tuvaut/?f=&id=942-CTB;https://etjanst.sjv.se/hagenpub/rest/base/object/942-CTB;docs/tuva/sodermanland/objektrapporter/942-CTB.json
942-ROG;Södermanland;Flen;0.11;Bete;2004-09-01;torp extra 3;https://etjanst.sjv.se/tuvaut/?f=&id=942-ROG;https://etjanst.sjv.se/hagenpub/rest/base/object/942-ROG;docs/tuva/sodermanland/objektrapporter/942-ROG.json
943-AZW;Södermanland;Nyköping;15.38;Bete;2003-06-03;Råttninge, Grabbetorp;https://etjanst.sjv.se/tuvaut/?f=&id=943-AZW;https://etjanst.sjv.se/hagenpub/rest/base/object/943-AZW;docs/tuva/sodermanland/objektrapporter/943-AZW.json
943-QUP;Södermanland;Nyköping;2.55;Bete;2004-06-07;Västra Malma 5;https://etjanst.sjv.se/tuvaut/?f=&id=943-QUP;https://etjanst.sjv.se/hagenpub/rest/base/object/943-QUP;docs/tuva/sodermanland/objektrapporter/943-QUP.json
944-NID;Södermanland;Strängnäs;1.17;Bete;2002-12-17;Söderlänna4;https://etjanst.sjv.se/tuvaut/?f=&id=944-NID;https://etjanst.sjv.se/hagenpub/rest/base/object/944-NID;docs/tuva/sodermanland/objektrapporter/944-NID.json
946-JWZ;Södermanland;Katrineholm;1.12;Bete;2003-07-02;Frutäppan 1:3;https://etjanst.sjv.se/tuvaut/?f=&id=946-JWZ;https://etjanst.sjv.se/hagenpub/rest/base/object/946-JWZ;docs/tuva/sodermanland/objektrapporter/946-JWZ.json
946-QQQ;Södermanland;Nyköping;10.3;Bete;2003-05-27;Helgesta;https://etjanst.sjv.se/tuvaut/?f=&id=946-QQQ;https://etjanst.sjv.se/hagenpub/rest/base/object/946-QQQ;docs/tuva/sodermanland/objektrapporter/946-QQQ.json
94B-500;Södermanland;Nyköping;0.16;Restaurerbar;2002-06-17;Visätter, Tuna;https://etjanst.sjv.se/tuvaut/?f=&id=94B-500;https://etjanst.sjv.se/hagenpub/rest/base/object/94B-500;docs/tuva/sodermanland/objektrapporter/94B-500.json
94C-QFK;Södermanland;Katrineholm;5.28;Bete;2003-05-21;Lundsjö 5;https://etjanst.sjv.se/tuvaut/?f=&id=94C-QFK;https://etjanst.sjv.se/hagenpub/rest/base/object/94C-QFK;docs/tuva/sodermanland/objektrapporter/94C-QFK.json
94D-BMS;Södermanland;Eskilstuna;3.25;Restaurerbar;2002-09-06;Konungsö2;https://etjanst.sjv.se/tuvaut/?f=&id=94D-BMS;https://etjanst.sjv.se/hagenpub/rest/base/object/94D-BMS;docs/tuva/sodermanland/objektrapporter/94D-BMS.json
94D-EJA;Södermanland;Strängnäs;3.06;Bete;2002-07-10;Hesselbyholm1;https://etjanst.sjv.se/tuvaut/?f=&id=94D-EJA;https://etjanst.sjv.se/hagenpub/rest/base/object/94D-EJA;docs/tuva/sodermanland/objektrapporter/94D-EJA.json
94D-GLD;Södermanland;Nyköping;3.63;Bete;2004-06-11;Onsberga;https://etjanst.sjv.se/tuvaut/?f=&id=94D-GLD;https://etjanst.sjv.se/hagenpub/rest/base/object/94D-GLD;docs/tuva/sodermanland/objektrapporter/94D-GLD.json
94E-EYR;Södermanland;Katrineholm;2.59;Bete;2002-08-12;Myrkärr;https://etjanst.sjv.se/tuvaut/?f=&id=94E-EYR;https://etjanst.sjv.se/hagenpub/rest/base/object/94E-EYR;docs/tuva/sodermanland/objektrapporter/94E-EYR.json
952-AWR;Södermanland;Gnesta;1.47;Bete;2004-06-02;Torvsätter 2;https://etjanst.sjv.se/tuvaut/?f=&id=952-AWR;https://etjanst.sjv.se/hagenpub/rest/base/object/952-AWR;docs/tuva/sodermanland/objektrapporter/952-AWR.json
952-SQB;Södermanland;Eskilstuna;4.59;Restaurerbar;2002-09-09;Annero2;https://etjanst.sjv.se/tuvaut/?f=&id=952-SQB;https://etjanst.sjv.se/hagenpub/rest/base/object/952-SQB;docs/tuva/sodermanland/objektrapporter/952-SQB.json
952-XNQ;Södermanland;Vingåker;2.71;Bete;2003-09-05;;https://etjanst.sjv.se/tuvaut/?f=&id=952-XNQ;https://etjanst.sjv.se/hagenpub/rest/base/object/952-XNQ;docs/tuva/sodermanland/objektrapporter/952-XNQ.json
953-JFA;Södermanland;Strängnäs;1.16;Restaurerbar;2002-07-17;Lilla Hasta;https://etjanst.sjv.se/tuvaut/?f=&id=953-JFA;https://etjanst.sjv.se/hagenpub/rest/base/object/953-JFA;docs/tuva/sodermanland/objektrapporter/953-JFA.json
954-DQD;Södermanland;Nyköping;2.99;Bete;2002-08-27;Hagaberg;https://etjanst.sjv.se/tuvaut/?f=&id=954-DQD;https://etjanst.sjv.se/hagenpub/rest/base/object/954-DQD;docs/tuva/sodermanland/objektrapporter/954-DQD.json
957-TOJ;Södermanland;Gnesta;4.99;Bete;2004-06-09;Hårby 2;https://etjanst.sjv.se/tuvaut/?f=&id=957-TOJ;https://etjanst.sjv.se/hagenpub/rest/base/object/957-TOJ;docs/tuva/sodermanland/objektrapporter/957-TOJ.json
957-YTP;Södermanland;Katrineholm;6.55;Bete;2002-07-06;Vitmossen;https://etjanst.sjv.se/tuvaut/?f=&id=957-YTP;https://etjanst.sjv.se/hagenpub/rest/base/object/957-YTP;docs/tuva/sodermanland/objektrapporter/957-YTP.json
95A-FOT;Södermanland;Gnesta;11.98;Restaurerbar;2004-07-01;Karlsta 1;https://etjanst.sjv.se/tuvaut/?f=&id=95A-FOT;https://etjanst.sjv.se/hagenpub/rest/base/object/95A-FOT;docs/tuva/sodermanland/objektrapporter/95A-FOT.json
95C-TSD;Södermanland;Nyköping;0.67;Bete;2004-08-19;Stockbäcken 1;https://etjanst.sjv.se/tuvaut/?f=&id=95C-TSD;https://etjanst.sjv.se/hagenpub/rest/base/object/95C-TSD;docs/tuva/sodermanland/objektrapporter/95C-TSD.json
95C-WYZ;Södermanland;Katrineholm;10.74;Bete;2003-07-03;Geteboda;https://etjanst.sjv.se/tuvaut/?f=&id=95C-WYZ;https://etjanst.sjv.se/hagenpub/rest/base/object/95C-WYZ;docs/tuva/sodermanland/objektrapporter/95C-WYZ.json
95D-DOS;Södermanland;Eskilstuna;4.18;Bete;2003-08-25;Knutstorp2;https://etjanst.sjv.se/tuvaut/?f=&id=95D-DOS;https://etjanst.sjv.se/hagenpub/rest/base/object/95D-DOS;docs/tuva/sodermanland/objektrapporter/95D-DOS.json
95D-LJP;Södermanland;Nyköping;25.13;Bete;2002-07-09;;https://etjanst.sjv.se/tuvaut/?f=&id=95D-LJP;https://etjanst.sjv.se/hagenpub/rest/base/object/95D-LJP;docs/tuva/sodermanland/objektrapporter/95D-LJP.json
95F-ENM;Södermanland;Flen;1.9;Bete;2003-09-09;Berga;https://etjanst.sjv.se/tuvaut/?f=&id=95F-ENM;https://etjanst.sjv.se/hagenpub/rest/base/object/95F-ENM;docs/tuva/sodermanland/objektrapporter/95F-ENM.json
95F-KEX;Södermanland;Gnesta;6.09;Bete;2004-06-09;Hårby 5;https://etjanst.sjv.se/tuvaut/?f=&id=95F-KEX;https://etjanst.sjv.se/hagenpub/rest/base/object/95F-KEX;docs/tuva/sodermanland/objektrapporter/95F-KEX.json
95F-PXG;Södermanland;Flen;5.22;Bete;2004-06-23;Missingstorp;https://etjanst.sjv.se/tuvaut/?f=&id=95F-PXG;https://etjanst.sjv.se/hagenpub/rest/base/object/95F-PXG;docs/tuva/sodermanland/objektrapporter/95F-PXG.json
961-IGY;Södermanland;Flen;8.1;Bete;2003-09-29;Långdunker;https://etjanst.sjv.se/tuvaut/?f=&id=961-IGY;https://etjanst.sjv.se/hagenpub/rest/base/object/961-IGY;docs/tuva/sodermanland/objektrapporter/961-IGY.json
961-WMQ;Södermanland;Strängnäs;1.83;Bete;2002-07-19;Björktorp2;https://etjanst.sjv.se/tuvaut/?f=&id=961-WMQ;https://etjanst.sjv.se/hagenpub/rest/base/object/961-WMQ;docs/tuva/sodermanland/objektrapporter/961-WMQ.json
962-HFZ;Södermanland;Katrineholm;7.77;Bete;2004-05-26;tavesta;https://etjanst.sjv.se/tuvaut/?f=&id=962-HFZ;https://etjanst.sjv.se/hagenpub/rest/base/object/962-HFZ;docs/tuva/sodermanland/objektrapporter/962-HFZ.json
963-680;Södermanland;Strängnäs;5.82;Bete;2002-06-14;Waxäng4;https://etjanst.sjv.se/tuvaut/?f=&id=963-680;https://etjanst.sjv.se/hagenpub/rest/base/object/963-680;docs/tuva/sodermanland/objektrapporter/963-680.json
963-RWI;Södermanland;Katrineholm;6.9;Bete;2003-07-16;;https://etjanst.sjv.se/tuvaut/?f=&id=963-RWI;https://etjanst.sjv.se/hagenpub/rest/base/object/963-RWI;docs/tuva/sodermanland/objektrapporter/963-RWI.json
964-VIV;Södermanland;Nyköping;1.17;Bete;2003-09-10;Revlinge 1;https://etjanst.sjv.se/tuvaut/?f=&id=964-VIV;https://etjanst.sjv.se/hagenpub/rest/base/object/964-VIV;docs/tuva/sodermanland/objektrapporter/964-VIV.json
965-NPR;Södermanland;Katrineholm;2.78;Bete;2004-08-27;fimta, susann 1;https://etjanst.sjv.se/tuvaut/?f=&id=965-NPR;https://etjanst.sjv.se/hagenpub/rest/base/object/965-NPR;docs/tuva/sodermanland/objektrapporter/965-NPR.json
967-YGQ;Södermanland;Eskilstuna;1.29;Bete;2003-08-04;Stafstorp;https://etjanst.sjv.se/tuvaut/?f=&id=967-YGQ;https://etjanst.sjv.se/hagenpub/rest/base/object/967-YGQ;docs/tuva/sodermanland/objektrapporter/967-YGQ.json
969-IEQ;Södermanland;Nyköping;0.7;Bete;2004-08-10;Långö 4;https://etjanst.sjv.se/tuvaut/?f=&id=969-IEQ;https://etjanst.sjv.se/hagenpub/rest/base/object/969-IEQ;docs/tuva/sodermanland/objektrapporter/969-IEQ.json
96A-B00;Södermanland;Gnesta;1.16;Restaurerbar;2002-04-29;;https://etjanst.sjv.se/tuvaut/?f=&id=96A-B00;https://etjanst.sjv.se/hagenpub/rest/base/object/96A-B00;docs/tuva/sodermanland/objektrapporter/96A-B00.json
96B-TVF;Södermanland;Flen;2.17;Bete;2004-07-08;Humledal 2;https://etjanst.sjv.se/tuvaut/?f=&id=96B-TVF;https://etjanst.sjv.se/hagenpub/rest/base/object/96B-TVF;docs/tuva/sodermanland/objektrapporter/96B-TVF.json
96E-BXP;Södermanland;Katrineholm;1.61;Bete;2004-07-14;sättra 3;https://etjanst.sjv.se/tuvaut/?f=&id=96E-BXP;https://etjanst.sjv.se/hagenpub/rest/base/object/96E-BXP;docs/tuva/sodermanland/objektrapporter/96E-BXP.json
971-680;Södermanland;Eskilstuna;2.02;Bete;2002-05-13;Lista1;https://etjanst.sjv.se/tuvaut/?f=&id=971-680;https://etjanst.sjv.se/hagenpub/rest/base/object/971-680;docs/tuva/sodermanland/objektrapporter/971-680.json
972-JLS;Södermanland;Vingåker;0.98;Bete;2003-09-04;;https://etjanst.sjv.se/tuvaut/?f=&id=972-JLS;https://etjanst.sjv.se/hagenpub/rest/base/object/972-JLS;docs/tuva/sodermanland/objektrapporter/972-JLS.json
973-BIS;Södermanland;Nyköping;5.6;Bete;2004-05-18;örsta 3;https://etjanst.sjv.se/tuvaut/?f=&id=973-BIS;https://etjanst.sjv.se/hagenpub/rest/base/object/973-BIS;docs/tuva/sodermanland/objektrapporter/973-BIS.json
974-200;Södermanland;Strängnäs;23.92;Bete;2002-06-04;Väla;https://etjanst.sjv.se/tuvaut/?f=&id=974-200;https://etjanst.sjv.se/hagenpub/rest/base/object/974-200;docs/tuva/sodermanland/objektrapporter/974-200.json
97B-480;Södermanland;Katrineholm;3.88;Bete;2002-05-29;Simonsbol 2;https://etjanst.sjv.se/tuvaut/?f=&id=97B-480;https://etjanst.sjv.se/hagenpub/rest/base/object/97B-480;docs/tuva/sodermanland/objektrapporter/97B-480.json
97B-KSJ;Södermanland;Eskilstuna;21.04;Bete;2003-07-24;Strand;https://etjanst.sjv.se/tuvaut/?f=&id=97B-KSJ;https://etjanst.sjv.se/hagenpub/rest/base/object/97B-KSJ;docs/tuva/sodermanland/objektrapporter/97B-KSJ.json
97B-TEF;Södermanland;Katrineholm;6.15;Äng;2004-05-11;biesta ;https://etjanst.sjv.se/tuvaut/?f=&id=97B-TEF;https://etjanst.sjv.se/hagenpub/rest/base/object/97B-TEF;docs/tuva/sodermanland/objektrapporter/97B-TEF.json
97C-STP;Södermanland;Gnesta;0.63;Restaurerbar;2003-09-11;Dillnäsby 3;https://etjanst.sjv.se/tuvaut/?f=&id=97C-STP;https://etjanst.sjv.se/hagenpub/rest/base/object/97C-STP;docs/tuva/sodermanland/objektrapporter/97C-STP.json
97F-VBS;Södermanland;Katrineholm;1.02;Bete;2003-05-22;Biesta 1;https://etjanst.sjv.se/tuvaut/?f=&id=97F-VBS;https://etjanst.sjv.se/hagenpub/rest/base/object/97F-VBS;docs/tuva/sodermanland/objektrapporter/97F-VBS.json
980-YSL;Södermanland;Katrineholm;3.43;Bete;2003-07-07;;https://etjanst.sjv.se/tuvaut/?f=&id=980-YSL;https://etjanst.sjv.se/hagenpub/rest/base/object/980-YSL;docs/tuva/sodermanland/objektrapporter/980-YSL.json
981-FIG;Södermanland;Gnesta;2.39;Bete;2003-09-11;Bondekeby 3, Hammersta 2;https://etjanst.sjv.se/tuvaut/?f=&id=981-FIG;https://etjanst.sjv.se/hagenpub/rest/base/object/981-FIG;docs/tuva/sodermanland/objektrapporter/981-FIG.json
982-CKT;Södermanland;Nyköping;0.83;Bete;2003-06-26;Gillinge 5;https://etjanst.sjv.se/tuvaut/?f=&id=982-CKT;https://etjanst.sjv.se/hagenpub/rest/base/object/982-CKT;docs/tuva/sodermanland/objektrapporter/982-CKT.json
983-EKN;Södermanland;Eskilstuna;0.99;Bete;2003-09-02;Lövåsen2;https://etjanst.sjv.se/tuvaut/?f=&id=983-EKN;https://etjanst.sjv.se/hagenpub/rest/base/object/983-EKN;docs/tuva/sodermanland/objektrapporter/983-EKN.json
983-ZEG;Södermanland;Katrineholm;1.57;Bete;2003-07-08;;https://etjanst.sjv.se/tuvaut/?f=&id=983-ZEG;https://etjanst.sjv.se/hagenpub/rest/base/object/983-ZEG;docs/tuva/sodermanland/objektrapporter/983-ZEG.json
984-CSE;Södermanland;Katrineholm;2.77;Bete;2003-07-21;Eriksberg-Sörtorp 1;https://etjanst.sjv.se/tuvaut/?f=&id=984-CSE;https://etjanst.sjv.se/hagenpub/rest/base/object/984-CSE;docs/tuva/sodermanland/objektrapporter/984-CSE.json
986-FAV;Södermanland;Katrineholm;1.59;Bete;2002-08-06;Bonneråd 2;https://etjanst.sjv.se/tuvaut/?f=&id=986-FAV;https://etjanst.sjv.se/hagenpub/rest/base/object/986-FAV;docs/tuva/sodermanland/objektrapporter/986-FAV.json
987-JVY;Södermanland;Katrineholm;4.23;Bete;2002-08-15;Sörtorp 1;https://etjanst.sjv.se/tuvaut/?f=&id=987-JVY;https://etjanst.sjv.se/hagenpub/rest/base/object/987-JVY;docs/tuva/sodermanland/objektrapporter/987-JVY.json
989-SQK;Södermanland;Eskilstuna;0.32;Bete;2002-09-20;Fäboda1;https://etjanst.sjv.se/tuvaut/?f=&id=989-SQK;https://etjanst.sjv.se/hagenpub/rest/base/object/989-SQK;docs/tuva/sodermanland/objektrapporter/989-SQK.json
98B-A00;Södermanland;Katrineholm;0.25;Bete;2002-06-26;Kvarntorp 5;https://etjanst.sjv.se/tuvaut/?f=&id=98B-A00;https://etjanst.sjv.se/hagenpub/rest/base/object/98B-A00;docs/tuva/sodermanland/objektrapporter/98B-A00.json
98D-180;Södermanland;Nyköping;3.25;Restaurerbar;2002-06-17;Pumptorp;https://etjanst.sjv.se/tuvaut/?f=&id=98D-180;https://etjanst.sjv.se/hagenpub/rest/base/object/98D-180;docs/tuva/sodermanland/objektrapporter/98D-180.json
98E-B00;Södermanland;Katrineholm;16.49;Ej aktuell;2002-07-03;Karstorp 1;https://etjanst.sjv.se/tuvaut/?f=&id=98E-B00;https://etjanst.sjv.se/hagenpub/rest/base/object/98E-B00;docs/tuva/sodermanland/objektrapporter/98E-B00.json
98E-JUI;Södermanland;Strängnäs;3.01;Bete;2002-08-14;Ulriksberg2;https://etjanst.sjv.se/tuvaut/?f=&id=98E-JUI;https://etjanst.sjv.se/hagenpub/rest/base/object/98E-JUI;docs/tuva/sodermanland/objektrapporter/98E-JUI.json
98F-OVV;Södermanland;Eskilstuna;0.54;Bete;2003-08-18;Visund2;https://etjanst.sjv.se/tuvaut/?f=&id=98F-OVV;https://etjanst.sjv.se/hagenpub/rest/base/object/98F-OVV;docs/tuva/sodermanland/objektrapporter/98F-OVV.json
98F-YAH;Södermanland;Eskilstuna;1.85;Bete;2003-08-11;Aspesten2;https://etjanst.sjv.se/tuvaut/?f=&id=98F-YAH;https://etjanst.sjv.se/hagenpub/rest/base/object/98F-YAH;docs/tuva/sodermanland/objektrapporter/98F-YAH.json
990-HAT;Södermanland;Katrineholm;1.65;Bete;2003-07-01;Helenelund 1;https://etjanst.sjv.se/tuvaut/?f=&id=990-HAT;https://etjanst.sjv.se/hagenpub/rest/base/object/990-HAT;docs/tuva/sodermanland/objektrapporter/990-HAT.json
990-OTK;Södermanland;Katrineholm;12.27;Bete;2002-08-19;Kalsta;https://etjanst.sjv.se/tuvaut/?f=&id=990-OTK;https://etjanst.sjv.se/hagenpub/rest/base/object/990-OTK;docs/tuva/sodermanland/objektrapporter/990-OTK.json
991-RZB;Södermanland;Eskilstuna;1.87;Bete;2003-07-08;Hyttersta;https://etjanst.sjv.se/tuvaut/?f=&id=991-RZB;https://etjanst.sjv.se/hagenpub/rest/base/object/991-RZB;docs/tuva/sodermanland/objektrapporter/991-RZB.json
994-480;Södermanland;Strängnäs;10.05;Bete;2002-06-03;Ärnesta2;https://etjanst.sjv.se/tuvaut/?f=&id=994-480;https://etjanst.sjv.se/hagenpub/rest/base/object/994-480;docs/tuva/sodermanland/objektrapporter/994-480.json
997-IAR;Södermanland;Nyköping;5.99;Bete;2004-09-09;Sulsta 1;https://etjanst.sjv.se/tuvaut/?f=&id=997-IAR;https://etjanst.sjv.se/hagenpub/rest/base/object/997-IAR;docs/tuva/sodermanland/objektrapporter/997-IAR.json
998-XWE;Södermanland;Nyköping;2.18;Bete;2002-07-13;Lillkällsstugan;https://etjanst.sjv.se/tuvaut/?f=&id=998-XWE;https://etjanst.sjv.se/hagenpub/rest/base/object/998-XWE;docs/tuva/sodermanland/objektrapporter/998-XWE.json
999-DBH;Södermanland;Eskilstuna;1.95;Bete;2003-08-04;Hagby säteri4;https://etjanst.sjv.se/tuvaut/?f=&id=999-DBH;https://etjanst.sjv.se/hagenpub/rest/base/object/999-DBH;docs/tuva/sodermanland/objektrapporter/999-DBH.json
99F-ZMP;Södermanland;Flen;0.65;Bete;2003-07-30;Herrgölet 2;https://etjanst.sjv.se/tuvaut/?f=&id=99F-ZMP;https://etjanst.sjv.se/hagenpub/rest/base/object/99F-ZMP;docs/tuva/sodermanland/objektrapporter/99F-ZMP.json
9A0-BOR;Södermanland;Nyköping;0.63;Bete;2003-05-23;Söra;https://etjanst.sjv.se/tuvaut/?f=&id=9A0-BOR;https://etjanst.sjv.se/hagenpub/rest/base/object/9A0-BOR;docs/tuva/sodermanland/objektrapporter/9A0-BOR.json
9A2-CHZ;Södermanland;Nyköping;1.76;Bete;2004-06-17;Fjällen 3;https://etjanst.sjv.se/tuvaut/?f=&id=9A2-CHZ;https://etjanst.sjv.se/hagenpub/rest/base/object/9A2-CHZ;docs/tuva/sodermanland/objektrapporter/9A2-CHZ.json
9A2-ROR;Södermanland;Nyköping;13.62;Bete;2002-07-14;Kälkesta;https://etjanst.sjv.se/tuvaut/?f=&id=9A2-ROR;https://etjanst.sjv.se/hagenpub/rest/base/object/9A2-ROR;docs/tuva/sodermanland/objektrapporter/9A2-ROR.json
9A5-FEB;Södermanland;Katrineholm;1.99;Bete;2004-06-14;Sund;https://etjanst.sjv.se/tuvaut/?f=&id=9A5-FEB;https://etjanst.sjv.se/hagenpub/rest/base/object/9A5-FEB;docs/tuva/sodermanland/objektrapporter/9A5-FEB.json
9A7-C00;Södermanland;Nyköping;2.71;Restaurerbar;2002-06-19;Garskog;https://etjanst.sjv.se/tuvaut/?f=&id=9A7-C00;https://etjanst.sjv.se/hagenpub/rest/base/object/9A7-C00;docs/tuva/sodermanland/objektrapporter/9A7-C00.json
9A8-JDT;Södermanland;Eskilstuna;1.6;Bete;2003-07-07;Åltorp1;https://etjanst.sjv.se/tuvaut/?f=&id=9A8-JDT;https://etjanst.sjv.se/hagenpub/rest/base/object/9A8-JDT;docs/tuva/sodermanland/objektrapporter/9A8-JDT.json
9A9-SCZ;Södermanland;Eskilstuna;0.5;Bete;2003-06-02;Rökärr2;https://etjanst.sjv.se/tuvaut/?f=&id=9A9-SCZ;https://etjanst.sjv.se/hagenpub/rest/base/object/9A9-SCZ;docs/tuva/sodermanland/objektrapporter/9A9-SCZ.json
9AE-FUB;Södermanland;Flen;5.51;Bete;2004-06-03;Sörby 1;https://etjanst.sjv.se/tuvaut/?f=&id=9AE-FUB;https://etjanst.sjv.se/hagenpub/rest/base/object/9AE-FUB;docs/tuva/sodermanland/objektrapporter/9AE-FUB.json
9AE-INF;Södermanland;Katrineholm;23.74;Bete;2003-05-19;Bro;https://etjanst.sjv.se/tuvaut/?f=&id=9AE-INF;https://etjanst.sjv.se/hagenpub/rest/base/object/9AE-INF;docs/tuva/sodermanland/objektrapporter/9AE-INF.json
9AF-880;Södermanland;Strängnäs;3.56;Restaurerbar;2002-07-01;Vältesta;https://etjanst.sjv.se/tuvaut/?f=&id=9AF-880;https://etjanst.sjv.se/hagenpub/rest/base/object/9AF-880;docs/tuva/sodermanland/objektrapporter/9AF-880.json
9B0-IGA;Södermanland;Trosa;1.03;Bete;2004-05-07;litselby 1;https://etjanst.sjv.se/tuvaut/?f=&id=9B0-IGA;https://etjanst.sjv.se/hagenpub/rest/base/object/9B0-IGA;docs/tuva/sodermanland/objektrapporter/9B0-IGA.json
9B0-OBM;Södermanland;Nyköping;1.38;Bete;2002-08-14;Svinsätter;https://etjanst.sjv.se/tuvaut/?f=&id=9B0-OBM;https://etjanst.sjv.se/hagenpub/rest/base/object/9B0-OBM;docs/tuva/sodermanland/objektrapporter/9B0-OBM.json
9B0-VXE;Södermanland;Katrineholm;0.98;Bete;2004-06-14;berga 2;https://etjanst.sjv.se/tuvaut/?f=&id=9B0-VXE;https://etjanst.sjv.se/hagenpub/rest/base/object/9B0-VXE;docs/tuva/sodermanland/objektrapporter/9B0-VXE.json
9B0-ZGQ;Södermanland;Flen;0.3;Bete;2003-09-29;;https://etjanst.sjv.se/tuvaut/?f=&id=9B0-ZGQ;https://etjanst.sjv.se/hagenpub/rest/base/object/9B0-ZGQ;docs/tuva/sodermanland/objektrapporter/9B0-ZGQ.json
9B2-JCE;Södermanland;Nyköping;2.03;Restaurerbar;2002-07-08;Jobstorp;https://etjanst.sjv.se/tuvaut/?f=&id=9B2-JCE;https://etjanst.sjv.se/hagenpub/rest/base/object/9B2-JCE;docs/tuva/sodermanland/objektrapporter/9B2-JCE.json
9B6-VUX;Södermanland;Gnesta;1.08;Bete;2004-06-14;Harlinge 5;https://etjanst.sjv.se/tuvaut/?f=&id=9B6-VUX;https://etjanst.sjv.se/hagenpub/rest/base/object/9B6-VUX;docs/tuva/sodermanland/objektrapporter/9B6-VUX.json
9B8-ZEB;Södermanland;Eskilstuna;5.89;Bete;2023-10-26;Prästgården3;https://etjanst.sjv.se/tuvaut/?f=&id=9B8-ZEB;https://etjanst.sjv.se/hagenpub/rest/base/object/9B8-ZEB;docs/tuva/sodermanland/objektrapporter/9B8-ZEB.json
9B9-KMF;Södermanland;Eskilstuna;0.79;Bete;2003-08-28;Välakärr2;https://etjanst.sjv.se/tuvaut/?f=&id=9B9-KMF;https://etjanst.sjv.se/hagenpub/rest/base/object/9B9-KMF;docs/tuva/sodermanland/objektrapporter/9B9-KMF.json
9B9-PBE;Södermanland;Eskilstuna;12.03;Bete;2002-09-12;Vi by2;https://etjanst.sjv.se/tuvaut/?f=&id=9B9-PBE;https://etjanst.sjv.se/hagenpub/rest/base/object/9B9-PBE;docs/tuva/sodermanland/objektrapporter/9B9-PBE.json
9BE-300;Södermanland;Strängnäs;1.75;Bete;2002-06-07;Tynnelsö gård1;https://etjanst.sjv.se/tuvaut/?f=&id=9BE-300;https://etjanst.sjv.se/hagenpub/rest/base/object/9BE-300;docs/tuva/sodermanland/objektrapporter/9BE-300.json
9C1-MDM;Södermanland;Flen;4.4;Bete;2003-09-01;Grinda 5;https://etjanst.sjv.se/tuvaut/?f=&id=9C1-MDM;https://etjanst.sjv.se/hagenpub/rest/base/object/9C1-MDM;docs/tuva/sodermanland/objektrapporter/9C1-MDM.json
9C1-RNR;Södermanland;Flen;1.04;Bete;2004-06-17;Kulsta 2;https://etjanst.sjv.se/tuvaut/?f=&id=9C1-RNR;https://etjanst.sjv.se/hagenpub/rest/base/object/9C1-RNR;docs/tuva/sodermanland/objektrapporter/9C1-RNR.json
9C2-700;Södermanland;Strängnäs;3.53;Bete;2002-06-11;Klahammar2;https://etjanst.sjv.se/tuvaut/?f=&id=9C2-700;https://etjanst.sjv.se/hagenpub/rest/base/object/9C2-700;docs/tuva/sodermanland/objektrapporter/9C2-700.json
9C2-XCT;Södermanland;Gnesta;1.05;Bete;2004-08-12;Odensberga 3;https://etjanst.sjv.se/tuvaut/?f=&id=9C2-XCT;https://etjanst.sjv.se/hagenpub/rest/base/object/9C2-XCT;docs/tuva/sodermanland/objektrapporter/9C2-XCT.json
9C4-WYL;Södermanland;Katrineholm;1.44;Bete;2002-08-15;Bromma;https://etjanst.sjv.se/tuvaut/?f=&id=9C4-WYL;https://etjanst.sjv.se/hagenpub/rest/base/object/9C4-WYL;docs/tuva/sodermanland/objektrapporter/9C4-WYL.json
9C5-SDD;Södermanland;Nyköping;1.8;Bete;2003-05-19;Göksätter 2;https://etjanst.sjv.se/tuvaut/?f=&id=9C5-SDD;https://etjanst.sjv.se/hagenpub/rest/base/object/9C5-SDD;docs/tuva/sodermanland/objektrapporter/9C5-SDD.json
9C6-AYE;Södermanland;Eskilstuna;0.84;Bete;2003-08-21;Åstorp4;https://etjanst.sjv.se/tuvaut/?f=&id=9C6-AYE;https://etjanst.sjv.se/hagenpub/rest/base/object/9C6-AYE;docs/tuva/sodermanland/objektrapporter/9C6-AYE.json
9C6-ZDJ;Södermanland;Nyköping;2.65;Bete;2002-07-13;Backgården;https://etjanst.sjv.se/tuvaut/?f=&id=9C6-ZDJ;https://etjanst.sjv.se/hagenpub/rest/base/object/9C6-ZDJ;docs/tuva/sodermanland/objektrapporter/9C6-ZDJ.json
9C7-SUB;Södermanland;Nyköping;27.35;Restaurerbar;2002-07-18;Svehorn;https://etjanst.sjv.se/tuvaut/?f=&id=9C7-SUB;https://etjanst.sjv.se/hagenpub/rest/base/object/9C7-SUB;docs/tuva/sodermanland/objektrapporter/9C7-SUB.json
9C8-IHS;Södermanland;Eskilstuna;3.32;Bete;2003-07-23;Hägran1;https://etjanst.sjv.se/tuvaut/?f=&id=9C8-IHS;https://etjanst.sjv.se/hagenpub/rest/base/object/9C8-IHS;docs/tuva/sodermanland/objektrapporter/9C8-IHS.json
9C8-QST;Södermanland;Eskilstuna;0.79;Bete;2004-08-31;Norra Åby 1;https://etjanst.sjv.se/tuvaut/?f=&id=9C8-QST;https://etjanst.sjv.se/hagenpub/rest/base/object/9C8-QST;docs/tuva/sodermanland/objektrapporter/9C8-QST.json
9CA-680;Södermanland;Katrineholm;5.4;Bete;2002-05-31;Albro 4, Sjögetorp;https://etjanst.sjv.se/tuvaut/?f=&id=9CA-680;https://etjanst.sjv.se/hagenpub/rest/base/object/9CA-680;docs/tuva/sodermanland/objektrapporter/9CA-680.json
9CA-FYA;Södermanland;Vingåker;3.91;Bete;2003-08-16;;https://etjanst.sjv.se/tuvaut/?f=&id=9CA-FYA;https://etjanst.sjv.se/hagenpub/rest/base/object/9CA-FYA;docs/tuva/sodermanland/objektrapporter/9CA-FYA.json
9CB-IJU;Södermanland;Eskilstuna;1.2;Bete;2003-06-16;Stavtorp2;https://etjanst.sjv.se/tuvaut/?f=&id=9CB-IJU;https://etjanst.sjv.se/hagenpub/rest/base/object/9CB-IJU;docs/tuva/sodermanland/objektrapporter/9CB-IJU.json
9CC-SQK;Södermanland;Eskilstuna;4.45;Bete;2002-09-05;Prostökna1;https://etjanst.sjv.se/tuvaut/?f=&id=9CC-SQK;https://etjanst.sjv.se/hagenpub/rest/base/object/9CC-SQK;docs/tuva/sodermanland/objektrapporter/9CC-SQK.json
9CF-QNI;Södermanland;Katrineholm;8.55;Bete;2002-08-13;Påvelstorp;https://etjanst.sjv.se/tuvaut/?f=&id=9CF-QNI;https://etjanst.sjv.se/hagenpub/rest/base/object/9CF-QNI;docs/tuva/sodermanland/objektrapporter/9CF-QNI.json
9D0-AOF;Södermanland;Trosa;2.13;Bete;2004-05-12;Kungsbol;https://etjanst.sjv.se/tuvaut/?f=&id=9D0-AOF;https://etjanst.sjv.se/hagenpub/rest/base/object/9D0-AOF;docs/tuva/sodermanland/objektrapporter/9D0-AOF.json
9D1-XFO;Södermanland;Eskilstuna;2.94;Bete;2003-08-18;Hedensö7;https://etjanst.sjv.se/tuvaut/?f=&id=9D1-XFO;https://etjanst.sjv.se/hagenpub/rest/base/object/9D1-XFO;docs/tuva/sodermanland/objektrapporter/9D1-XFO.json
9D5-YWQ;Södermanland;Nyköping;2.02;Bete;2004-06-09;Kallmyra 2;https://etjanst.sjv.se/tuvaut/?f=&id=9D5-YWQ;https://etjanst.sjv.se/hagenpub/rest/base/object/9D5-YWQ;docs/tuva/sodermanland/objektrapporter/9D5-YWQ.json
9D6-B00;Södermanland;Katrineholm;0.36;Bete;2002-06-27;Kvarntorp 6;https://etjanst.sjv.se/tuvaut/?f=&id=9D6-B00;https://etjanst.sjv.se/hagenpub/rest/base/object/9D6-B00;docs/tuva/sodermanland/objektrapporter/9D6-B00.json
9D6-KLN;Södermanland;Katrineholm;1.2;Bete;2003-07-08;Djupan-Boda 1;https://etjanst.sjv.se/tuvaut/?f=&id=9D6-KLN;https://etjanst.sjv.se/hagenpub/rest/base/object/9D6-KLN;docs/tuva/sodermanland/objektrapporter/9D6-KLN.json
9D6-YBZ;Södermanland;Flen;2.34;Bete;2004-08-09;norrkärr 4;https://etjanst.sjv.se/tuvaut/?f=&id=9D6-YBZ;https://etjanst.sjv.se/hagenpub/rest/base/object/9D6-YBZ;docs/tuva/sodermanland/objektrapporter/9D6-YBZ.json
9D9-SAC;Södermanland;Flen;3.65;Bete;2004-08-05;kärrtorp 2;https://etjanst.sjv.se/tuvaut/?f=&id=9D9-SAC;https://etjanst.sjv.se/hagenpub/rest/base/object/9D9-SAC;docs/tuva/sodermanland/objektrapporter/9D9-SAC.json
9DB-C00;Södermanland;Katrineholm;5.38;Bete;2002-05-28;Västeråsen 2, Porten;https://etjanst.sjv.se/tuvaut/?f=&id=9DB-C00;https://etjanst.sjv.se/hagenpub/rest/base/object/9DB-C00;docs/tuva/sodermanland/objektrapporter/9DB-C00.json
9DF-KIU;Södermanland;Flen;5.32;Bete;2004-05-19;bogsten 3;https://etjanst.sjv.se/tuvaut/?f=&id=9DF-KIU;https://etjanst.sjv.se/hagenpub/rest/base/object/9DF-KIU;docs/tuva/sodermanland/objektrapporter/9DF-KIU.json
9E4-CKU;Södermanland;Katrineholm;0.81;Bete;2003-07-09;;https://etjanst.sjv.se/tuvaut/?f=&id=9E4-CKU;https://etjanst.sjv.se/hagenpub/rest/base/object/9E4-CKU;docs/tuva/sodermanland/objektrapporter/9E4-CKU.json
9E5-TRO;Södermanland;Vingåker;2.7;Ej aktuell;2003-09-16;;https://etjanst.sjv.se/tuvaut/?f=&id=9E5-TRO;https://etjanst.sjv.se/hagenpub/rest/base/object/9E5-TRO;docs/tuva/sodermanland/objektrapporter/9E5-TRO.json
9E6-MCF;Södermanland;Nyköping;22.5;Bete;2002-07-12;Lilla Flättna;https://etjanst.sjv.se/tuvaut/?f=&id=9E6-MCF;https://etjanst.sjv.se/hagenpub/rest/base/object/9E6-MCF;docs/tuva/sodermanland/objektrapporter/9E6-MCF.json
9E7-JUB;Södermanland;Katrineholm;12.76;Restaurerbar;2002-07-10;Duveholm;https://etjanst.sjv.se/tuvaut/?f=&id=9E7-JUB;https://etjanst.sjv.se/hagenpub/rest/base/object/9E7-JUB;docs/tuva/sodermanland/objektrapporter/9E7-JUB.json
9EA-ITL;Södermanland;Vingåker;0.21;Bete;2003-08-06;Dal 4;https://etjanst.sjv.se/tuvaut/?f=&id=9EA-ITL;https://etjanst.sjv.se/hagenpub/rest/base/object/9EA-ITL;docs/tuva/sodermanland/objektrapporter/9EA-ITL.json
9EA-SCZ;Södermanland;Strängnäs;1.25;Bete;2002-07-15;Hammartorp;https://etjanst.sjv.se/tuvaut/?f=&id=9EA-SCZ;https://etjanst.sjv.se/hagenpub/rest/base/object/9EA-SCZ;docs/tuva/sodermanland/objektrapporter/9EA-SCZ.json
9EB-A00;Södermanland;Nyköping;2.54;Bete;2002-07-02;Stora Älghammar;https://etjanst.sjv.se/tuvaut/?f=&id=9EB-A00;https://etjanst.sjv.se/hagenpub/rest/base/object/9EB-A00;docs/tuva/sodermanland/objektrapporter/9EB-A00.json
9EC-MWT;Södermanland;Trosa;1.98;Bete;2004-05-11;Vackebol 1;https://etjanst.sjv.se/tuvaut/?f=&id=9EC-MWT;https://etjanst.sjv.se/hagenpub/rest/base/object/9EC-MWT;docs/tuva/sodermanland/objektrapporter/9EC-MWT.json
9ED-POW;Södermanland;Strängnäs;0.46;Bete;2004-08-24;Nällsta;https://etjanst.sjv.se/tuvaut/?f=&id=9ED-POW;https://etjanst.sjv.se/hagenpub/rest/base/object/9ED-POW;docs/tuva/sodermanland/objektrapporter/9ED-POW.json
9ED-UKN;Södermanland;Nyköping;2.94;Restaurerbar;2002-08-30;Berg, Björksund;https://etjanst.sjv.se/tuvaut/?f=&id=9ED-UKN;https://etjanst.sjv.se/hagenpub/rest/base/object/9ED-UKN;docs/tuva/sodermanland/objektrapporter/9ED-UKN.json
9F1-CIW;Södermanland;Eskilstuna;2.64;Bete;2003-08-26;Ryttersberg2;https://etjanst.sjv.se/tuvaut/?f=&id=9F1-CIW;https://etjanst.sjv.se/hagenpub/rest/base/object/9F1-CIW;docs/tuva/sodermanland/objektrapporter/9F1-CIW.json
9F1-PYX;Södermanland;Flen;0.41;Bete;2004-05-28;Björnkulla;https://etjanst.sjv.se/tuvaut/?f=&id=9F1-PYX;https://etjanst.sjv.se/hagenpub/rest/base/object/9F1-PYX;docs/tuva/sodermanland/objektrapporter/9F1-PYX.json
9F3-CKM;Södermanland;Katrineholm;0.38;Bete;2004-07-14;sättra 1;https://etjanst.sjv.se/tuvaut/?f=&id=9F3-CKM;https://etjanst.sjv.se/hagenpub/rest/base/object/9F3-CKM;docs/tuva/sodermanland/objektrapporter/9F3-CKM.json
9F4-OWG;Södermanland;Nyköping;0.42;Bete;2004-09-22;Ringsö 4;https://etjanst.sjv.se/tuvaut/?f=&id=9F4-OWG;https://etjanst.sjv.se/hagenpub/rest/base/object/9F4-OWG;docs/tuva/sodermanland/objektrapporter/9F4-OWG.json
9F8-300;Södermanland;Katrineholm;0.21;Bete;2002-06-07;Järnbolstugan;https://etjanst.sjv.se/tuvaut/?f=&id=9F8-300;https://etjanst.sjv.se/hagenpub/rest/base/object/9F8-300;docs/tuva/sodermanland/objektrapporter/9F8-300.json
9F8-HAC;Södermanland;Flen;8.44;Bete;2004-06-18;Däntersta 2;https://etjanst.sjv.se/tuvaut/?f=&id=9F8-HAC;https://etjanst.sjv.se/hagenpub/rest/base/object/9F8-HAC;docs/tuva/sodermanland/objektrapporter/9F8-HAC.json
9FA-DNB;Södermanland;Flen;3.16;Bete;2003-10-01;;https://etjanst.sjv.se/tuvaut/?f=&id=9FA-DNB;https://etjanst.sjv.se/hagenpub/rest/base/object/9FA-DNB;docs/tuva/sodermanland/objektrapporter/9FA-DNB.json
9FA-JQE;Södermanland;Eskilstuna;0.84;Bete;2003-08-11;Lilla Lida2;https://etjanst.sjv.se/tuvaut/?f=&id=9FA-JQE;https://etjanst.sjv.se/hagenpub/rest/base/object/9FA-JQE;docs/tuva/sodermanland/objektrapporter/9FA-JQE.json
9FA-YIW;Södermanland;Vingåker;6.08;Bete;2003-08-15;;https://etjanst.sjv.se/tuvaut/?f=&id=9FA-YIW;https://etjanst.sjv.se/hagenpub/rest/base/object/9FA-YIW;docs/tuva/sodermanland/objektrapporter/9FA-YIW.json
9FC-DNC;Södermanland;Gnesta;13.97;Bete;2003-09-15;Nibble, Lifsinge;https://etjanst.sjv.se/tuvaut/?f=&id=9FC-DNC;https://etjanst.sjv.se/hagenpub/rest/base/object/9FC-DNC;docs/tuva/sodermanland/objektrapporter/9FC-DNC.json
9FE-PBJ;Södermanland;Eskilstuna;2.93;Bete;2003-08-20;Visund4;https://etjanst.sjv.se/tuvaut/?f=&id=9FE-PBJ;https://etjanst.sjv.se/hagenpub/rest/base/object/9FE-PBJ;docs/tuva/sodermanland/objektrapporter/9FE-PBJ.json
9FF-EFE;Södermanland;Nyköping;13.26;Bete;2002-08-16;Grytmar;https://etjanst.sjv.se/tuvaut/?f=&id=9FF-EFE;https://etjanst.sjv.se/hagenpub/rest/base/object/9FF-EFE;docs/tuva/sodermanland/objektrapporter/9FF-EFE.json
A00-TTV;Södermanland;Flen;8.62;Bete;2003-09-30;;https://etjanst.sjv.se/tuvaut/?f=&id=A00-TTV;https://etjanst.sjv.se/hagenpub/rest/base/object/A00-TTV;docs/tuva/sodermanland/objektrapporter/A00-TTV.json
A01-700;Södermanland;Strängnäs;27.59;Bete;2002-07-01;Rundholm;https://etjanst.sjv.se/tuvaut/?f=&id=A01-700;https://etjanst.sjv.se/hagenpub/rest/base/object/A01-700;docs/tuva/sodermanland/objektrapporter/A01-700.json
A01-YOT;Södermanland;Flen;3.44;Bete;2004-07-28;Hornsund 2;https://etjanst.sjv.se/tuvaut/?f=&id=A01-YOT;https://etjanst.sjv.se/hagenpub/rest/base/object/A01-YOT;docs/tuva/sodermanland/objektrapporter/A01-YOT.json
A02-LNA;Södermanland;Eskilstuna;3.42;Bete;2003-05-15;Biby-Hvarsta-Spånga;https://etjanst.sjv.se/tuvaut/?f=&id=A02-LNA;https://etjanst.sjv.se/hagenpub/rest/base/object/A02-LNA;docs/tuva/sodermanland/objektrapporter/A02-LNA.json
A09-AFH;Södermanland;Eskilstuna;0.26;Bete;2003-07-07;Magda 2;https://etjanst.sjv.se/tuvaut/?f=&id=A09-AFH;https://etjanst.sjv.se/hagenpub/rest/base/object/A09-AFH;docs/tuva/sodermanland/objektrapporter/A09-AFH.json
A0A-CNU;Södermanland;Nyköping;4.54;Ej aktuell;2004-08-17;Korsbäcken;https://etjanst.sjv.se/tuvaut/?f=&id=A0A-CNU;https://etjanst.sjv.se/hagenpub/rest/base/object/A0A-CNU;docs/tuva/sodermanland/objektrapporter/A0A-CNU.json
A0A-SRC;Södermanland;Nyköping;6.4;Bete;2004-06-08;Håcknesta 2;https://etjanst.sjv.se/tuvaut/?f=&id=A0A-SRC;https://etjanst.sjv.se/hagenpub/rest/base/object/A0A-SRC;docs/tuva/sodermanland/objektrapporter/A0A-SRC.json
A0D-KUX;Södermanland;Trosa;3.91;Bete;2004-05-27;Vappersta 1;https://etjanst.sjv.se/tuvaut/?f=&id=A0D-KUX;https://etjanst.sjv.se/hagenpub/rest/base/object/A0D-KUX;docs/tuva/sodermanland/objektrapporter/A0D-KUX.json
A0D-SVN;Södermanland;Katrineholm;0.8;Bete;2004-06-21;gustafsvik 1;https://etjanst.sjv.se/tuvaut/?f=&id=A0D-SVN;https://etjanst.sjv.se/hagenpub/rest/base/object/A0D-SVN;docs/tuva/sodermanland/objektrapporter/A0D-SVN.json
A12-500;Södermanland;Strängnäs;1.42;Bete;2002-05-28;Näsby1;https://etjanst.sjv.se/tuvaut/?f=&id=A12-500;https://etjanst.sjv.se/hagenpub/rest/base/object/A12-500;docs/tuva/sodermanland/objektrapporter/A12-500.json
A12-TRL;Södermanland;Strängnäs;5.54;Bete;2002-08-19;Kvicksta2;https://etjanst.sjv.se/tuvaut/?f=&id=A12-TRL;https://etjanst.sjv.se/hagenpub/rest/base/object/A12-TRL;docs/tuva/sodermanland/objektrapporter/A12-TRL.json
A13-100;Södermanland;Nyköping;2.02;Restaurerbar;2002-06-29;Ärsta;https://etjanst.sjv.se/tuvaut/?f=&id=A13-100;https://etjanst.sjv.se/hagenpub/rest/base/object/A13-100;docs/tuva/sodermanland/objektrapporter/A13-100.json
A13-RWN;Södermanland;Eskilstuna;7.27;Bete;2026-05-26;Rännbäcken3/Bondäng;https://etjanst.sjv.se/tuvaut/?f=&id=A13-RWN;https://etjanst.sjv.se/hagenpub/rest/base/object/A13-RWN;docs/tuva/sodermanland/objektrapporter/A13-RWN.json
A13-ZMU;Södermanland;Katrineholm;2.64;Bete;2003-07-08;Lilla Högbrunn;https://etjanst.sjv.se/tuvaut/?f=&id=A13-ZMU;https://etjanst.sjv.se/hagenpub/rest/base/object/A13-ZMU;docs/tuva/sodermanland/objektrapporter/A13-ZMU.json
A15-E00;Södermanland;Eskilstuna;7.02;Bete;2002-05-14;Bärsta;https://etjanst.sjv.se/tuvaut/?f=&id=A15-E00;https://etjanst.sjv.se/hagenpub/rest/base/object/A15-E00;docs/tuva/sodermanland/objektrapporter/A15-E00.json
A17-AEH;Södermanland;Nyköping;7.35;Äng;2018-07-12;Sjösa 1;https://etjanst.sjv.se/tuvaut/?f=&id=A17-AEH;https://etjanst.sjv.se/hagenpub/rest/base/object/A17-AEH;docs/tuva/sodermanland/objektrapporter/A17-AEH.json
A18-DWP;Södermanland;Gnesta;3.38;Bete;2003-08-28;Misätter 2;https://etjanst.sjv.se/tuvaut/?f=&id=A18-DWP;https://etjanst.sjv.se/hagenpub/rest/base/object/A18-DWP;docs/tuva/sodermanland/objektrapporter/A18-DWP.json
A19-CNT;Södermanland;Eskilstuna;6.46;Bete;2003-05-21;Ribbingelund1;https://etjanst.sjv.se/tuvaut/?f=&id=A19-CNT;https://etjanst.sjv.se/hagenpub/rest/base/object/A19-CNT;docs/tuva/sodermanland/objektrapporter/A19-CNT.json
A1B-SXO;Södermanland;Flen;3.25;Bete;2003-07-24;Stora Tveta 1;https://etjanst.sjv.se/tuvaut/?f=&id=A1B-SXO;https://etjanst.sjv.se/hagenpub/rest/base/object/A1B-SXO;docs/tuva/sodermanland/objektrapporter/A1B-SXO.json
A1E-PFO;Södermanland;Eskilstuna;0.49;Bete;2003-05-30;Ribbingelund2;https://etjanst.sjv.se/tuvaut/?f=&id=A1E-PFO;https://etjanst.sjv.se/hagenpub/rest/base/object/A1E-PFO;docs/tuva/sodermanland/objektrapporter/A1E-PFO.json
A20-LHT;Södermanland;Eskilstuna;0.3;Bete;2003-08-25;Rotarbo3;https://etjanst.sjv.se/tuvaut/?f=&id=A20-LHT;https://etjanst.sjv.se/hagenpub/rest/base/object/A20-LHT;docs/tuva/sodermanland/objektrapporter/A20-LHT.json
A20-QHB;Södermanland;Flen;0.88;Bete;2004-08-12;flenmo 4;https://etjanst.sjv.se/tuvaut/?f=&id=A20-QHB;https://etjanst.sjv.se/hagenpub/rest/base/object/A20-QHB;docs/tuva/sodermanland/objektrapporter/A20-QHB.json
A21-280;Södermanland;Nyköping;2.08;Äng;2026-07-07;Stora Uttervik;https://etjanst.sjv.se/tuvaut/?f=&id=A21-280;https://etjanst.sjv.se/hagenpub/rest/base/object/A21-280;docs/tuva/sodermanland/objektrapporter/A21-280.json
A21-FCU;Södermanland;Nyköping;0.68;Restaurerbar;2004-06-03;Gullringsdal;https://etjanst.sjv.se/tuvaut/?f=&id=A21-FCU;https://etjanst.sjv.se/hagenpub/rest/base/object/A21-FCU;docs/tuva/sodermanland/objektrapporter/A21-FCU.json
A24-WEN;Södermanland;Katrineholm;1.21;Bete;2004-05-28;valla, gunnarsdal 4;https://etjanst.sjv.se/tuvaut/?f=&id=A24-WEN;https://etjanst.sjv.se/hagenpub/rest/base/object/A24-WEN;docs/tuva/sodermanland/objektrapporter/A24-WEN.json
A28-ARY;Södermanland;Gnesta;1.29;Bete;2004-06-22;Lilltorp 2;https://etjanst.sjv.se/tuvaut/?f=&id=A28-ARY;https://etjanst.sjv.se/hagenpub/rest/base/object/A28-ARY;docs/tuva/sodermanland/objektrapporter/A28-ARY.json
A2A-WSF;Södermanland;Flen;3.23;Bete;2004-08-05;kärrtorp;https://etjanst.sjv.se/tuvaut/?f=&id=A2A-WSF;https://etjanst.sjv.se/hagenpub/rest/base/object/A2A-WSF;docs/tuva/sodermanland/objektrapporter/A2A-WSF.json
A2D-RHL;Södermanland;Flen;4.56;Bete;2003-07-31;;https://etjanst.sjv.se/tuvaut/?f=&id=A2D-RHL;https://etjanst.sjv.se/hagenpub/rest/base/object/A2D-RHL;docs/tuva/sodermanland/objektrapporter/A2D-RHL.json
A2E-XAY;Södermanland;Nyköping;1.21;Bete;2004-06-05;Ämtvik 1;https://etjanst.sjv.se/tuvaut/?f=&id=A2E-XAY;https://etjanst.sjv.se/hagenpub/rest/base/object/A2E-XAY;docs/tuva/sodermanland/objektrapporter/A2E-XAY.json
A30-PUM;Södermanland;Katrineholm;2.91;Bete;2003-07-01;Gimmersta-Leby;https://etjanst.sjv.se/tuvaut/?f=&id=A30-PUM;https://etjanst.sjv.se/hagenpub/rest/base/object/A30-PUM;docs/tuva/sodermanland/objektrapporter/A30-PUM.json
A30-SLE;Södermanland;Eskilstuna;3.96;Bete;2002-08-12;Ramshammar1;https://etjanst.sjv.se/tuvaut/?f=&id=A30-SLE;https://etjanst.sjv.se/hagenpub/rest/base/object/A30-SLE;docs/tuva/sodermanland/objektrapporter/A30-SLE.json
A31-JHB;Södermanland;Eskilstuna;2.37;Bete;2002-08-26;Pommern2;https://etjanst.sjv.se/tuvaut/?f=&id=A31-JHB;https://etjanst.sjv.se/hagenpub/rest/base/object/A31-JHB;docs/tuva/sodermanland/objektrapporter/A31-JHB.json
A33-IAR;Södermanland;Katrineholm;3.44;Bete;2004-08-27;väla 1;https://etjanst.sjv.se/tuvaut/?f=&id=A33-IAR;https://etjanst.sjv.se/hagenpub/rest/base/object/A33-IAR;docs/tuva/sodermanland/objektrapporter/A33-IAR.json
A35-MPV;Södermanland;Gnesta;1.22;Bete;2004-08-05;Käxle 3;https://etjanst.sjv.se/tuvaut/?f=&id=A35-MPV;https://etjanst.sjv.se/hagenpub/rest/base/object/A35-MPV;docs/tuva/sodermanland/objektrapporter/A35-MPV.json
A38-STE;Södermanland;Nyköping;8.46;Bete;2004-09-22;ringsö, skebol;https://etjanst.sjv.se/tuvaut/?f=&id=A38-STE;https://etjanst.sjv.se/hagenpub/rest/base/object/A38-STE;docs/tuva/sodermanland/objektrapporter/A38-STE.json
A3B-GPI;Södermanland;Nyköping;2.65;Bete;2002-07-18;Gummersta;https://etjanst.sjv.se/tuvaut/?f=&id=A3B-GPI;https://etjanst.sjv.se/hagenpub/rest/base/object/A3B-GPI;docs/tuva/sodermanland/objektrapporter/A3B-GPI.json
A3B-ZIG;Södermanland;Katrineholm;10.43;Bete;2003-07-15;Hacksta;https://etjanst.sjv.se/tuvaut/?f=&id=A3B-ZIG;https://etjanst.sjv.se/hagenpub/rest/base/object/A3B-ZIG;docs/tuva/sodermanland/objektrapporter/A3B-ZIG.json
A3D-MLO;Södermanland;Nyköping;2.62;Bete;2003-06-10;Berga 1;https://etjanst.sjv.se/tuvaut/?f=&id=A3D-MLO;https://etjanst.sjv.se/hagenpub/rest/base/object/A3D-MLO;docs/tuva/sodermanland/objektrapporter/A3D-MLO.json
A3E-KFV;Södermanland;Flen;0.78;Bete;2003-09-15;Ekeby2;https://etjanst.sjv.se/tuvaut/?f=&id=A3E-KFV;https://etjanst.sjv.se/hagenpub/rest/base/object/A3E-KFV;docs/tuva/sodermanland/objektrapporter/A3E-KFV.json
A3E-NHG;Södermanland;Gnesta;2.44;Restaurerbar;2004-07-02;Berga;https://etjanst.sjv.se/tuvaut/?f=&id=A3E-NHG;https://etjanst.sjv.se/hagenpub/rest/base/object/A3E-NHG;docs/tuva/sodermanland/objektrapporter/A3E-NHG.json
A41-KQQ;Södermanland;Nyköping;1.13;Bete;2002-09-11;Ekla;https://etjanst.sjv.se/tuvaut/?f=&id=A41-KQQ;https://etjanst.sjv.se/hagenpub/rest/base/object/A41-KQQ;docs/tuva/sodermanland/objektrapporter/A41-KQQ.json
A42-DYU;Södermanland;Katrineholm;3.35;Bete;2003-07-07;Görelsberg 1;https://etjanst.sjv.se/tuvaut/?f=&id=A42-DYU;https://etjanst.sjv.se/hagenpub/rest/base/object/A42-DYU;docs/tuva/sodermanland/objektrapporter/A42-DYU.json
A45-A80;Södermanland;Nyköping;0.79;Restaurerbar;2002-06-26;Berga;https://etjanst.sjv.se/tuvaut/?f=&id=A45-A80;https://etjanst.sjv.se/hagenpub/rest/base/object/A45-A80;docs/tuva/sodermanland/objektrapporter/A45-A80.json
A45-IGG;Södermanland;Nyköping;1.64;Bete;2004-06-07;Ön;https://etjanst.sjv.se/tuvaut/?f=&id=A45-IGG;https://etjanst.sjv.se/hagenpub/rest/base/object/A45-IGG;docs/tuva/sodermanland/objektrapporter/A45-IGG.json
A46-BFG;Södermanland;Nyköping;1.45;Bete;2002-07-19;Rogstatorp;https://etjanst.sjv.se/tuvaut/?f=&id=A46-BFG;https://etjanst.sjv.se/hagenpub/rest/base/object/A46-BFG;docs/tuva/sodermanland/objektrapporter/A46-BFG.json
A46-RCG;Södermanland;Eskilstuna;1.16;Restaurerbar;2003-07-07;Åltorp2;https://etjanst.sjv.se/tuvaut/?f=&id=A46-RCG;https://etjanst.sjv.se/hagenpub/rest/base/object/A46-RCG;docs/tuva/sodermanland/objektrapporter/A46-RCG.json
A46-RXX;Södermanland;Flen;1.31;Bete;2004-07-20;Kulla 1;https://etjanst.sjv.se/tuvaut/?f=&id=A46-RXX;https://etjanst.sjv.se/hagenpub/rest/base/object/A46-RXX;docs/tuva/sodermanland/objektrapporter/A46-RXX.json
A46-YDU;Södermanland;Gnesta;2.71;Bete;2004-06-09;Hårby 3;https://etjanst.sjv.se/tuvaut/?f=&id=A46-YDU;https://etjanst.sjv.se/hagenpub/rest/base/object/A46-YDU;docs/tuva/sodermanland/objektrapporter/A46-YDU.json
A4B-100;Södermanland;Katrineholm;3.78;Bete;2002-05-15;Öknaby;https://etjanst.sjv.se/tuvaut/?f=&id=A4B-100;https://etjanst.sjv.se/hagenpub/rest/base/object/A4B-100;docs/tuva/sodermanland/objektrapporter/A4B-100.json
A4B-MTH;Södermanland;Gnesta;0.33;Bete;2004-06-02;Västerkärv 2;https://etjanst.sjv.se/tuvaut/?f=&id=A4B-MTH;https://etjanst.sjv.se/hagenpub/rest/base/object/A4B-MTH;docs/tuva/sodermanland/objektrapporter/A4B-MTH.json
A4F-RZI;Södermanland;Gnesta;3.21;Bete;2003-09-17;Yttervalla 3;https://etjanst.sjv.se/tuvaut/?f=&id=A4F-RZI;https://etjanst.sjv.se/hagenpub/rest/base/object/A4F-RZI;docs/tuva/sodermanland/objektrapporter/A4F-RZI.json
A51-KMZ;Södermanland;Gnesta;4.24;Bete;2003-09-16;Rundbotorp 2, Lerbo;https://etjanst.sjv.se/tuvaut/?f=&id=A51-KMZ;https://etjanst.sjv.se/hagenpub/rest/base/object/A51-KMZ;docs/tuva/sodermanland/objektrapporter/A51-KMZ.json
A51-UEF;Södermanland;Nyköping;0.17;Äng;2002-07-07;Skogsby;https://etjanst.sjv.se/tuvaut/?f=&id=A51-UEF;https://etjanst.sjv.se/hagenpub/rest/base/object/A51-UEF;docs/tuva/sodermanland/objektrapporter/A51-UEF.json
A53-ARL;Södermanland;Flen;1.46;Bete;2003-08-29;Mortorp2;https://etjanst.sjv.se/tuvaut/?f=&id=A53-ARL;https://etjanst.sjv.se/hagenpub/rest/base/object/A53-ARL;docs/tuva/sodermanland/objektrapporter/A53-ARL.json
A54-GMM;Södermanland;Eskilstuna;0.4;Bete;2018-10-19;Västermo-Malmberga;https://etjanst.sjv.se/tuvaut/?f=&id=A54-GMM;https://etjanst.sjv.se/hagenpub/rest/base/object/A54-GMM;docs/tuva/sodermanland/objektrapporter/A54-GMM.json
A56-KRR;Södermanland;Nyköping;3.36;Bete;2004-09-09;Tystberga;https://etjanst.sjv.se/tuvaut/?f=&id=A56-KRR;https://etjanst.sjv.se/hagenpub/rest/base/object/A56-KRR;docs/tuva/sodermanland/objektrapporter/A56-KRR.json
A58-RNF;Södermanland;Gnesta;8.18;Bete;2004-05-28;Sörby 1;https://etjanst.sjv.se/tuvaut/?f=&id=A58-RNF;https://etjanst.sjv.se/hagenpub/rest/base/object/A58-RNF;docs/tuva/sodermanland/objektrapporter/A58-RNF.json
A58-ZUP;Södermanland;Strängnäs;15.51;Bete;2002-08-19;Kvicksta3;https://etjanst.sjv.se/tuvaut/?f=&id=A58-ZUP;https://etjanst.sjv.se/hagenpub/rest/base/object/A58-ZUP;docs/tuva/sodermanland/objektrapporter/A58-ZUP.json
A5A-RLB;Södermanland;Vingåker;0.35;Bete;2003-08-18;;https://etjanst.sjv.se/tuvaut/?f=&id=A5A-RLB;https://etjanst.sjv.se/hagenpub/rest/base/object/A5A-RLB;docs/tuva/sodermanland/objektrapporter/A5A-RLB.json
A5F-300;Södermanland;Gnesta;1.79;Bete;2002-05-24;Björnhagen 2;https://etjanst.sjv.se/tuvaut/?f=&id=A5F-300;https://etjanst.sjv.se/hagenpub/rest/base/object/A5F-300;docs/tuva/sodermanland/objektrapporter/A5F-300.json
A61-UIZ;Södermanland;Katrineholm;2.15;Bete;2004-05-18;hässle;https://etjanst.sjv.se/tuvaut/?f=&id=A61-UIZ;https://etjanst.sjv.se/hagenpub/rest/base/object/A61-UIZ;docs/tuva/sodermanland/objektrapporter/A61-UIZ.json
A61-VHZ;Södermanland;Strängnäs;0.9;Bete;2004-08-23;Åbykvarn 2;https://etjanst.sjv.se/tuvaut/?f=&id=A61-VHZ;https://etjanst.sjv.se/hagenpub/rest/base/object/A61-VHZ;docs/tuva/sodermanland/objektrapporter/A61-VHZ.json
A62-EYR;Södermanland;Nyköping;0.27;Bete;2003-06-25;Brannebol 3;https://etjanst.sjv.se/tuvaut/?f=&id=A62-EYR;https://etjanst.sjv.se/hagenpub/rest/base/object/A62-EYR;docs/tuva/sodermanland/objektrapporter/A62-EYR.json
A63-IKX;Södermanland;Gnesta;3.29;Bete;2003-08-28;Herrökna 3;https://etjanst.sjv.se/tuvaut/?f=&id=A63-IKX;https://etjanst.sjv.se/hagenpub/rest/base/object/A63-IKX;docs/tuva/sodermanland/objektrapporter/A63-IKX.json
A63-OPL;Södermanland;Flen;1.17;Bete;2003-09-24;Stavdal;https://etjanst.sjv.se/tuvaut/?f=&id=A63-OPL;https://etjanst.sjv.se/hagenpub/rest/base/object/A63-OPL;docs/tuva/sodermanland/objektrapporter/A63-OPL.json
A63-WLR;Södermanland;Trosa;0.16;Äng;2004-09-20;;https://etjanst.sjv.se/tuvaut/?f=&id=A63-WLR;https://etjanst.sjv.se/hagenpub/rest/base/object/A63-WLR;docs/tuva/sodermanland/objektrapporter/A63-WLR.json
A65-AVR;Södermanland;Flen;0.72;Bete;2004-08-24;davidsnäs 2;https://etjanst.sjv.se/tuvaut/?f=&id=A65-AVR;https://etjanst.sjv.se/hagenpub/rest/base/object/A65-AVR;docs/tuva/sodermanland/objektrapporter/A65-AVR.json
A65-JIL;Södermanland;Gnesta;1.76;Bete;2003-09-04;Pungsund 3;https://etjanst.sjv.se/tuvaut/?f=&id=A65-JIL;https://etjanst.sjv.se/hagenpub/rest/base/object/A65-JIL;docs/tuva/sodermanland/objektrapporter/A65-JIL.json
A65-LUT;Södermanland;Flen;0.96;Bete;2003-09-23;;https://etjanst.sjv.se/tuvaut/?f=&id=A65-LUT;https://etjanst.sjv.se/hagenpub/rest/base/object/A65-LUT;docs/tuva/sodermanland/objektrapporter/A65-LUT.json
A65-MUE;Södermanland;Flen;0.77;Bete;2004-09-17;ällmora 3;https://etjanst.sjv.se/tuvaut/?f=&id=A65-MUE;https://etjanst.sjv.se/hagenpub/rest/base/object/A65-MUE;docs/tuva/sodermanland/objektrapporter/A65-MUE.json
A67-MJE;Södermanland;Katrineholm;1.2;Bete;2002-08-06;Ramningstorp 1;https://etjanst.sjv.se/tuvaut/?f=&id=A67-MJE;https://etjanst.sjv.se/hagenpub/rest/base/object/A67-MJE;docs/tuva/sodermanland/objektrapporter/A67-MJE.json
A69-DWB;Södermanland;Flen;2.0;Bete;2004-07-09;Helgesta 4;https://etjanst.sjv.se/tuvaut/?f=&id=A69-DWB;https://etjanst.sjv.se/hagenpub/rest/base/object/A69-DWB;docs/tuva/sodermanland/objektrapporter/A69-DWB.json
A6B-VGS;Södermanland;Flen;4.46;Bete;2003-09-09;Stora Dal1;https://etjanst.sjv.se/tuvaut/?f=&id=A6B-VGS;https://etjanst.sjv.se/hagenpub/rest/base/object/A6B-VGS;docs/tuva/sodermanland/objektrapporter/A6B-VGS.json
A6C-VJU;Södermanland;Strängnäs;0.98;Bete;2002-08-14;Hässelby;https://etjanst.sjv.se/tuvaut/?f=&id=A6C-VJU;https://etjanst.sjv.se/hagenpub/rest/base/object/A6C-VJU;docs/tuva/sodermanland/objektrapporter/A6C-VJU.json
A6D-NBC;Södermanland;Eskilstuna;2.38;Bete;2003-08-04;Duvetorp1;https://etjanst.sjv.se/tuvaut/?f=&id=A6D-NBC;https://etjanst.sjv.se/hagenpub/rest/base/object/A6D-NBC;docs/tuva/sodermanland/objektrapporter/A6D-NBC.json
A6F-FYA;Södermanland;Flen;0.42;Restaurerbar;2003-09-09;Ökna3;https://etjanst.sjv.se/tuvaut/?f=&id=A6F-FYA;https://etjanst.sjv.se/hagenpub/rest/base/object/A6F-FYA;docs/tuva/sodermanland/objektrapporter/A6F-FYA.json
A6F-PMV;Södermanland;Nyköping;0.97;Bete;2003-09-10;Revlinge 2;https://etjanst.sjv.se/tuvaut/?f=&id=A6F-PMV;https://etjanst.sjv.se/hagenpub/rest/base/object/A6F-PMV;docs/tuva/sodermanland/objektrapporter/A6F-PMV.json
A71-KSB;Södermanland;Eskilstuna;0.9;Bete;2003-06-26;Prästtorp1;https://etjanst.sjv.se/tuvaut/?f=&id=A71-KSB;https://etjanst.sjv.se/hagenpub/rest/base/object/A71-KSB;docs/tuva/sodermanland/objektrapporter/A71-KSB.json
A72-VSH;Södermanland;Gnesta;1.39;Bete;2004-06-23;Axala 5;https://etjanst.sjv.se/tuvaut/?f=&id=A72-VSH;https://etjanst.sjv.se/hagenpub/rest/base/object/A72-VSH;docs/tuva/sodermanland/objektrapporter/A72-VSH.json
A75-YDU;Södermanland;Flen;9.57;Bete;2004-07-26;Sund 1;https://etjanst.sjv.se/tuvaut/?f=&id=A75-YDU;https://etjanst.sjv.se/hagenpub/rest/base/object/A75-YDU;docs/tuva/sodermanland/objektrapporter/A75-YDU.json
A76-LSX;Södermanland;Nyköping;0.83;Bete;2002-07-08;Jonslund;https://etjanst.sjv.se/tuvaut/?f=&id=A76-LSX;https://etjanst.sjv.se/hagenpub/rest/base/object/A76-LSX;docs/tuva/sodermanland/objektrapporter/A76-LSX.json
A77-VGS;Södermanland;Gnesta;0.27;Bete;2004-06-17;Lilla Brandsbol 5;https://etjanst.sjv.se/tuvaut/?f=&id=A77-VGS;https://etjanst.sjv.se/hagenpub/rest/base/object/A77-VGS;docs/tuva/sodermanland/objektrapporter/A77-VGS.json
A79-EPV;Södermanland;Katrineholm;0.16;Bete;2004-07-14;sättra 6;https://etjanst.sjv.se/tuvaut/?f=&id=A79-EPV;https://etjanst.sjv.se/hagenpub/rest/base/object/A79-EPV;docs/tuva/sodermanland/objektrapporter/A79-EPV.json
A79-YUP;Södermanland;Gnesta;4.3;Bete;2003-08-28;Ullsta;https://etjanst.sjv.se/tuvaut/?f=&id=A79-YUP;https://etjanst.sjv.se/hagenpub/rest/base/object/A79-YUP;docs/tuva/sodermanland/objektrapporter/A79-YUP.json
A7A-COE;Södermanland;Nyköping;3.68;Bete;2002-07-14;Brotorp;https://etjanst.sjv.se/tuvaut/?f=&id=A7A-COE;https://etjanst.sjv.se/hagenpub/rest/base/object/A7A-COE;docs/tuva/sodermanland/objektrapporter/A7A-COE.json
A7B-TSP;Södermanland;Nyköping;1.78;Bete;2002-09-11;Löfsund;https://etjanst.sjv.se/tuvaut/?f=&id=A7B-TSP;https://etjanst.sjv.se/hagenpub/rest/base/object/A7B-TSP;docs/tuva/sodermanland/objektrapporter/A7B-TSP.json
A7C-C00;Södermanland;Strängnäs;0.97;Bete;2002-06-03;Krågesta2;https://etjanst.sjv.se/tuvaut/?f=&id=A7C-C00;https://etjanst.sjv.se/hagenpub/rest/base/object/A7C-C00;docs/tuva/sodermanland/objektrapporter/A7C-C00.json
A7C-MMG;Södermanland;Katrineholm;7.85;Bete;2004-07-01;;https://etjanst.sjv.se/tuvaut/?f=&id=A7C-MMG;https://etjanst.sjv.se/hagenpub/rest/base/object/A7C-MMG;docs/tuva/sodermanland/objektrapporter/A7C-MMG.json
A7D-IBR;Södermanland;Flen;0.59;Bete;2004-08-02;torp 3;https://etjanst.sjv.se/tuvaut/?f=&id=A7D-IBR;https://etjanst.sjv.se/hagenpub/rest/base/object/A7D-IBR;docs/tuva/sodermanland/objektrapporter/A7D-IBR.json
A80-BZT;Södermanland;Flen;0.5;Bete;2004-07-26;Hall 2;https://etjanst.sjv.se/tuvaut/?f=&id=A80-BZT;https://etjanst.sjv.se/hagenpub/rest/base/object/A80-BZT;docs/tuva/sodermanland/objektrapporter/A80-BZT.json
A80-XEJ;Södermanland;Flen;0.55;Bete;2004-08-20;Berga 4;https://etjanst.sjv.se/tuvaut/?f=&id=A80-XEJ;https://etjanst.sjv.se/hagenpub/rest/base/object/A80-XEJ;docs/tuva/sodermanland/objektrapporter/A80-XEJ.json
A82-KMZ;Södermanland;Katrineholm;0.86;Bete;2003-06-05;Rensbol;https://etjanst.sjv.se/tuvaut/?f=&id=A82-KMZ;https://etjanst.sjv.se/hagenpub/rest/base/object/A82-KMZ;docs/tuva/sodermanland/objektrapporter/A82-KMZ.json
A86-RBY;Södermanland;Eskilstuna;1.28;Bete;2003-06-27;Berga-Lista1;https://etjanst.sjv.se/tuvaut/?f=&id=A86-RBY;https://etjanst.sjv.se/hagenpub/rest/base/object/A86-RBY;docs/tuva/sodermanland/objektrapporter/A86-RBY.json
A8D-080;Södermanland;Nyköping;2.15;Bete;2002-05-10;Drögsta,2;https://etjanst.sjv.se/tuvaut/?f=&id=A8D-080;https://etjanst.sjv.se/hagenpub/rest/base/object/A8D-080;docs/tuva/sodermanland/objektrapporter/A8D-080.json
A91-JWE;Södermanland;Eskilstuna;2.94;Bete;2003-06-03;Fiskartorp1;https://etjanst.sjv.se/tuvaut/?f=&id=A91-JWE;https://etjanst.sjv.se/hagenpub/rest/base/object/A91-JWE;docs/tuva/sodermanland/objektrapporter/A91-JWE.json
A94-380;Södermanland;Strängnäs;0.26;Äng;2002-06-26;Morrarön1;https://etjanst.sjv.se/tuvaut/?f=&id=A94-380;https://etjanst.sjv.se/hagenpub/rest/base/object/A94-380;docs/tuva/sodermanland/objektrapporter/A94-380.json
A94-BYC;Södermanland;Flen;2.88;Bete;2004-05-26;sofielund 2;https://etjanst.sjv.se/tuvaut/?f=&id=A94-BYC;https://etjanst.sjv.se/hagenpub/rest/base/object/A94-BYC;docs/tuva/sodermanland/objektrapporter/A94-BYC.json
A94-PGO;Södermanland;Katrineholm;0.92;Bete;2002-07-31;Bjurstorp;https://etjanst.sjv.se/tuvaut/?f=&id=A94-PGO;https://etjanst.sjv.se/hagenpub/rest/base/object/A94-PGO;docs/tuva/sodermanland/objektrapporter/A94-PGO.json
A97-SNA;Södermanland;Nyköping;2.85;Bete;2003-05-28;Farneby 1;https://etjanst.sjv.se/tuvaut/?f=&id=A97-SNA;https://etjanst.sjv.se/hagenpub/rest/base/object/A97-SNA;docs/tuva/sodermanland/objektrapporter/A97-SNA.json
A98-OFM;Södermanland;Nyköping;0.68;Bete;2003-09-10;Långbro 4;https://etjanst.sjv.se/tuvaut/?f=&id=A98-OFM;https://etjanst.sjv.se/hagenpub/rest/base/object/A98-OFM;docs/tuva/sodermanland/objektrapporter/A98-OFM.json
A9C-YGP;Södermanland;Flen;2.41;Bete;2004-07-19;Lundby 1;https://etjanst.sjv.se/tuvaut/?f=&id=A9C-YGP;https://etjanst.sjv.se/hagenpub/rest/base/object/A9C-YGP;docs/tuva/sodermanland/objektrapporter/A9C-YGP.json
A9D-FCU;Södermanland;Flen;3.38;Bete;2003-09-15;Ekeby4;https://etjanst.sjv.se/tuvaut/?f=&id=A9D-FCU;https://etjanst.sjv.se/hagenpub/rest/base/object/A9D-FCU;docs/tuva/sodermanland/objektrapporter/A9D-FCU.json
A9D-OMG;Södermanland;Katrineholm;2.79;Bete;2002-08-12;Högerga 1;https://etjanst.sjv.se/tuvaut/?f=&id=A9D-OMG;https://etjanst.sjv.se/hagenpub/rest/base/object/A9D-OMG;docs/tuva/sodermanland/objektrapporter/A9D-OMG.json
A9E-CNF;Södermanland;Nyköping;0.35;Bete;2004-06-05;Nilslund 1;https://etjanst.sjv.se/tuvaut/?f=&id=A9E-CNF;https://etjanst.sjv.se/hagenpub/rest/base/object/A9E-CNF;docs/tuva/sodermanland/objektrapporter/A9E-CNF.json
A9F-GFQ;Södermanland;Eskilstuna;0.56;Restaurerbar;2003-05-15;Risinge2;https://etjanst.sjv.se/tuvaut/?f=&id=A9F-GFQ;https://etjanst.sjv.se/hagenpub/rest/base/object/A9F-GFQ;docs/tuva/sodermanland/objektrapporter/A9F-GFQ.json
AA3-QDW;Södermanland;Katrineholm;7.72;Restaurerbar;2004-09-15;frutäppan;https://etjanst.sjv.se/tuvaut/?f=&id=AA3-QDW;https://etjanst.sjv.se/hagenpub/rest/base/object/AA3-QDW;docs/tuva/sodermanland/objektrapporter/AA3-QDW.json
AA4-GUL;Södermanland;Flen;0.65;Bete;2003-08-01;Staväng 4;https://etjanst.sjv.se/tuvaut/?f=&id=AA4-GUL;https://etjanst.sjv.se/hagenpub/rest/base/object/AA4-GUL;docs/tuva/sodermanland/objektrapporter/AA4-GUL.json
AA7-NLX;Södermanland;Flen;2.12;Bete;2004-06-30;Slaggärdet 3;https://etjanst.sjv.se/tuvaut/?f=&id=AA7-NLX;https://etjanst.sjv.se/hagenpub/rest/base/object/AA7-NLX;docs/tuva/sodermanland/objektrapporter/AA7-NLX.json
AA7-PUX;Södermanland;Eskilstuna;0.65;Bete;2004-08-27;Västeräng;https://etjanst.sjv.se/tuvaut/?f=&id=AA7-PUX;https://etjanst.sjv.se/hagenpub/rest/base/object/AA7-PUX;docs/tuva/sodermanland/objektrapporter/AA7-PUX.json
AA8-EKZ;Södermanland;Gnesta;1.54;Bete;2004-08-05;Jordanstorp 1;https://etjanst.sjv.se/tuvaut/?f=&id=AA8-EKZ;https://etjanst.sjv.se/hagenpub/rest/base/object/AA8-EKZ;docs/tuva/sodermanland/objektrapporter/AA8-EKZ.json
AA9-HFC;Södermanland;Eskilstuna;8.95;Bete;2002-09-03;Mesta4;https://etjanst.sjv.se/tuvaut/?f=&id=AA9-HFC;https://etjanst.sjv.se/hagenpub/rest/base/object/AA9-HFC;docs/tuva/sodermanland/objektrapporter/AA9-HFC.json
AAA-QPA;Södermanland;Katrineholm;0.92;Bete;2003-06-12;Karlsro 1;https://etjanst.sjv.se/tuvaut/?f=&id=AAA-QPA;https://etjanst.sjv.se/hagenpub/rest/base/object/AAA-QPA;docs/tuva/sodermanland/objektrapporter/AAA-QPA.json
AAB-500;Södermanland;Nyköping;1.33;Bete;2002-07-01;Nysäter;https://etjanst.sjv.se/tuvaut/?f=&id=AAB-500;https://etjanst.sjv.se/hagenpub/rest/base/object/AAB-500;docs/tuva/sodermanland/objektrapporter/AAB-500.json
AAD-680;Södermanland;Katrineholm;0.91;Bete;2002-07-02;Älgsjötorp 6;https://etjanst.sjv.se/tuvaut/?f=&id=AAD-680;https://etjanst.sjv.se/hagenpub/rest/base/object/AAD-680;docs/tuva/sodermanland/objektrapporter/AAD-680.json
AAD-BWR;Södermanland;Flen;1.24;Bete;2004-05-19;drättäng;https://etjanst.sjv.se/tuvaut/?f=&id=AAD-BWR;https://etjanst.sjv.se/hagenpub/rest/base/object/AAD-BWR;docs/tuva/sodermanland/objektrapporter/AAD-BWR.json
AAF-EZV;Södermanland;Eskilstuna;4.66;Bete;2003-08-13;Svenstorp2;https://etjanst.sjv.se/tuvaut/?f=&id=AAF-EZV;https://etjanst.sjv.se/hagenpub/rest/base/object/AAF-EZV;docs/tuva/sodermanland/objektrapporter/AAF-EZV.json
AAF-PUR;Södermanland;Strängnäs;16.06;Bete;2002-07-12;Edeby Säteri2;https://etjanst.sjv.se/tuvaut/?f=&id=AAF-PUR;https://etjanst.sjv.se/hagenpub/rest/base/object/AAF-PUR;docs/tuva/sodermanland/objektrapporter/AAF-PUR.json
AAH-DUX;Södermanland;Flen;0.32;Bete;2023-06-01;Lagmansö;https://etjanst.sjv.se/tuvaut/?f=&id=AAH-DUX;https://etjanst.sjv.se/hagenpub/rest/base/object/AAH-DUX;docs/tuva/sodermanland/objektrapporter/AAH-DUX.json
AB2-YRR;Södermanland;Eskilstuna;0.95;Bete;2003-09-01;Stavhäll3;https://etjanst.sjv.se/tuvaut/?f=&id=AB2-YRR;https://etjanst.sjv.se/hagenpub/rest/base/object/AB2-YRR;docs/tuva/sodermanland/objektrapporter/AB2-YRR.json
AB3-880;Södermanland;Nyköping;1.36;Bete;2002-06-17;Visätter, Tuna;https://etjanst.sjv.se/tuvaut/?f=&id=AB3-880;https://etjanst.sjv.se/hagenpub/rest/base/object/AB3-880;docs/tuva/sodermanland/objektrapporter/AB3-880.json
AB6-KSB;Södermanland;Nyköping;5.39;Restaurerbar;2002-09-11;Löfsund;https://etjanst.sjv.se/tuvaut/?f=&id=AB6-KSB;https://etjanst.sjv.se/hagenpub/rest/base/object/AB6-KSB;docs/tuva/sodermanland/objektrapporter/AB6-KSB.json
AB6-ZIH;Södermanland;Nyköping;5.09;Restaurerbar;2002-07-15;Vallby;https://etjanst.sjv.se/tuvaut/?f=&id=AB6-ZIH;https://etjanst.sjv.se/hagenpub/rest/base/object/AB6-ZIH;docs/tuva/sodermanland/objektrapporter/AB6-ZIH.json
ABC-AFW;Södermanland;Strängnäs;2.86;Restaurerbar;2002-07-17;Hasta2;https://etjanst.sjv.se/tuvaut/?f=&id=ABC-AFW;https://etjanst.sjv.se/hagenpub/rest/base/object/ABC-AFW;docs/tuva/sodermanland/objektrapporter/ABC-AFW.json
ABD-400;Södermanland;Eskilstuna;11.26;Bete;2002-05-17;Hedtorp1;https://etjanst.sjv.se/tuvaut/?f=&id=ABD-400;https://etjanst.sjv.se/hagenpub/rest/base/object/ABD-400;docs/tuva/sodermanland/objektrapporter/ABD-400.json
ABD-PEK;Södermanland;Flen;4.15;Bete;2004-08-04;Tuna;https://etjanst.sjv.se/tuvaut/?f=&id=ABD-PEK;https://etjanst.sjv.se/hagenpub/rest/base/object/ABD-PEK;docs/tuva/sodermanland/objektrapporter/ABD-PEK.json
ABD-WKV;Södermanland;Flen;3.25;Bete;2003-09-23;;https://etjanst.sjv.se/tuvaut/?f=&id=ABD-WKV;https://etjanst.sjv.se/hagenpub/rest/base/object/ABD-WKV;docs/tuva/sodermanland/objektrapporter/ABD-WKV.json
ABE-JTO;Södermanland;Strängnäs;10.04;Bete;2003-09-05;Forsanäs;https://etjanst.sjv.se/tuvaut/?f=&id=ABE-JTO;https://etjanst.sjv.se/hagenpub/rest/base/object/ABE-JTO;docs/tuva/sodermanland/objektrapporter/ABE-JTO.json
ABE-NVE;Södermanland;Katrineholm;4.07;Restaurerbar;2002-08-01;Klastorp;https://etjanst.sjv.se/tuvaut/?f=&id=ABE-NVE;https://etjanst.sjv.se/hagenpub/rest/base/object/ABE-NVE;docs/tuva/sodermanland/objektrapporter/ABE-NVE.json
ABF-A80;Södermanland;Strängnäs;7.89;Restaurerbar;2002-04-29;Låsta;https://etjanst.sjv.se/tuvaut/?f=&id=ABF-A80;https://etjanst.sjv.se/hagenpub/rest/base/object/ABF-A80;docs/tuva/sodermanland/objektrapporter/ABF-A80.json
ABF-JFR;Södermanland;Katrineholm;2.4;Bete;2004-07-14;sättra 2;https://etjanst.sjv.se/tuvaut/?f=&id=ABF-JFR;https://etjanst.sjv.se/hagenpub/rest/base/object/ABF-JFR;docs/tuva/sodermanland/objektrapporter/ABF-JFR.json
ABG-EGG;Södermanland;Eskilstuna;0.64;Bete;2019-09-25;Näshulta-Vad 1;https://etjanst.sjv.se/tuvaut/?f=&id=ABG-EGG;https://etjanst.sjv.se/hagenpub/rest/base/object/ABG-EGG;docs/tuva/sodermanland/objektrapporter/ABG-EGG.json
AC2-YTP;Södermanland;Flen;0.32;Bete;2004-07-26;?;https://etjanst.sjv.se/tuvaut/?f=&id=AC2-YTP;https://etjanst.sjv.se/hagenpub/rest/base/object/AC2-YTP;docs/tuva/sodermanland/objektrapporter/AC2-YTP.json
AC3-A80;Södermanland;Nyköping;1.63;Bete;2009-06-30;Nysäter;https://etjanst.sjv.se/tuvaut/?f=&id=AC3-A80;https://etjanst.sjv.se/hagenpub/rest/base/object/AC3-A80;docs/tuva/sodermanland/objektrapporter/AC3-A80.json
AC4-BDE;Södermanland;Gnesta;1.52;Bete;2003-09-17;Bondhälla 5;https://etjanst.sjv.se/tuvaut/?f=&id=AC4-BDE;https://etjanst.sjv.se/hagenpub/rest/base/object/AC4-BDE;docs/tuva/sodermanland/objektrapporter/AC4-BDE.json
AC4-ECW;Södermanland;Nyköping;6.43;Bete;2004-06-11;Kappsta;https://etjanst.sjv.se/tuvaut/?f=&id=AC4-ECW;https://etjanst.sjv.se/hagenpub/rest/base/object/AC4-ECW;docs/tuva/sodermanland/objektrapporter/AC4-ECW.json
AC8-PSA;Södermanland;Katrineholm;0.18;Bete;2004-06-21;;https://etjanst.sjv.se/tuvaut/?f=&id=AC8-PSA;https://etjanst.sjv.se/hagenpub/rest/base/object/AC8-PSA;docs/tuva/sodermanland/objektrapporter/AC8-PSA.json
ACA-PVX;Södermanland;Nyköping;1.4;Bete;2003-06-06;Stensund 2;https://etjanst.sjv.se/tuvaut/?f=&id=ACA-PVX;https://etjanst.sjv.se/hagenpub/rest/base/object/ACA-PVX;docs/tuva/sodermanland/objektrapporter/ACA-PVX.json
ACC-ZZZ;Södermanland;Trosa;2.48;Bete;2019-08-21;Lundby 1;https://etjanst.sjv.se/tuvaut/?f=&id=ACC-ZZZ;https://etjanst.sjv.se/hagenpub/rest/base/object/ACC-ZZZ;docs/tuva/sodermanland/objektrapporter/ACC-ZZZ.json
ACU-BFO;Södermanland;Trosa;3.21;Bete;2026-07-09;Askö;https://etjanst.sjv.se/tuvaut/?f=&id=ACU-BFO;https://etjanst.sjv.se/hagenpub/rest/base/object/ACU-BFO;docs/tuva/sodermanland/objektrapporter/ACU-BFO.json
AD3-JUB;Södermanland;Katrineholm;4.19;Bete;2002-07-09;Hänniketäppan;https://etjanst.sjv.se/tuvaut/?f=&id=AD3-JUB;https://etjanst.sjv.se/hagenpub/rest/base/object/AD3-JUB;docs/tuva/sodermanland/objektrapporter/AD3-JUB.json
AD6-GYF;Södermanland;Flen;1.12;Bete;2004-08-09;gorgholm 1;https://etjanst.sjv.se/tuvaut/?f=&id=AD6-GYF;https://etjanst.sjv.se/hagenpub/rest/base/object/AD6-GYF;docs/tuva/sodermanland/objektrapporter/AD6-GYF.json
AD9-BNQ;Södermanland;Katrineholm;16.54;Bete;2004-05-28;årby;https://etjanst.sjv.se/tuvaut/?f=&id=AD9-BNQ;https://etjanst.sjv.se/hagenpub/rest/base/object/AD9-BNQ;docs/tuva/sodermanland/objektrapporter/AD9-BNQ.json
ADA-VXQ;Södermanland;Gnesta;18.34;Restaurerbar;2003-09-11;Hallsta 2;https://etjanst.sjv.se/tuvaut/?f=&id=ADA-VXQ;https://etjanst.sjv.se/hagenpub/rest/base/object/ADA-VXQ;docs/tuva/sodermanland/objektrapporter/ADA-VXQ.json
ADD-BME;Södermanland;Katrineholm;1.01;Bete;2004-09-03;myrkärr extra ;https://etjanst.sjv.se/tuvaut/?f=&id=ADD-BME;https://etjanst.sjv.se/hagenpub/rest/base/object/ADD-BME;docs/tuva/sodermanland/objektrapporter/ADD-BME.json
ADD-RZJ;Södermanland;Katrineholm;0.88;Bete;2003-07-03;Rosslen 1;https://etjanst.sjv.se/tuvaut/?f=&id=ADD-RZJ;https://etjanst.sjv.se/hagenpub/rest/base/object/ADD-RZJ;docs/tuva/sodermanland/objektrapporter/ADD-RZJ.json
ADF-FDA;Södermanland;Eskilstuna;1.57;Restaurerbar;2002-09-23;Lindholm2;https://etjanst.sjv.se/tuvaut/?f=&id=ADF-FDA;https://etjanst.sjv.se/hagenpub/rest/base/object/ADF-FDA;docs/tuva/sodermanland/objektrapporter/ADF-FDA.json
AE0-NLF;Södermanland;Gnesta;2.22;Bete;2004-08-12;Odensberga 1;https://etjanst.sjv.se/tuvaut/?f=&id=AE0-NLF;https://etjanst.sjv.se/hagenpub/rest/base/object/AE0-NLF;docs/tuva/sodermanland/objektrapporter/AE0-NLF.json
AE1-EDA;Södermanland;Vingåker;0.63;Bete;2003-08-11;;https://etjanst.sjv.se/tuvaut/?f=&id=AE1-EDA;https://etjanst.sjv.se/hagenpub/rest/base/object/AE1-EDA;docs/tuva/sodermanland/objektrapporter/AE1-EDA.json
AE1-EQW;Södermanland;Katrineholm;0.62;Restaurerbar;2002-07-31;Båltsnäs 3;https://etjanst.sjv.se/tuvaut/?f=&id=AE1-EQW;https://etjanst.sjv.se/hagenpub/rest/base/object/AE1-EQW;docs/tuva/sodermanland/objektrapporter/AE1-EQW.json
AE1-GPV;Södermanland;Gnesta;0.82;Bete;2004-06-04;Rönnberga 3;https://etjanst.sjv.se/tuvaut/?f=&id=AE1-GPV;https://etjanst.sjv.se/hagenpub/rest/base/object/AE1-GPV;docs/tuva/sodermanland/objektrapporter/AE1-GPV.json
AE2-LBF;Södermanland;Katrineholm;5.81;Bete;2004-08-26;bro;https://etjanst.sjv.se/tuvaut/?f=&id=AE2-LBF;https://etjanst.sjv.se/hagenpub/rest/base/object/AE2-LBF;docs/tuva/sodermanland/objektrapporter/AE2-LBF.json
AE2-QSF;Södermanland;Flen;0.4;Bete;2003-09-26;;https://etjanst.sjv.se/tuvaut/?f=&id=AE2-QSF;https://etjanst.sjv.se/hagenpub/rest/base/object/AE2-QSF;docs/tuva/sodermanland/objektrapporter/AE2-QSF.json
AE4-YDP;Södermanland;Vingåker;5.63;Bete;2003-08-04;Ärnebäck 1;https://etjanst.sjv.se/tuvaut/?f=&id=AE4-YDP;https://etjanst.sjv.se/hagenpub/rest/base/object/AE4-YDP;docs/tuva/sodermanland/objektrapporter/AE4-YDP.json
AE5-VHK;Södermanland;Gnesta;1.71;Bete;2003-09-29;Viby 2;https://etjanst.sjv.se/tuvaut/?f=&id=AE5-VHK;https://etjanst.sjv.se/hagenpub/rest/base/object/AE5-VHK;docs/tuva/sodermanland/objektrapporter/AE5-VHK.json
AE6-KZO;Södermanland;Gnesta;2.91;Bete;2004-06-28;Rösund 3 ;https://etjanst.sjv.se/tuvaut/?f=&id=AE6-KZO;https://etjanst.sjv.se/hagenpub/rest/base/object/AE6-KZO;docs/tuva/sodermanland/objektrapporter/AE6-KZO.json
AE7-AVL;Södermanland;Flen;0.91;Bete;2004-06-21;Kyrkobol 5;https://etjanst.sjv.se/tuvaut/?f=&id=AE7-AVL;https://etjanst.sjv.se/hagenpub/rest/base/object/AE7-AVL;docs/tuva/sodermanland/objektrapporter/AE7-AVL.json
AE7-F00;Södermanland;Strängnäs;8.2;Bete;2002-06-26;Mälby1;https://etjanst.sjv.se/tuvaut/?f=&id=AE7-F00;https://etjanst.sjv.se/hagenpub/rest/base/object/AE7-F00;docs/tuva/sodermanland/objektrapporter/AE7-F00.json
AE7-HOH;Södermanland;Gnesta;2.49;Bete;2003-09-04;Skeppsta 2;https://etjanst.sjv.se/tuvaut/?f=&id=AE7-HOH;https://etjanst.sjv.se/hagenpub/rest/base/object/AE7-HOH;docs/tuva/sodermanland/objektrapporter/AE7-HOH.json
AEA-BZF;Södermanland;Flen;0.61;Bete;2003-08-01;Yxtaholm 3;https://etjanst.sjv.se/tuvaut/?f=&id=AEA-BZF;https://etjanst.sjv.se/hagenpub/rest/base/object/AEA-BZF;docs/tuva/sodermanland/objektrapporter/AEA-BZF.json
AEA-WFC;Södermanland;Strängnäs;6.77;Bete;2002-07-19;Björktorp1;https://etjanst.sjv.se/tuvaut/?f=&id=AEA-WFC;https://etjanst.sjv.se/hagenpub/rest/base/object/AEA-WFC;docs/tuva/sodermanland/objektrapporter/AEA-WFC.json
AEC-FUB;Södermanland;Katrineholm;0.67;Bete;2004-07-13;v grysta 4;https://etjanst.sjv.se/tuvaut/?f=&id=AEC-FUB;https://etjanst.sjv.se/hagenpub/rest/base/object/AEC-FUB;docs/tuva/sodermanland/objektrapporter/AEC-FUB.json
AEC-KPM;Södermanland;Eskilstuna;2.89;Bete;2003-07-30;Örsta1;https://etjanst.sjv.se/tuvaut/?f=&id=AEC-KPM;https://etjanst.sjv.se/hagenpub/rest/base/object/AEC-KPM;docs/tuva/sodermanland/objektrapporter/AEC-KPM.json
AEC-VPC;Södermanland;Katrineholm;4.51;Bete;2004-07-14;sättra 7;https://etjanst.sjv.se/tuvaut/?f=&id=AEC-VPC;https://etjanst.sjv.se/hagenpub/rest/base/object/AEC-VPC;docs/tuva/sodermanland/objektrapporter/AEC-VPC.json
AEF-D00;Södermanland;Katrineholm;2.42;Ej aktuell;2002-04-23;Hebytorp;https://etjanst.sjv.se/tuvaut/?f=&id=AEF-D00;https://etjanst.sjv.se/hagenpub/rest/base/object/AEF-D00;docs/tuva/sodermanland/objektrapporter/AEF-D00.json
AEI-OMK;Södermanland;Nyköping;0.76;Bete;2023-09-18;Arnö;https://etjanst.sjv.se/tuvaut/?f=&id=AEI-OMK;https://etjanst.sjv.se/hagenpub/rest/base/object/AEI-OMK;docs/tuva/sodermanland/objektrapporter/AEI-OMK.json
AEN-HRE;Södermanland;Nyköping;1.13;Bete;2023-09-27;Svärta gård;https://etjanst.sjv.se/tuvaut/?f=&id=AEN-HRE;https://etjanst.sjv.se/hagenpub/rest/base/object/AEN-HRE;docs/tuva/sodermanland/objektrapporter/AEN-HRE.json
AF1-CPC;Södermanland;Strängnäs;34.3;Bete;2002-08-09;Gripsholm;https://etjanst.sjv.se/tuvaut/?f=&id=AF1-CPC;https://etjanst.sjv.se/hagenpub/rest/base/object/AF1-CPC;docs/tuva/sodermanland/objektrapporter/AF1-CPC.json
AF5-HSZ;Södermanland;Eskilstuna;0.81;Restaurerbar;2002-09-17;Nystugan;https://etjanst.sjv.se/tuvaut/?f=&id=AF5-HSZ;https://etjanst.sjv.se/hagenpub/rest/base/object/AF5-HSZ;docs/tuva/sodermanland/objektrapporter/AF5-HSZ.json
AF7-XJM;Södermanland;Nyköping;1.36;Bete;2004-06-08;Dalby;https://etjanst.sjv.se/tuvaut/?f=&id=AF7-XJM;https://etjanst.sjv.se/hagenpub/rest/base/object/AF7-XJM;docs/tuva/sodermanland/objektrapporter/AF7-XJM.json
AF8-E80;Södermanland;Nyköping;1.23;Restaurerbar;2002-07-04;Måstena;https://etjanst.sjv.se/tuvaut/?f=&id=AF8-E80;https://etjanst.sjv.se/hagenpub/rest/base/object/AF8-E80;docs/tuva/sodermanland/objektrapporter/AF8-E80.json
AF9-380;Södermanland;Nyköping;2.04;Bete;2002-07-03;Hultebo;https://etjanst.sjv.se/tuvaut/?f=&id=AF9-380;https://etjanst.sjv.se/hagenpub/rest/base/object/AF9-380;docs/tuva/sodermanland/objektrapporter/AF9-380.json
AF9-ZCL;Södermanland;Eskilstuna;1.87;Bete;2003-07-21;Berga4;https://etjanst.sjv.se/tuvaut/?f=&id=AF9-ZCL;https://etjanst.sjv.se/hagenpub/rest/base/object/AF9-ZCL;docs/tuva/sodermanland/objektrapporter/AF9-ZCL.json
AFB-HNN;Södermanland;Katrineholm;7.16;Bete;2004-08-26;buddetorp 3;https://etjanst.sjv.se/tuvaut/?f=&id=AFB-HNN;https://etjanst.sjv.se/hagenpub/rest/base/object/AFB-HNN;docs/tuva/sodermanland/objektrapporter/AFB-HNN.json
AFB-MGZ;Södermanland;Nyköping;7.61;Bete;2004-05-06;Tranvik;https://etjanst.sjv.se/tuvaut/?f=&id=AFB-MGZ;https://etjanst.sjv.se/hagenpub/rest/base/object/AFB-MGZ;docs/tuva/sodermanland/objektrapporter/AFB-MGZ.json
AFD-OTR;Södermanland;Eskilstuna;3.18;Restaurerbar;2003-05-16;Biby-Lövön;https://etjanst.sjv.se/tuvaut/?f=&id=AFD-OTR;https://etjanst.sjv.se/hagenpub/rest/base/object/AFD-OTR;docs/tuva/sodermanland/objektrapporter/AFD-OTR.json
AFE-EYR;Södermanland;Eskilstuna;0.27;Restaurerbar;2002-09-20;Fäboda4;https://etjanst.sjv.se/tuvaut/?f=&id=AFE-EYR;https://etjanst.sjv.se/hagenpub/rest/base/object/AFE-EYR;docs/tuva/sodermanland/objektrapporter/AFE-EYR.json
AFE-OMY;Södermanland;Eskilstuna;5.78;Bete;2003-06-25;KRIstinelund;https://etjanst.sjv.se/tuvaut/?f=&id=AFE-OMY;https://etjanst.sjv.se/hagenpub/rest/base/object/AFE-OMY;docs/tuva/sodermanland/objektrapporter/AFE-OMY.json
AFP-KGY;Södermanland;Vingåker;15.12;Bete;2012-09-19;Forsby 3;https://etjanst.sjv.se/tuvaut/?f=&id=AFP-KGY;https://etjanst.sjv.se/hagenpub/rest/base/object/AFP-KGY;docs/tuva/sodermanland/objektrapporter/AFP-KGY.json
AHB-CQR;Södermanland;Nyköping;6.68;Bete;2019-06-17;Ökna säteri 1;https://etjanst.sjv.se/tuvaut/?f=&id=AHB-CQR;https://etjanst.sjv.se/hagenpub/rest/base/object/AHB-CQR;docs/tuva/sodermanland/objektrapporter/AHB-CQR.json
AHO-WIT;Södermanland;Strängnäs;0.19;Bete;2018-09-04;Hagby 4;https://etjanst.sjv.se/tuvaut/?f=&id=AHO-WIT;https://etjanst.sjv.se/hagenpub/rest/base/object/AHO-WIT;docs/tuva/sodermanland/objektrapporter/AHO-WIT.json
AIM-YCJ;Södermanland;Katrineholm;0.6;Bete;2023-08-31;Sköldinge-Smedstorp;https://etjanst.sjv.se/tuvaut/?f=&id=AIM-YCJ;https://etjanst.sjv.se/hagenpub/rest/base/object/AIM-YCJ;docs/tuva/sodermanland/objektrapporter/AIM-YCJ.json
AJA-KBI;Södermanland;Trosa;0.32;Ej aktuell;2026-07-02;;https://etjanst.sjv.se/tuvaut/?f=&id=AJA-KBI;https://etjanst.sjv.se/hagenpub/rest/base/object/AJA-KBI;docs/tuva/sodermanland/objektrapporter/AJA-KBI.json
AJF-ESD;Södermanland;Katrineholm;1.29;Bete;2023-07-14;Östra Smedsbol;https://etjanst.sjv.se/tuvaut/?f=&id=AJF-ESD;https://etjanst.sjv.se/hagenpub/rest/base/object/AJF-ESD;docs/tuva/sodermanland/objektrapporter/AJF-ESD.json
AJK-QJM;Södermanland;Nyköping;2.56;Bete;2010-07-07;;https://etjanst.sjv.se/tuvaut/?f=&id=AJK-QJM;https://etjanst.sjv.se/hagenpub/rest/base/object/AJK-QJM;docs/tuva/sodermanland/objektrapporter/AJK-QJM.json
ALP-WTT;Södermanland;Flen;0.63;Bete;2019-08-14;Hytternäs 1;https://etjanst.sjv.se/tuvaut/?f=&id=ALP-WTT;https://etjanst.sjv.se/hagenpub/rest/base/object/ALP-WTT;docs/tuva/sodermanland/objektrapporter/ALP-WTT.json
AMF-JMG;Södermanland;Eskilstuna;2.79;Bete;2023-06-29;Gubbklinten;https://etjanst.sjv.se/tuvaut/?f=&id=AMF-JMG;https://etjanst.sjv.se/hagenpub/rest/base/object/AMF-JMG;docs/tuva/sodermanland/objektrapporter/AMF-JMG.json
AMI-NHT;Södermanland;Eskilstuna;0.69;Bete;2019-10-03;Hedensö 1;https://etjanst.sjv.se/tuvaut/?f=&id=AMI-NHT;https://etjanst.sjv.se/hagenpub/rest/base/object/AMI-NHT;docs/tuva/sodermanland/objektrapporter/AMI-NHT.json
AMQ-SDP;Södermanland;Katrineholm;0.26;Bete;2012-09-19;Gimgölet 2;https://etjanst.sjv.se/tuvaut/?f=&id=AMQ-SDP;https://etjanst.sjv.se/hagenpub/rest/base/object/AMQ-SDP;docs/tuva/sodermanland/objektrapporter/AMQ-SDP.json
APA-DGZ;Södermanland;Strängnäs;1.11;Bete;2023-08-16;Toresunds-Sundby;https://etjanst.sjv.se/tuvaut/?f=&id=APA-DGZ;https://etjanst.sjv.se/hagenpub/rest/base/object/APA-DGZ;docs/tuva/sodermanland/objektrapporter/APA-DGZ.json
APE-VQL;Södermanland;Katrineholm;0.5;Bete;2010-06-30;Hässle 1:1;https://etjanst.sjv.se/tuvaut/?f=&id=APE-VQL;https://etjanst.sjv.se/hagenpub/rest/base/object/APE-VQL;docs/tuva/sodermanland/objektrapporter/APE-VQL.json
APR-CHF;Södermanland;Strängnäs;0.85;Bete;2018-09-04;Marietorp 1;https://etjanst.sjv.se/tuvaut/?f=&id=APR-CHF;https://etjanst.sjv.se/hagenpub/rest/base/object/APR-CHF;docs/tuva/sodermanland/objektrapporter/APR-CHF.json
APY-FHA;Södermanland;Flen;0.25;Restaurerbar;2012-09-28;Sofieberg;https://etjanst.sjv.se/tuvaut/?f=&id=APY-FHA;https://etjanst.sjv.se/hagenpub/rest/base/object/APY-FHA;docs/tuva/sodermanland/objektrapporter/APY-FHA.json
AQU-DRT;Södermanland;Flen;3.29;Bete;2019-08-22;Remna 1;https://etjanst.sjv.se/tuvaut/?f=&id=AQU-DRT;https://etjanst.sjv.se/hagenpub/rest/base/object/AQU-DRT;docs/tuva/sodermanland/objektrapporter/AQU-DRT.json
AQZ-FKA;Södermanland;Eskilstuna;0.46;Bete;2018-09-12;Prostökna 1;https://etjanst.sjv.se/tuvaut/?f=&id=AQZ-FKA;https://etjanst.sjv.se/hagenpub/rest/base/object/AQZ-FKA;docs/tuva/sodermanland/objektrapporter/AQZ-FKA.json
ASY-BYJ;Södermanland;Nyköping;1.29;Bete;2010-06-30;Halla-Grindstugan 1:1;https://etjanst.sjv.se/tuvaut/?f=&id=ASY-BYJ;https://etjanst.sjv.se/hagenpub/rest/base/object/ASY-BYJ;docs/tuva/sodermanland/objektrapporter/ASY-BYJ.json
ATP-UDK;Södermanland;Nyköping;7.65;Bete;2023-06-19;Ripsa-Edeby;https://etjanst.sjv.se/tuvaut/?f=&id=ATP-UDK;https://etjanst.sjv.se/hagenpub/rest/base/object/ATP-UDK;docs/tuva/sodermanland/objektrapporter/ATP-UDK.json
AWT-MKH;Södermanland;Eskilstuna;0.64;Bete;2023-06-29;Rosendal;https://etjanst.sjv.se/tuvaut/?f=&id=AWT-MKH;https://etjanst.sjv.se/hagenpub/rest/base/object/AWT-MKH;docs/tuva/sodermanland/objektrapporter/AWT-MKH.json
AXD-ZAI;Södermanland;Strängnäs;6.19;Restaurerbar;2023-08-04;Elma;https://etjanst.sjv.se/tuvaut/?f=&id=AXD-ZAI;https://etjanst.sjv.se/hagenpub/rest/base/object/AXD-ZAI;docs/tuva/sodermanland/objektrapporter/AXD-ZAI.json
AXJ-VXT;Södermanland;Nyköping;0.2;Bete;2010-07-08;;https://etjanst.sjv.se/tuvaut/?f=&id=AXJ-VXT;https://etjanst.sjv.se/hagenpub/rest/base/object/AXJ-VXT;docs/tuva/sodermanland/objektrapporter/AXJ-VXT.json
AYB-GJO;Södermanland;Trosa;0.28;Ej aktuell;2026-07-02;;https://etjanst.sjv.se/tuvaut/?f=&id=AYB-GJO;https://etjanst.sjv.se/hagenpub/rest/base/object/AYB-GJO;docs/tuva/sodermanland/objektrapporter/AYB-GJO.json
AYI-OPN;Södermanland;Nyköping;2.1;Bete;2009-08-21;;https://etjanst.sjv.se/tuvaut/?f=&id=AYI-OPN;https://etjanst.sjv.se/hagenpub/rest/base/object/AYI-OPN;docs/tuva/sodermanland/objektrapporter/AYI-OPN.json
AYI-PJQ;Södermanland;Eskilstuna;0.17;Bete;2018-10-17;Ladeby 3;https://etjanst.sjv.se/tuvaut/?f=&id=AYI-PJQ;https://etjanst.sjv.se/hagenpub/rest/base/object/AYI-PJQ;docs/tuva/sodermanland/objektrapporter/AYI-PJQ.json
AYZ-LPD;Södermanland;Strängnäs;2.81;Bete;2008-08-28;Aspö-Ingeby;https://etjanst.sjv.se/tuvaut/?f=&id=AYZ-LPD;https://etjanst.sjv.se/hagenpub/rest/base/object/AYZ-LPD;docs/tuva/sodermanland/objektrapporter/AYZ-LPD.json
AZD-AQA;Södermanland;Flen;0.37;Bete;2019-08-13;Heby 3;https://etjanst.sjv.se/tuvaut/?f=&id=AZD-AQA;https://etjanst.sjv.se/hagenpub/rest/base/object/AZD-AQA;docs/tuva/sodermanland/objektrapporter/AZD-AQA.json
AZL-QOW;Södermanland;Gnesta;0.72;Bete;2019-06-25;Björnlunda-Jakobsberg 1;https://etjanst.sjv.se/tuvaut/?f=&id=AZL-QOW;https://etjanst.sjv.se/hagenpub/rest/base/object/AZL-QOW;docs/tuva/sodermanland/objektrapporter/AZL-QOW.json
B00-KIT;Södermanland;Eskilstuna;2.8;Bete;2003-09-02;Lövåsen1;https://etjanst.sjv.se/tuvaut/?f=&id=B00-KIT;https://etjanst.sjv.se/hagenpub/rest/base/object/B00-KIT;docs/tuva/sodermanland/objektrapporter/B00-KIT.json
B02-JYF;Södermanland;Vingåker;8.01;Restaurerbar;2003-09-03;Lucketorp;https://etjanst.sjv.se/tuvaut/?f=&id=B02-JYF;https://etjanst.sjv.se/hagenpub/rest/base/object/B02-JYF;docs/tuva/sodermanland/objektrapporter/B02-JYF.json
B04-GXG;Södermanland;Nyköping;2.33;Bete;2004-08-17;Spatorp;https://etjanst.sjv.se/tuvaut/?f=&id=B04-GXG;https://etjanst.sjv.se/hagenpub/rest/base/object/B04-GXG;docs/tuva/sodermanland/objektrapporter/B04-GXG.json
B04-SZE;Södermanland;Gnesta;6.36;Bete;2004-07-02;Skenda;https://etjanst.sjv.se/tuvaut/?f=&id=B04-SZE;https://etjanst.sjv.se/hagenpub/rest/base/object/B04-SZE;docs/tuva/sodermanland/objektrapporter/B04-SZE.json
B04-VUX;Södermanland;Nyköping;2.26;Restaurerbar;2004-07-29;Sofielund 2;https://etjanst.sjv.se/tuvaut/?f=&id=B04-VUX;https://etjanst.sjv.se/hagenpub/rest/base/object/B04-VUX;docs/tuva/sodermanland/objektrapporter/B04-VUX.json
B05-480;Södermanland;Katrineholm;0.32;Bete;2002-06-26;Kvarntorp 2;https://etjanst.sjv.se/tuvaut/?f=&id=B05-480;https://etjanst.sjv.se/hagenpub/rest/base/object/B05-480;docs/tuva/sodermanland/objektrapporter/B05-480.json
B05-LPX;Södermanland;Vingåker;2.51;Bete;2003-08-07;Billsbro 3;https://etjanst.sjv.se/tuvaut/?f=&id=B05-LPX;https://etjanst.sjv.se/hagenpub/rest/base/object/B05-LPX;docs/tuva/sodermanland/objektrapporter/B05-LPX.json
B06-VKW;Södermanland;Nyköping;6.43;Bete;2002-08-27;Brobystugan;https://etjanst.sjv.se/tuvaut/?f=&id=B06-VKW;https://etjanst.sjv.se/hagenpub/rest/base/object/B06-VKW;docs/tuva/sodermanland/objektrapporter/B06-VKW.json
B07-PAO;Södermanland;Eskilstuna;1.35;Bete;2003-06-30;Hallsta2;https://etjanst.sjv.se/tuvaut/?f=&id=B07-PAO;https://etjanst.sjv.se/hagenpub/rest/base/object/B07-PAO;docs/tuva/sodermanland/objektrapporter/B07-PAO.json
B07-ZHR;Södermanland;Nyköping;2.21;Äng;2004-08-03;Sävö 3;https://etjanst.sjv.se/tuvaut/?f=&id=B07-ZHR;https://etjanst.sjv.se/hagenpub/rest/base/object/B07-ZHR;docs/tuva/sodermanland/objektrapporter/B07-ZHR.json
B08-KLH;Södermanland;Nyköping;2.87;Bete;2018-06-13;Ånga;https://etjanst.sjv.se/tuvaut/?f=&id=B08-KLH;https://etjanst.sjv.se/hagenpub/rest/base/object/B08-KLH;docs/tuva/sodermanland/objektrapporter/B08-KLH.json
B09-KQR;Södermanland;Eskilstuna;6.71;Bete;2003-06-26;Lista2;https://etjanst.sjv.se/tuvaut/?f=&id=B09-KQR;https://etjanst.sjv.se/hagenpub/rest/base/object/B09-KQR;docs/tuva/sodermanland/objektrapporter/B09-KQR.json
B0C-NUZ;Södermanland;Flen;5.82;Bete;2004-06-17;Flinksta 2;https://etjanst.sjv.se/tuvaut/?f=&id=B0C-NUZ;https://etjanst.sjv.se/hagenpub/rest/base/object/B0C-NUZ;docs/tuva/sodermanland/objektrapporter/B0C-NUZ.json
B0D-DLC;Södermanland;Vingåker;0.55;Bete;2003-09-11;;https://etjanst.sjv.se/tuvaut/?f=&id=B0D-DLC;https://etjanst.sjv.se/hagenpub/rest/base/object/B0D-DLC;docs/tuva/sodermanland/objektrapporter/B0D-DLC.json
B0F-DPX;Södermanland;Katrineholm;1.71;Bete;2004-05-17;östra vegred 3;https://etjanst.sjv.se/tuvaut/?f=&id=B0F-DPX;https://etjanst.sjv.se/hagenpub/rest/base/object/B0F-DPX;docs/tuva/sodermanland/objektrapporter/B0F-DPX.json
B12-DMJ;Södermanland;Strängnäs;5.18;Bete;2002-09-24;Kuggnäs1;https://etjanst.sjv.se/tuvaut/?f=&id=B12-DMJ;https://etjanst.sjv.se/hagenpub/rest/base/object/B12-DMJ;docs/tuva/sodermanland/objektrapporter/B12-DMJ.json
B13-OYU;Södermanland;Katrineholm;3.21;Bete;2004-07-01;rosendal 3;https://etjanst.sjv.se/tuvaut/?f=&id=B13-OYU;https://etjanst.sjv.se/hagenpub/rest/base/object/B13-OYU;docs/tuva/sodermanland/objektrapporter/B13-OYU.json
B14-NQO;Södermanland;Katrineholm;0.63;Bete;2004-06-17;brebol 5;https://etjanst.sjv.se/tuvaut/?f=&id=B14-NQO;https://etjanst.sjv.se/hagenpub/rest/base/object/B14-NQO;docs/tuva/sodermanland/objektrapporter/B14-NQO.json
B15-780;Södermanland;Gnesta;6.17;Bete;2002-05-14;Stora Skinnvalla;https://etjanst.sjv.se/tuvaut/?f=&id=B15-780;https://etjanst.sjv.se/hagenpub/rest/base/object/B15-780;docs/tuva/sodermanland/objektrapporter/B15-780.json
B16-680;Södermanland;Strängnäs;2.2;Bete;2002-06-03;Krågesta1;https://etjanst.sjv.se/tuvaut/?f=&id=B16-680;https://etjanst.sjv.se/hagenpub/rest/base/object/B16-680;docs/tuva/sodermanland/objektrapporter/B16-680.json
B16-D00;Södermanland;Eskilstuna;11.37;Bete;2002-05-13;Täby2;https://etjanst.sjv.se/tuvaut/?f=&id=B16-D00;https://etjanst.sjv.se/hagenpub/rest/base/object/B16-D00;docs/tuva/sodermanland/objektrapporter/B16-D00.json
B16-LQI;Södermanland;Flen;1.33;Bete;2003-07-29;;https://etjanst.sjv.se/tuvaut/?f=&id=B16-LQI;https://etjanst.sjv.se/hagenpub/rest/base/object/B16-LQI;docs/tuva/sodermanland/objektrapporter/B16-LQI.json
B16-SCM;Södermanland;Flen;1.44;Bete;2004-07-07;Uddberga;https://etjanst.sjv.se/tuvaut/?f=&id=B16-SCM;https://etjanst.sjv.se/hagenpub/rest/base/object/B16-SCM;docs/tuva/sodermanland/objektrapporter/B16-SCM.json
B16-YHF;Södermanland;Flen;1.97;Bete;2004-07-19;Lundby 2;https://etjanst.sjv.se/tuvaut/?f=&id=B16-YHF;https://etjanst.sjv.se/hagenpub/rest/base/object/B16-YHF;docs/tuva/sodermanland/objektrapporter/B16-YHF.json
B19-780;Södermanland;Strängnäs;3.57;Restaurerbar;2002-07-01;Plångsta;https://etjanst.sjv.se/tuvaut/?f=&id=B19-780;https://etjanst.sjv.se/hagenpub/rest/base/object/B19-780;docs/tuva/sodermanland/objektrapporter/B19-780.json
B19-ELZ;Södermanland;Flen;1.29;Bete;2004-08-09;ölmstorp 1;https://etjanst.sjv.se/tuvaut/?f=&id=B19-ELZ;https://etjanst.sjv.se/hagenpub/rest/base/object/B19-ELZ;docs/tuva/sodermanland/objektrapporter/B19-ELZ.json
B1C-WYA;Södermanland;Vingåker;1.11;Bete;2003-08-14;;https://etjanst.sjv.se/tuvaut/?f=&id=B1C-WYA;https://etjanst.sjv.se/hagenpub/rest/base/object/B1C-WYA;docs/tuva/sodermanland/objektrapporter/B1C-WYA.json
B1E-CBE;Södermanland;Gnesta;1.6;Bete;2003-09-17;Bondhälla 3;https://etjanst.sjv.se/tuvaut/?f=&id=B1E-CBE;https://etjanst.sjv.se/hagenpub/rest/base/object/B1E-CBE;docs/tuva/sodermanland/objektrapporter/B1E-CBE.json
B1E-XKQ;Södermanland;Flen;9.78;Bete;2004-08-02;Vibyholm 3;https://etjanst.sjv.se/tuvaut/?f=&id=B1E-XKQ;https://etjanst.sjv.se/hagenpub/rest/base/object/B1E-XKQ;docs/tuva/sodermanland/objektrapporter/B1E-XKQ.json
B20-TFN;Södermanland;Katrineholm;0.76;Bete;2003-07-11;;https://etjanst.sjv.se/tuvaut/?f=&id=B20-TFN;https://etjanst.sjv.se/hagenpub/rest/base/object/B20-TFN;docs/tuva/sodermanland/objektrapporter/B20-TFN.json
B22-ZXJ;Södermanland;Katrineholm;1.92;Bete;2003-07-26;;https://etjanst.sjv.se/tuvaut/?f=&id=B22-ZXJ;https://etjanst.sjv.se/hagenpub/rest/base/object/B22-ZXJ;docs/tuva/sodermanland/objektrapporter/B22-ZXJ.json
B23-680;Södermanland;Nyköping;1.41;Restaurerbar;2002-07-02;Lilla Älghammar;https://etjanst.sjv.se/tuvaut/?f=&id=B23-680;https://etjanst.sjv.se/hagenpub/rest/base/object/B23-680;docs/tuva/sodermanland/objektrapporter/B23-680.json
B23-WUF;Södermanland;Vingåker;1.65;Bete;2003-08-11;Stora Hökhult 1;https://etjanst.sjv.se/tuvaut/?f=&id=B23-WUF;https://etjanst.sjv.se/hagenpub/rest/base/object/B23-WUF;docs/tuva/sodermanland/objektrapporter/B23-WUF.json
B26-JUA;Södermanland;Katrineholm;1.58;Bete;2002-08-12;Myrkärrstugan ?;https://etjanst.sjv.se/tuvaut/?f=&id=B26-JUA;https://etjanst.sjv.se/hagenpub/rest/base/object/B26-JUA;docs/tuva/sodermanland/objektrapporter/B26-JUA.json
B29-700;Södermanland;Nyköping;1.65;Bete;2002-06-29;Skarpåker;https://etjanst.sjv.se/tuvaut/?f=&id=B29-700;https://etjanst.sjv.se/hagenpub/rest/base/object/B29-700;docs/tuva/sodermanland/objektrapporter/B29-700.json
B29-PWM;Södermanland;Gnesta;0.78;Restaurerbar;2004-07-02;Näs 2;https://etjanst.sjv.se/tuvaut/?f=&id=B29-PWM;https://etjanst.sjv.se/hagenpub/rest/base/object/B29-PWM;docs/tuva/sodermanland/objektrapporter/B29-PWM.json
B2B-UFL;Södermanland;Gnesta;13.74;Äng;2018-06-28;Herrökna 1;https://etjanst.sjv.se/tuvaut/?f=&id=B2B-UFL;https://etjanst.sjv.se/hagenpub/rest/base/object/B2B-UFL;docs/tuva/sodermanland/objektrapporter/B2B-UFL.json
B2D-BOV;Södermanland;Katrineholm;8.38;Bete;2003-05-21;Abbotnäs 1;https://etjanst.sjv.se/tuvaut/?f=&id=B2D-BOV;https://etjanst.sjv.se/hagenpub/rest/base/object/B2D-BOV;docs/tuva/sodermanland/objektrapporter/B2D-BOV.json
B2F-TVU;Södermanland;Flen;2.06;Bete;2004-09-08;fågelsundstorp 1;https://etjanst.sjv.se/tuvaut/?f=&id=B2F-TVU;https://etjanst.sjv.se/hagenpub/rest/base/object/B2F-TVU;docs/tuva/sodermanland/objektrapporter/B2F-TVU.json
B2F-ZYU;Södermanland;Flen;0.28;Bete;2003-07-30;Herrgölet 5;https://etjanst.sjv.se/tuvaut/?f=&id=B2F-ZYU;https://etjanst.sjv.se/hagenpub/rest/base/object/B2F-ZYU;docs/tuva/sodermanland/objektrapporter/B2F-ZYU.json
B30-FPE;Södermanland;Trosa;1.13;Bete;2004-05-12;Örbyholm 2;https://etjanst.sjv.se/tuvaut/?f=&id=B30-FPE;https://etjanst.sjv.se/hagenpub/rest/base/object/B30-FPE;docs/tuva/sodermanland/objektrapporter/B30-FPE.json
B31-580;Södermanland;Nyköping;1.6;Restaurerbar;2002-06-27;Ekeslöt;https://etjanst.sjv.se/tuvaut/?f=&id=B31-580;https://etjanst.sjv.se/hagenpub/rest/base/object/B31-580;docs/tuva/sodermanland/objektrapporter/B31-580.json
B31-LPE;Södermanland;Flen;9.62;Bete;2003-09-24;Alm1;https://etjanst.sjv.se/tuvaut/?f=&id=B31-LPE;https://etjanst.sjv.se/hagenpub/rest/base/object/B31-LPE;docs/tuva/sodermanland/objektrapporter/B31-LPE.json
B32-TYA;Södermanland;Flen;3.38;Bete;2003-09-29;Bjursätter 2;https://etjanst.sjv.se/tuvaut/?f=&id=B32-TYA;https://etjanst.sjv.se/hagenpub/rest/base/object/B32-TYA;docs/tuva/sodermanland/objektrapporter/B32-TYA.json
B33-XZM;Södermanland;Gnesta;3.03;Bete;2004-06-07;Gröndal 1;https://etjanst.sjv.se/tuvaut/?f=&id=B33-XZM;https://etjanst.sjv.se/hagenpub/rest/base/object/B33-XZM;docs/tuva/sodermanland/objektrapporter/B33-XZM.json
B34-HFA;Södermanland;Nyköping;1.1;Bete;2023-09-28;Horsvik 5;https://etjanst.sjv.se/tuvaut/?f=&id=B34-HFA;https://etjanst.sjv.se/hagenpub/rest/base/object/B34-HFA;docs/tuva/sodermanland/objektrapporter/B34-HFA.json
B36-JIF;Södermanland;Nyköping;13.04;Bete;2002-08-08;Skarpåker;https://etjanst.sjv.se/tuvaut/?f=&id=B36-JIF;https://etjanst.sjv.se/hagenpub/rest/base/object/B36-JIF;docs/tuva/sodermanland/objektrapporter/B36-JIF.json
B36-OZN;Södermanland;Katrineholm;5.43;Bete;2004-05-17;eneby 1;https://etjanst.sjv.se/tuvaut/?f=&id=B36-OZN;https://etjanst.sjv.se/hagenpub/rest/base/object/B36-OZN;docs/tuva/sodermanland/objektrapporter/B36-OZN.json
B36-XII;Södermanland;Eskilstuna;5.86;Bete;2003-08-15;Hedensö5;https://etjanst.sjv.se/tuvaut/?f=&id=B36-XII;https://etjanst.sjv.se/hagenpub/rest/base/object/B36-XII;docs/tuva/sodermanland/objektrapporter/B36-XII.json
B3A-DLN;Södermanland;Nyköping;0.4;Bete;2002-08-16;Grytmar;https://etjanst.sjv.se/tuvaut/?f=&id=B3A-DLN;https://etjanst.sjv.se/hagenpub/rest/base/object/B3A-DLN;docs/tuva/sodermanland/objektrapporter/B3A-DLN.json
B3A-KFA;Södermanland;Katrineholm;8.76;Bete;2002-07-29;Strångholm;https://etjanst.sjv.se/tuvaut/?f=&id=B3A-KFA;https://etjanst.sjv.se/hagenpub/rest/base/object/B3A-KFA;docs/tuva/sodermanland/objektrapporter/B3A-KFA.json
B3A-KXC;Södermanland;Nyköping;0.58;Bete;2002-09-20;Ånga;https://etjanst.sjv.se/tuvaut/?f=&id=B3A-KXC;https://etjanst.sjv.se/hagenpub/rest/base/object/B3A-KXC;docs/tuva/sodermanland/objektrapporter/B3A-KXC.json
B3C-IRQ;Södermanland;Nyköping;5.85;Restaurerbar;2004-09-02;Hartsön;https://etjanst.sjv.se/tuvaut/?f=&id=B3C-IRQ;https://etjanst.sjv.se/hagenpub/rest/base/object/B3C-IRQ;docs/tuva/sodermanland/objektrapporter/B3C-IRQ.json
B3E-VQL;Södermanland;Eskilstuna;1.71;Bete;2018-10-12;Österby 1;https://etjanst.sjv.se/tuvaut/?f=&id=B3E-VQL;https://etjanst.sjv.se/hagenpub/rest/base/object/B3E-VQL;docs/tuva/sodermanland/objektrapporter/B3E-VQL.json
B3F-C00;Södermanland;Gnesta;2.91;Bete;2002-06-27;Marö;https://etjanst.sjv.se/tuvaut/?f=&id=B3F-C00;https://etjanst.sjv.se/hagenpub/rest/base/object/B3F-C00;docs/tuva/sodermanland/objektrapporter/B3F-C00.json
B3F-OPL;Södermanland;Vingåker;1.97;Bete;2004-09-09;sjöhagen;https://etjanst.sjv.se/tuvaut/?f=&id=B3F-OPL;https://etjanst.sjv.se/hagenpub/rest/base/object/B3F-OPL;docs/tuva/sodermanland/objektrapporter/B3F-OPL.json
B42-LQI;Södermanland;Nyköping;2.6;Bete;2003-05-16;Strand 3;https://etjanst.sjv.se/tuvaut/?f=&id=B42-LQI;https://etjanst.sjv.se/hagenpub/rest/base/object/B42-LQI;docs/tuva/sodermanland/objektrapporter/B42-LQI.json
B44-JQP;Södermanland;Nyköping;0.9;Ej aktuell;2003-05-20;Ytterstäng;https://etjanst.sjv.se/tuvaut/?f=&id=B44-JQP;https://etjanst.sjv.se/hagenpub/rest/base/object/B44-JQP;docs/tuva/sodermanland/objektrapporter/B44-JQP.json
B44-QYI;Södermanland;Trosa;2.2;Bete;2004-05-18;Ekebonäs 4;https://etjanst.sjv.se/tuvaut/?f=&id=B44-QYI;https://etjanst.sjv.se/hagenpub/rest/base/object/B44-QYI;docs/tuva/sodermanland/objektrapporter/B44-QYI.json
B45-KVW;Södermanland;Strängnäs;1.91;Bete;2002-07-18;Åskärr3;https://etjanst.sjv.se/tuvaut/?f=&id=B45-KVW;https://etjanst.sjv.se/hagenpub/rest/base/object/B45-KVW;docs/tuva/sodermanland/objektrapporter/B45-KVW.json
B46-DOU;Södermanland;Flen;3.49;Bete;2004-06-22;Malsa;https://etjanst.sjv.se/tuvaut/?f=&id=B46-DOU;https://etjanst.sjv.se/hagenpub/rest/base/object/B46-DOU;docs/tuva/sodermanland/objektrapporter/B46-DOU.json
B46-ECI;Södermanland;Nyköping;12.01;Bete;2026-07-31;Åsby;https://etjanst.sjv.se/tuvaut/?f=&id=B46-ECI;https://etjanst.sjv.se/hagenpub/rest/base/object/B46-ECI;docs/tuva/sodermanland/objektrapporter/B46-ECI.json
B47-JSX;Södermanland;Katrineholm;4.88;Bete;2004-06-29;stenta 1;https://etjanst.sjv.se/tuvaut/?f=&id=B47-JSX;https://etjanst.sjv.se/hagenpub/rest/base/object/B47-JSX;docs/tuva/sodermanland/objektrapporter/B47-JSX.json
B48-FBO;Södermanland;Oxelösund;4.29;Bete;2002-07-10;Bastorp;https://etjanst.sjv.se/tuvaut/?f=&id=B48-FBO;https://etjanst.sjv.se/hagenpub/rest/base/object/B48-FBO;docs/tuva/sodermanland/objektrapporter/B48-FBO.json
B4C-780;Södermanland;Strängnäs;1.75;Bete;2002-06-07;Tynnelsö gård2;https://etjanst.sjv.se/tuvaut/?f=&id=B4C-780;https://etjanst.sjv.se/hagenpub/rest/base/object/B4C-780;docs/tuva/sodermanland/objektrapporter/B4C-780.json
B4D-DSZ;Södermanland;Eskilstuna;3.17;Bete;2003-08-08;Hagby2;https://etjanst.sjv.se/tuvaut/?f=&id=B4D-DSZ;https://etjanst.sjv.se/hagenpub/rest/base/object/B4D-DSZ;docs/tuva/sodermanland/objektrapporter/B4D-DSZ.json
B4E-EAVD;Södermanland;Flen;12.97;Bete;2003-09-01;Grinda 1;https://etjanst.sjv.se/tuvaut/?f=&id=B4E-EAVD;https://etjanst.sjv.se/hagenpub/rest/base/object/B4E-EAVD;docs/tuva/sodermanland/objektrapporter/B4E-EAVD.json
B4E-ESD;Södermanland;Gnesta;3.9;Bete;2004-06-15;Lilla Brandsbol 3;https://etjanst.sjv.se/tuvaut/?f=&id=B4E-ESD;https://etjanst.sjv.se/hagenpub/rest/base/object/B4E-ESD;docs/tuva/sodermanland/objektrapporter/B4E-ESD.json
B4F-MKQ;Södermanland;Katrineholm;2.48;Bete;2004-05-19;brogetorp;https://etjanst.sjv.se/tuvaut/?f=&id=B4F-MKQ;https://etjanst.sjv.se/hagenpub/rest/base/object/B4F-MKQ;docs/tuva/sodermanland/objektrapporter/B4F-MKQ.json
B4F-ZMA;Södermanland;Vingåker;0.84;Bete;2003-08-06;;https://etjanst.sjv.se/tuvaut/?f=&id=B4F-ZMA;https://etjanst.sjv.se/hagenpub/rest/base/object/B4F-ZMA;docs/tuva/sodermanland/objektrapporter/B4F-ZMA.json
B52-MJS;Södermanland;Gnesta;0.48;Bete;2004-06-02;Hållsta 3;https://etjanst.sjv.se/tuvaut/?f=&id=B52-MJS;https://etjanst.sjv.se/hagenpub/rest/base/object/B52-MJS;docs/tuva/sodermanland/objektrapporter/B52-MJS.json
B53-TJN;Södermanland;Eskilstuna;1.26;Bete;2003-07-07;Gålängen ä,;https://etjanst.sjv.se/tuvaut/?f=&id=B53-TJN;https://etjanst.sjv.se/hagenpub/rest/base/object/B53-TJN;docs/tuva/sodermanland/objektrapporter/B53-TJN.json
B55-CYQ;Södermanland;Flen;13.88;Bete;2002-08-16;Hårdetorp, Malmköping.;https://etjanst.sjv.se/tuvaut/?f=&id=B55-CYQ;https://etjanst.sjv.se/hagenpub/rest/base/object/B55-CYQ;docs/tuva/sodermanland/objektrapporter/B55-CYQ.json
B56-MKW;Södermanland;Flen;7.55;Bete;2004-07-28;båresta;https://etjanst.sjv.se/tuvaut/?f=&id=B56-MKW;https://etjanst.sjv.se/hagenpub/rest/base/object/B56-MKW;docs/tuva/sodermanland/objektrapporter/B56-MKW.json
B56-WIL;Södermanland;Nyköping;2.32;Bete;2004-08-09;Långö 1;https://etjanst.sjv.se/tuvaut/?f=&id=B56-WIL;https://etjanst.sjv.se/hagenpub/rest/base/object/B56-WIL;docs/tuva/sodermanland/objektrapporter/B56-WIL.json
B58-GFH;Södermanland;Katrineholm;13.98;Bete;2003-07-03;Valla 2;https://etjanst.sjv.se/tuvaut/?f=&id=B58-GFH;https://etjanst.sjv.se/hagenpub/rest/base/object/B58-GFH;docs/tuva/sodermanland/objektrapporter/B58-GFH.json
B5A-YFY;Södermanland;Vingåker;3.79;Bete;2003-08-15;;https://etjanst.sjv.se/tuvaut/?f=&id=B5A-YFY;https://etjanst.sjv.se/hagenpub/rest/base/object/B5A-YFY;docs/tuva/sodermanland/objektrapporter/B5A-YFY.json
B5B-PVV;Södermanland;Eskilstuna;1.18;Bete;2003-06-30;Prästtorp3;https://etjanst.sjv.se/tuvaut/?f=&id=B5B-PVV;https://etjanst.sjv.se/hagenpub/rest/base/object/B5B-PVV;docs/tuva/sodermanland/objektrapporter/B5B-PVV.json
B5D-YOT;Södermanland;Trosa;1.3;Bete;2004-05-11;Granhusa 1;https://etjanst.sjv.se/tuvaut/?f=&id=B5D-YOT;https://etjanst.sjv.se/hagenpub/rest/base/object/B5D-YOT;docs/tuva/sodermanland/objektrapporter/B5D-YOT.json
B60-GBR;Södermanland;Katrineholm;3.36;Bete;2003-07-17;;https://etjanst.sjv.se/tuvaut/?f=&id=B60-GBR;https://etjanst.sjv.se/hagenpub/rest/base/object/B60-GBR;docs/tuva/sodermanland/objektrapporter/B60-GBR.json
B60-NVF;Södermanland;Nyköping;3.36;Bete;2002-08-15;Hällsätter;https://etjanst.sjv.se/tuvaut/?f=&id=B60-NVF;https://etjanst.sjv.se/hagenpub/rest/base/object/B60-NVF;docs/tuva/sodermanland/objektrapporter/B60-NVF.json
B65-480;Södermanland;Nyköping;1.07;Bete;2002-06-17;Törstalund;https://etjanst.sjv.se/tuvaut/?f=&id=B65-480;https://etjanst.sjv.se/hagenpub/rest/base/object/B65-480;docs/tuva/sodermanland/objektrapporter/B65-480.json
B65-RZB;Södermanland;Vingåker;1.26;Bete;2003-09-03;;https://etjanst.sjv.se/tuvaut/?f=&id=B65-RZB;https://etjanst.sjv.se/hagenpub/rest/base/object/B65-RZB;docs/tuva/sodermanland/objektrapporter/B65-RZB.json
B67-EJA;Södermanland;Flen;0.43;Bete;2004-07-26;Hall 4;https://etjanst.sjv.se/tuvaut/?f=&id=B67-EJA;https://etjanst.sjv.se/hagenpub/rest/base/object/B67-EJA;docs/tuva/sodermanland/objektrapporter/B67-EJA.json
B68-F80;Södermanland;Nyköping;6.83;Bete;2002-05-06;;https://etjanst.sjv.se/tuvaut/?f=&id=B68-F80;https://etjanst.sjv.se/hagenpub/rest/base/object/B68-F80;docs/tuva/sodermanland/objektrapporter/B68-F80.json
B68-YFP;Södermanland;Flen;2.97;Bete;2004-06-15;Gryt;https://etjanst.sjv.se/tuvaut/?f=&id=B68-YFP;https://etjanst.sjv.se/hagenpub/rest/base/object/B68-YFP;docs/tuva/sodermanland/objektrapporter/B68-YFP.json
B6B-OQX;Södermanland;Trosa;1.62;Bete;2004-05-28;;https://etjanst.sjv.se/tuvaut/?f=&id=B6B-OQX;https://etjanst.sjv.se/hagenpub/rest/base/object/B6B-OQX;docs/tuva/sodermanland/objektrapporter/B6B-OQX.json
B6E-UCL;Södermanland;Flen;7.47;Bete;2004-07-28;Mälby;https://etjanst.sjv.se/tuvaut/?f=&id=B6E-UCL;https://etjanst.sjv.se/hagenpub/rest/base/object/B6E-UCL;docs/tuva/sodermanland/objektrapporter/B6E-UCL.json
B6F-MNR;Södermanland;Eskilstuna;2.6;Bete;2003-08-12;Gofarstorp;https://etjanst.sjv.se/tuvaut/?f=&id=B6F-MNR;https://etjanst.sjv.se/hagenpub/rest/base/object/B6F-MNR;docs/tuva/sodermanland/objektrapporter/B6F-MNR.json
B6F-ZWF;Södermanland;Nyköping;0.62;Bete;2004-06-05;Nilslund 1;https://etjanst.sjv.se/tuvaut/?f=&id=B6F-ZWF;https://etjanst.sjv.se/hagenpub/rest/base/object/B6F-ZWF;docs/tuva/sodermanland/objektrapporter/B6F-ZWF.json
B72-YBZ;Södermanland;Strängnäs;0.33;Bete;2004-08-23;Åbykvarn 3;https://etjanst.sjv.se/tuvaut/?f=&id=B72-YBZ;https://etjanst.sjv.se/hagenpub/rest/base/object/B72-YBZ;docs/tuva/sodermanland/objektrapporter/B72-YBZ.json
B74-EJG;Södermanland;Flen;0.59;Bete;2003-09-03;Klovsten 3;https://etjanst.sjv.se/tuvaut/?f=&id=B74-EJG;https://etjanst.sjv.se/hagenpub/rest/base/object/B74-EJG;docs/tuva/sodermanland/objektrapporter/B74-EJG.json
B76-GAT;Södermanland;Gnesta;1.24;Restaurerbar;2003-09-26;Sjögesta 2;https://etjanst.sjv.se/tuvaut/?f=&id=B76-GAT;https://etjanst.sjv.se/hagenpub/rest/base/object/B76-GAT;docs/tuva/sodermanland/objektrapporter/B76-GAT.json
B7C-IUX;Södermanland;Eskilstuna;2.28;Bete;2003-08-15;Hedensö3;https://etjanst.sjv.se/tuvaut/?f=&id=B7C-IUX;https://etjanst.sjv.se/hagenpub/rest/base/object/B7C-IUX;docs/tuva/sodermanland/objektrapporter/B7C-IUX.json
B7C-NIV;Södermanland;Eskilstuna;2.92;Bete;2003-06-16;Degersten;https://etjanst.sjv.se/tuvaut/?f=&id=B7C-NIV;https://etjanst.sjv.se/hagenpub/rest/base/object/B7C-NIV;docs/tuva/sodermanland/objektrapporter/B7C-NIV.json
B7D-C80;Södermanland;Nyköping;3.64;Bete;2002-06-29;Ärsta;https://etjanst.sjv.se/tuvaut/?f=&id=B7D-C80;https://etjanst.sjv.se/hagenpub/rest/base/object/B7D-C80;docs/tuva/sodermanland/objektrapporter/B7D-C80.json
B7D-HGD;Södermanland;Nyköping;3.81;Bete;2004-06-11;Onsberga 4;https://etjanst.sjv.se/tuvaut/?f=&id=B7D-HGD;https://etjanst.sjv.se/hagenpub/rest/base/object/B7D-HGD;docs/tuva/sodermanland/objektrapporter/B7D-HGD.json
B7D-LLZ;Södermanland;Katrineholm;3.11;Bete;2003-07-19;Grindsberga 2;https://etjanst.sjv.se/tuvaut/?f=&id=B7D-LLZ;https://etjanst.sjv.se/hagenpub/rest/base/object/B7D-LLZ;docs/tuva/sodermanland/objektrapporter/B7D-LLZ.json
B7D-ZPS;Södermanland;Flen;1.2;Ej aktuell;2004-09-08;eketorp 3;https://etjanst.sjv.se/tuvaut/?f=&id=B7D-ZPS;https://etjanst.sjv.se/hagenpub/rest/base/object/B7D-ZPS;docs/tuva/sodermanland/objektrapporter/B7D-ZPS.json
B81-480;Södermanland;Strängnäs;4.97;Bete;2002-06-24;Sanda;https://etjanst.sjv.se/tuvaut/?f=&id=B81-480;https://etjanst.sjv.se/hagenpub/rest/base/object/B81-480;docs/tuva/sodermanland/objektrapporter/B81-480.json
B81-WBS;Södermanland;Katrineholm;0.65;Bete;2002-08-15;Sörtorp 4;https://etjanst.sjv.se/tuvaut/?f=&id=B81-WBS;https://etjanst.sjv.se/hagenpub/rest/base/object/B81-WBS;docs/tuva/sodermanland/objektrapporter/B81-WBS.json
B81-XHL;Södermanland;Nyköping;15.65;Äng;2002-07-20;;https://etjanst.sjv.se/tuvaut/?f=&id=B81-XHL;https://etjanst.sjv.se/hagenpub/rest/base/object/B81-XHL;docs/tuva/sodermanland/objektrapporter/B81-XHL.json
B82-MIM;Södermanland;Katrineholm;14.16;Bete;2003-07-04;Marieberg 1;https://etjanst.sjv.se/tuvaut/?f=&id=B82-MIM;https://etjanst.sjv.se/hagenpub/rest/base/object/B82-MIM;docs/tuva/sodermanland/objektrapporter/B82-MIM.json
B82-UMD;Södermanland;Eskilstuna;0.6;Bete;2003-08-20;Visund5;https://etjanst.sjv.se/tuvaut/?f=&id=B82-UMD;https://etjanst.sjv.se/hagenpub/rest/base/object/B82-UMD;docs/tuva/sodermanland/objektrapporter/B82-UMD.json
B83-MHC;Södermanland;Nyköping;4.01;Bete;2004-06-08;Davik 4;https://etjanst.sjv.se/tuvaut/?f=&id=B83-MHC;https://etjanst.sjv.se/hagenpub/rest/base/object/B83-MHC;docs/tuva/sodermanland/objektrapporter/B83-MHC.json
B85-NLI;Södermanland;Katrineholm;1.97;Bete;2003-07-08;Hönstorp 1;https://etjanst.sjv.se/tuvaut/?f=&id=B85-NLI;https://etjanst.sjv.se/hagenpub/rest/base/object/B85-NLI;docs/tuva/sodermanland/objektrapporter/B85-NLI.json
B88-980;Södermanland;Nyköping;3.23;Restaurerbar;2002-06-03;Bogslöt;https://etjanst.sjv.se/tuvaut/?f=&id=B88-980;https://etjanst.sjv.se/hagenpub/rest/base/object/B88-980;docs/tuva/sodermanland/objektrapporter/B88-980.json
B89-LGB;Södermanland;Vingåker;2.79;Bete;2003-09-06;;https://etjanst.sjv.se/tuvaut/?f=&id=B89-LGB;https://etjanst.sjv.se/hagenpub/rest/base/object/B89-LGB;docs/tuva/sodermanland/objektrapporter/B89-LGB.json
B8B-980;Södermanland;Katrineholm;0.34;Bete;2002-06-26;Kvarntorp 4;https://etjanst.sjv.se/tuvaut/?f=&id=B8B-980;https://etjanst.sjv.se/hagenpub/rest/base/object/B8B-980;docs/tuva/sodermanland/objektrapporter/B8B-980.json
B8D-HSN;Södermanland;Nyköping;5.01;Bete;2002-07-15;Klockarebol;https://etjanst.sjv.se/tuvaut/?f=&id=B8D-HSN;https://etjanst.sjv.se/hagenpub/rest/base/object/B8D-HSN;docs/tuva/sodermanland/objektrapporter/B8D-HSN.json
B8F-JGB;Södermanland;Gnesta;5.38;Bete;2003-09-26;Björnlundagården 1;https://etjanst.sjv.se/tuvaut/?f=&id=B8F-JGB;https://etjanst.sjv.se/hagenpub/rest/base/object/B8F-JGB;docs/tuva/sodermanland/objektrapporter/B8F-JGB.json
B90-C00;Södermanland;Eskilstuna;2.79;Bete;2002-04-30;Mälsäter2;https://etjanst.sjv.se/tuvaut/?f=&id=B90-C00;https://etjanst.sjv.se/hagenpub/rest/base/object/B90-C00;docs/tuva/sodermanland/objektrapporter/B90-C00.json
B90-SOB;Södermanland;Trosa;5.75;Bete;2004-05-28;Hillesta 2;https://etjanst.sjv.se/tuvaut/?f=&id=B90-SOB;https://etjanst.sjv.se/hagenpub/rest/base/object/B90-SOB;docs/tuva/sodermanland/objektrapporter/B90-SOB.json
B92-B00;Södermanland;Katrineholm;4.71;Bete;2002-05-28;Starrhult;https://etjanst.sjv.se/tuvaut/?f=&id=B92-B00;https://etjanst.sjv.se/hagenpub/rest/base/object/B92-B00;docs/tuva/sodermanland/objektrapporter/B92-B00.json
B97-YOT;Södermanland;Flen;2.1;Bete;2003-09-29;;https://etjanst.sjv.se/tuvaut/?f=&id=B97-YOT;https://etjanst.sjv.se/hagenpub/rest/base/object/B97-YOT;docs/tuva/sodermanland/objektrapporter/B97-YOT.json
B98-DVT;Södermanland;Strängnäs;4.66;Bete;2003-09-05;Marietorp3;https://etjanst.sjv.se/tuvaut/?f=&id=B98-DVT;https://etjanst.sjv.se/hagenpub/rest/base/object/B98-DVT;docs/tuva/sodermanland/objektrapporter/B98-DVT.json
B99-ERY;Södermanland;Trosa;0.49;Bete;2004-05-19;Skällberga 2;https://etjanst.sjv.se/tuvaut/?f=&id=B99-ERY;https://etjanst.sjv.se/hagenpub/rest/base/object/B99-ERY;docs/tuva/sodermanland/objektrapporter/B99-ERY.json
B9A-RWN;Södermanland;Nyköping;0.92;Bete;2004-05-12;gråsta 4;https://etjanst.sjv.se/tuvaut/?f=&id=B9A-RWN;https://etjanst.sjv.se/hagenpub/rest/base/object/B9A-RWN;docs/tuva/sodermanland/objektrapporter/B9A-RWN.json
B9B-F00;Södermanland;Strängnäs;1.36;Bete;2002-05-31;Skäggesta2;https://etjanst.sjv.se/tuvaut/?f=&id=B9B-F00;https://etjanst.sjv.se/hagenpub/rest/base/object/B9B-F00;docs/tuva/sodermanland/objektrapporter/B9B-F00.json
B9C-CGS;Södermanland;Strängnäs;5.87;Bete;2003-06-12;Järpeberg4;https://etjanst.sjv.se/tuvaut/?f=&id=B9C-CGS;https://etjanst.sjv.se/hagenpub/rest/base/object/B9C-CGS;docs/tuva/sodermanland/objektrapporter/B9C-CGS.json
B9C-ZOW;Södermanland;Katrineholm;2.16;Bete;2004-07-12;grystatorp 1;https://etjanst.sjv.se/tuvaut/?f=&id=B9C-ZOW;https://etjanst.sjv.se/hagenpub/rest/base/object/B9C-ZOW;docs/tuva/sodermanland/objektrapporter/B9C-ZOW.json
B9D-YTO;Södermanland;Flen;1.57;Bete;2004-07-12;Oppeby;https://etjanst.sjv.se/tuvaut/?f=&id=B9D-YTO;https://etjanst.sjv.se/hagenpub/rest/base/object/B9D-YTO;docs/tuva/sodermanland/objektrapporter/B9D-YTO.json
B9E-E80;Södermanland;Katrineholm;3.33;Bete;2002-06-10;Löppsjötorp 1;https://etjanst.sjv.se/tuvaut/?f=&id=B9E-E80;https://etjanst.sjv.se/hagenpub/rest/base/object/B9E-E80;docs/tuva/sodermanland/objektrapporter/B9E-E80.json
BA0-HEH;Södermanland;Flen;4.77;Bete;2004-07-30;silinge;https://etjanst.sjv.se/tuvaut/?f=&id=BA0-HEH;https://etjanst.sjv.se/hagenpub/rest/base/object/BA0-HEH;docs/tuva/sodermanland/objektrapporter/BA0-HEH.json
BA2-XZG;Södermanland;Katrineholm;4.17;Bete;2004-07-14;sättra 5;https://etjanst.sjv.se/tuvaut/?f=&id=BA2-XZG;https://etjanst.sjv.se/hagenpub/rest/base/object/BA2-XZG;docs/tuva/sodermanland/objektrapporter/BA2-XZG.json
BAA-280;Södermanland;Nyköping;1.14;Bete;2002-07-02;Stora Älghammar;https://etjanst.sjv.se/tuvaut/?f=&id=BAA-280;https://etjanst.sjv.se/hagenpub/rest/base/object/BAA-280;docs/tuva/sodermanland/objektrapporter/BAA-280.json
BAA-AMC;Södermanland;Eskilstuna;3.93;Bete;2004-08-30;Eskilstuna stad;https://etjanst.sjv.se/tuvaut/?f=&id=BAA-AMC;https://etjanst.sjv.se/hagenpub/rest/base/object/BAA-AMC;docs/tuva/sodermanland/objektrapporter/BAA-AMC.json
BAA-YHF;Södermanland;Flen;8.98;Bete;2004-06-18;Lagmansö 2;https://etjanst.sjv.se/tuvaut/?f=&id=BAA-YHF;https://etjanst.sjv.se/hagenpub/rest/base/object/BAA-YHF;docs/tuva/sodermanland/objektrapporter/BAA-YHF.json
BAD-CRY;Södermanland;Nyköping;2.98;Bete;2003-09-10;Kläfsta 1;https://etjanst.sjv.se/tuvaut/?f=&id=BAD-CRY;https://etjanst.sjv.se/hagenpub/rest/base/object/BAD-CRY;docs/tuva/sodermanland/objektrapporter/BAD-CRY.json
BAD-XWB;Södermanland;Katrineholm;0.61;Bete;2003-07-15;Danbyholm;https://etjanst.sjv.se/tuvaut/?f=&id=BAD-XWB;https://etjanst.sjv.se/hagenpub/rest/base/object/BAD-XWB;docs/tuva/sodermanland/objektrapporter/BAD-XWB.json
BAE-CHZ;Södermanland;Eskilstuna;3.19;Bete;2003-05-21;Kolartorp;https://etjanst.sjv.se/tuvaut/?f=&id=BAE-CHZ;https://etjanst.sjv.se/hagenpub/rest/base/object/BAE-CHZ;docs/tuva/sodermanland/objektrapporter/BAE-CHZ.json
BAE-XVP;Södermanland;Gnesta;20.86;Bete;2003-08-25;Ånhammar 2;https://etjanst.sjv.se/tuvaut/?f=&id=BAE-XVP;https://etjanst.sjv.se/hagenpub/rest/base/object/BAE-XVP;docs/tuva/sodermanland/objektrapporter/BAE-XVP.json
BAX-CRQ;Södermanland;Trosa;0.44;Ej aktuell;2026-08-13;Kungsbol;https://etjanst.sjv.se/tuvaut/?f=&id=BAX-CRQ;https://etjanst.sjv.se/hagenpub/rest/base/object/BAX-CRQ;docs/tuva/sodermanland/objektrapporter/BAX-CRQ.json
BB1-AUN;Södermanland;Nyköping;1.73;Bete;2004-08-17;Hacketorp;https://etjanst.sjv.se/tuvaut/?f=&id=BB1-AUN;https://etjanst.sjv.se/hagenpub/rest/base/object/BB1-AUN;docs/tuva/sodermanland/objektrapporter/BB1-AUN.json
BB1-ILJ;Södermanland;Eskilstuna;51.08;Bete;2003-07-10;Fiholm2;https://etjanst.sjv.se/tuvaut/?f=&id=BB1-ILJ;https://etjanst.sjv.se/hagenpub/rest/base/object/BB1-ILJ;docs/tuva/sodermanland/objektrapporter/BB1-ILJ.json
BB2-BLP;Södermanland;Eskilstuna;3.85;Bete;2004-08-30;Bondeka, Eka;https://etjanst.sjv.se/tuvaut/?f=&id=BB2-BLP;https://etjanst.sjv.se/hagenpub/rest/base/object/BB2-BLP;docs/tuva/sodermanland/objektrapporter/BB2-BLP.json
BB6-E00;Södermanland;Katrineholm;0.22;Bete;2002-06-24;Bronäs 2;https://etjanst.sjv.se/tuvaut/?f=&id=BB6-E00;https://etjanst.sjv.se/hagenpub/rest/base/object/BB6-E00;docs/tuva/sodermanland/objektrapporter/BB6-E00.json
BBB-NMJ;Södermanland;Katrineholm;2.76;Bete;2004-06-23;klicksta;https://etjanst.sjv.se/tuvaut/?f=&id=BBB-NMJ;https://etjanst.sjv.se/hagenpub/rest/base/object/BBB-NMJ;docs/tuva/sodermanland/objektrapporter/BBB-NMJ.json
BBC-JIL;Södermanland;Katrineholm;3.59;Bete;2003-07-03;Botten;https://etjanst.sjv.se/tuvaut/?f=&id=BBC-JIL;https://etjanst.sjv.se/hagenpub/rest/base/object/BBC-JIL;docs/tuva/sodermanland/objektrapporter/BBC-JIL.json
BBC-YTPD;Södermanland;Nyköping;0.71;Bete;2004-06-17;Fjällen 2;https://etjanst.sjv.se/tuvaut/?f=&id=BBC-YTPD;https://etjanst.sjv.se/hagenpub/rest/base/object/BBC-YTPD;docs/tuva/sodermanland/objektrapporter/BBC-YTPD.json
BBD-GEY;Södermanland;Nyköping;1.22;Bete;2004-06-16;Fjällen 1;https://etjanst.sjv.se/tuvaut/?f=&id=BBD-GEY;https://etjanst.sjv.se/hagenpub/rest/base/object/BBD-GEY;docs/tuva/sodermanland/objektrapporter/BBD-GEY.json
BBD-JMK;Södermanland;Gnesta;0.87;Bete;2004-06-02;Hällesta;https://etjanst.sjv.se/tuvaut/?f=&id=BBD-JMK;https://etjanst.sjv.se/hagenpub/rest/base/object/BBD-JMK;docs/tuva/sodermanland/objektrapporter/BBD-JMK.json
BBF-IQB;Södermanland;Katrineholm;16.47;Bete;2004-05-19;älvesta, brogetorp 2;https://etjanst.sjv.se/tuvaut/?f=&id=BBF-IQB;https://etjanst.sjv.se/hagenpub/rest/base/object/BBF-IQB;docs/tuva/sodermanland/objektrapporter/BBF-IQB.json
BBR-LBU;Södermanland;Flen;0.7;Bete;2023-08-10;Helgesta-Berga;https://etjanst.sjv.se/tuvaut/?f=&id=BBR-LBU;https://etjanst.sjv.se/hagenpub/rest/base/object/BBR-LBU;docs/tuva/sodermanland/objektrapporter/BBR-LBU.json
BBS-FZO;Södermanland;Nyköping;3.72;Bete;2009-07-22;;https://etjanst.sjv.se/tuvaut/?f=&id=BBS-FZO;https://etjanst.sjv.se/hagenpub/rest/base/object/BBS-FZO;docs/tuva/sodermanland/objektrapporter/BBS-FZO.json
BC0-OAQ;Södermanland;Vingåker;1.41;Bete;2018-08-15;Skenäs 6;https://etjanst.sjv.se/tuvaut/?f=&id=BC0-OAQ;https://etjanst.sjv.se/hagenpub/rest/base/object/BC0-OAQ;docs/tuva/sodermanland/objektrapporter/BC0-OAQ.json
BC1-GTW;Södermanland;Flen;17.02;Bete;2004-07-28;hedenlunda 1;https://etjanst.sjv.se/tuvaut/?f=&id=BC1-GTW;https://etjanst.sjv.se/hagenpub/rest/base/object/BC1-GTW;docs/tuva/sodermanland/objektrapporter/BC1-GTW.json
BC2-NLI;Södermanland;Eskilstuna;1.42;Bete;2003-05-15;Biby-Hvarsta;https://etjanst.sjv.se/tuvaut/?f=&id=BC2-NLI;https://etjanst.sjv.se/hagenpub/rest/base/object/BC2-NLI;docs/tuva/sodermanland/objektrapporter/BC2-NLI.json
BC3-MQC;Södermanland;Eskilstuna;3.27;Bete;2003-07-04;Kasön1;https://etjanst.sjv.se/tuvaut/?f=&id=BC3-MQC;https://etjanst.sjv.se/hagenpub/rest/base/object/BC3-MQC;docs/tuva/sodermanland/objektrapporter/BC3-MQC.json
BC4-WBS;Södermanland;Gnesta;1.66;Bete;2003-08-20;Vreta 1;https://etjanst.sjv.se/tuvaut/?f=&id=BC4-WBS;https://etjanst.sjv.se/hagenpub/rest/base/object/BC4-WBS;docs/tuva/sodermanland/objektrapporter/BC4-WBS.json
BC5-JOA;Södermanland;Trosa;0.28;Bete;2004-08-05;Stensund 1;https://etjanst.sjv.se/tuvaut/?f=&id=BC5-JOA;https://etjanst.sjv.se/hagenpub/rest/base/object/BC5-JOA;docs/tuva/sodermanland/objektrapporter/BC5-JOA.json
BC8-KVC;Södermanland;Eskilstuna;7.1;Bete;2003-07-04;Alkärr 1;https://etjanst.sjv.se/tuvaut/?f=&id=BC8-KVC;https://etjanst.sjv.se/hagenpub/rest/base/object/BC8-KVC;docs/tuva/sodermanland/objektrapporter/BC8-KVC.json
BCB-KFB;Södermanland;Nyköping;4.93;Bete;2003-06-05;Eneby 2;https://etjanst.sjv.se/tuvaut/?f=&id=BCB-KFB;https://etjanst.sjv.se/hagenpub/rest/base/object/BCB-KFB;docs/tuva/sodermanland/objektrapporter/BCB-KFB.json
BCC-YHE;Södermanland;Katrineholm;2.38;Bete;2003-05-21;Lundsjö 4;https://etjanst.sjv.se/tuvaut/?f=&id=BCC-YHE;https://etjanst.sjv.se/hagenpub/rest/base/object/BCC-YHE;docs/tuva/sodermanland/objektrapporter/BCC-YHE.json
BCD-980;Södermanland;Strängnäs;10.64;Bete;2002-06-04;Algö3;https://etjanst.sjv.se/tuvaut/?f=&id=BCD-980;https://etjanst.sjv.se/hagenpub/rest/base/object/BCD-980;docs/tuva/sodermanland/objektrapporter/BCD-980.json
BCS-KOG;Södermanland;Katrineholm;1.63;Bete;2011-07-07;;https://etjanst.sjv.se/tuvaut/?f=&id=BCS-KOG;https://etjanst.sjv.se/hagenpub/rest/base/object/BCS-KOG;docs/tuva/sodermanland/objektrapporter/BCS-KOG.json
BD0-QDR;Södermanland;Nyköping;7.64;Bete;2002-07-14;Bergtorpsgården;https://etjanst.sjv.se/tuvaut/?f=&id=BD0-QDR;https://etjanst.sjv.se/hagenpub/rest/base/object/BD0-QDR;docs/tuva/sodermanland/objektrapporter/BD0-QDR.json
BD2-FOM;Södermanland;Vingåker;13.54;Bete;2003-08-16;Forsby 1;https://etjanst.sjv.se/tuvaut/?f=&id=BD2-FOM;https://etjanst.sjv.se/hagenpub/rest/base/object/BD2-FOM;docs/tuva/sodermanland/objektrapporter/BD2-FOM.json
BD4-HXI;Södermanland;Flen;17.64;Bete;2003-09-23;Röl1;https://etjanst.sjv.se/tuvaut/?f=&id=BD4-HXI;https://etjanst.sjv.se/hagenpub/rest/base/object/BD4-HXI;docs/tuva/sodermanland/objektrapporter/BD4-HXI.json
BD5-CMJ;Södermanland;Nyköping;16.89;Bete;2004-07-29;Dagnäsön;https://etjanst.sjv.se/tuvaut/?f=&id=BD5-CMJ;https://etjanst.sjv.se/hagenpub/rest/base/object/BD5-CMJ;docs/tuva/sodermanland/objektrapporter/BD5-CMJ.json
BD6-LDU;Södermanland;Flen;1.31;Bete;2004-05-27;rävsnäs 1;https://etjanst.sjv.se/tuvaut/?f=&id=BD6-LDU;https://etjanst.sjv.se/hagenpub/rest/base/object/BD6-LDU;docs/tuva/sodermanland/objektrapporter/BD6-LDU.json
BD6-MLO;Södermanland;Nyköping;0.51;Äng;2002-07-20;;https://etjanst.sjv.se/tuvaut/?f=&id=BD6-MLO;https://etjanst.sjv.se/hagenpub/rest/base/object/BD6-MLO;docs/tuva/sodermanland/objektrapporter/BD6-MLO.json
BD7-QFL;Södermanland;Vingåker;6.27;Bete;2003-08-05;Bäcketorp 1;https://etjanst.sjv.se/tuvaut/?f=&id=BD7-QFL;https://etjanst.sjv.se/hagenpub/rest/base/object/BD7-QFL;docs/tuva/sodermanland/objektrapporter/BD7-QFL.json
BD7-VXY;Södermanland;Nyköping;1.21;Bete;2002-09-12;Ekla;https://etjanst.sjv.se/tuvaut/?f=&id=BD7-VXY;https://etjanst.sjv.se/hagenpub/rest/base/object/BD7-VXY;docs/tuva/sodermanland/objektrapporter/BD7-VXY.json
BDA-XZS;Södermanland;Flen;5.8;Bete;2004-08-12;flenmo 1:2, 1;https://etjanst.sjv.se/tuvaut/?f=&id=BDA-XZS;https://etjanst.sjv.se/hagenpub/rest/base/object/BDA-XZS;docs/tuva/sodermanland/objektrapporter/BDA-XZS.json
BDA-YNU;Södermanland;Katrineholm;0.53;Bete;2004-09-01;varbro extra 1;https://etjanst.sjv.se/tuvaut/?f=&id=BDA-YNU;https://etjanst.sjv.se/hagenpub/rest/base/object/BDA-YNU;docs/tuva/sodermanland/objektrapporter/BDA-YNU.json
BDB-IKD;Södermanland;Strängnäs;1.81;Ej aktuell;2004-08-24;Opptuna;https://etjanst.sjv.se/tuvaut/?f=&id=BDB-IKD;https://etjanst.sjv.se/hagenpub/rest/base/object/BDB-IKD;docs/tuva/sodermanland/objektrapporter/BDB-IKD.json
BDC-FPS;Södermanland;Gnesta;2.0;Äng;2003-09-22;Eknäs 2;https://etjanst.sjv.se/tuvaut/?f=&id=BDC-FPS;https://etjanst.sjv.se/hagenpub/rest/base/object/BDC-FPS;docs/tuva/sodermanland/objektrapporter/BDC-FPS.json
BDD-HSG;Södermanland;Flen;4.88;Bete;2004-08-02;Fållökna/Svenstorp 1;https://etjanst.sjv.se/tuvaut/?f=&id=BDD-HSG;https://etjanst.sjv.se/hagenpub/rest/base/object/BDD-HSG;docs/tuva/sodermanland/objektrapporter/BDD-HSG.json
BDF-GRY;Södermanland;Flen;1.93;Ej aktuell;2004-08-24;Sörby 4;https://etjanst.sjv.se/tuvaut/?f=&id=BDF-GRY;https://etjanst.sjv.se/hagenpub/rest/base/object/BDF-GRY;docs/tuva/sodermanland/objektrapporter/BDF-GRY.json
BDF-OFO;Södermanland;Nyköping;1.3;Bete;2003-06-25;Lappetorp 3;https://etjanst.sjv.se/tuvaut/?f=&id=BDF-OFO;https://etjanst.sjv.se/hagenpub/rest/base/object/BDF-OFO;docs/tuva/sodermanland/objektrapporter/BDF-OFO.json
BDH-PML;Södermanland;Nyköping;0.6;Bete;2010-06-29;;https://etjanst.sjv.se/tuvaut/?f=&id=BDH-PML;https://etjanst.sjv.se/hagenpub/rest/base/object/BDH-PML;docs/tuva/sodermanland/objektrapporter/BDH-PML.json
BE0-A80;Södermanland;Nyköping;3.27;Restaurerbar;2002-07-03;Nynäs;https://etjanst.sjv.se/tuvaut/?f=&id=BE0-A80;https://etjanst.sjv.se/hagenpub/rest/base/object/BE0-A80;docs/tuva/sodermanland/objektrapporter/BE0-A80.json
BE0-EKM;Södermanland;Katrineholm;2.21;Bete;2004-08-25;bygget;https://etjanst.sjv.se/tuvaut/?f=&id=BE0-EKM;https://etjanst.sjv.se/hagenpub/rest/base/object/BE0-EKM;docs/tuva/sodermanland/objektrapporter/BE0-EKM.json
BE1-PJC;Södermanland;Gnesta;4.19;Bete;2004-08-12;Odensberga 4;https://etjanst.sjv.se/tuvaut/?f=&id=BE1-PJC;https://etjanst.sjv.se/hagenpub/rest/base/object/BE1-PJC;docs/tuva/sodermanland/objektrapporter/BE1-PJC.json
BE2-IDY;Södermanland;Katrineholm;2.55;Bete;2002-07-09;Fårnäs;https://etjanst.sjv.se/tuvaut/?f=&id=BE2-IDY;https://etjanst.sjv.se/hagenpub/rest/base/object/BE2-IDY;docs/tuva/sodermanland/objektrapporter/BE2-IDY.json
BE3-VVJ;Södermanland;Katrineholm;1.24;Bete;2004-06-15;gustafsvik 1;https://etjanst.sjv.se/tuvaut/?f=&id=BE3-VVJ;https://etjanst.sjv.se/hagenpub/rest/base/object/BE3-VVJ;docs/tuva/sodermanland/objektrapporter/BE3-VVJ.json
BE7-NPW;Södermanland;Nyköping;5.99;Restaurerbar;2004-09-28;Hartsö 8;https://etjanst.sjv.se/tuvaut/?f=&id=BE7-NPW;https://etjanst.sjv.se/hagenpub/rest/base/object/BE7-NPW;docs/tuva/sodermanland/objektrapporter/BE7-NPW.json
BEE-QVN;Södermanland;Nyköping;14.71;Bete;2002-09-09;Ånga;https://etjanst.sjv.se/tuvaut/?f=&id=BEE-QVN;https://etjanst.sjv.se/hagenpub/rest/base/object/BEE-QVN;docs/tuva/sodermanland/objektrapporter/BEE-QVN.json
BF0-180;Södermanland;Strängnäs;2.86;Bete;2002-05-28;Näsby2;https://etjanst.sjv.se/tuvaut/?f=&id=BF0-180;https://etjanst.sjv.se/hagenpub/rest/base/object/BF0-180;docs/tuva/sodermanland/objektrapporter/BF0-180.json
BF0-BDE;Södermanland;Eskilstuna;5.88;Bete;2003-07-31;Hagby2;https://etjanst.sjv.se/tuvaut/?f=&id=BF0-BDE;https://etjanst.sjv.se/hagenpub/rest/base/object/BF0-BDE;docs/tuva/sodermanland/objektrapporter/BF0-BDE.json
BF1-AVR;Södermanland;Nyköping;2.31;Bete;2003-06-02;Valingegård 2;https://etjanst.sjv.se/tuvaut/?f=&id=BF1-AVR;https://etjanst.sjv.se/hagenpub/rest/base/object/BF1-AVR;docs/tuva/sodermanland/objektrapporter/BF1-AVR.json
BF2-CHF;Södermanland;Katrineholm;0.75;Bete;2003-07-09;Leråsen 3;https://etjanst.sjv.se/tuvaut/?f=&id=BF2-CHF;https://etjanst.sjv.se/hagenpub/rest/base/object/BF2-CHF;docs/tuva/sodermanland/objektrapporter/BF2-CHF.json
BF2-VRJ;Södermanland;Gnesta;1.21;Bete;2004-08-05;Käxle 1;https://etjanst.sjv.se/tuvaut/?f=&id=BF2-VRJ;https://etjanst.sjv.se/hagenpub/rest/base/object/BF2-VRJ;docs/tuva/sodermanland/objektrapporter/BF2-VRJ.json
BF3-INK;Södermanland;Flen;5.9;Bete;2003-07-30;;https://etjanst.sjv.se/tuvaut/?f=&id=BF3-INK;https://etjanst.sjv.se/hagenpub/rest/base/object/BF3-INK;docs/tuva/sodermanland/objektrapporter/BF3-INK.json
BF4-VGU;Södermanland;Katrineholm;6.87;Bete;2003-07-08;Kil;https://etjanst.sjv.se/tuvaut/?f=&id=BF4-VGU;https://etjanst.sjv.se/hagenpub/rest/base/object/BF4-VGU;docs/tuva/sodermanland/objektrapporter/BF4-VGU.json
BF5-OCS;Södermanland;Nyköping;6.39;Bete;2019-07-05;Valsta 2;https://etjanst.sjv.se/tuvaut/?f=&id=BF5-OCS;https://etjanst.sjv.se/hagenpub/rest/base/object/BF5-OCS;docs/tuva/sodermanland/objektrapporter/BF5-OCS.json
BF7-MOP;Södermanland;Eskilstuna;7.4;Bete;2003-06-03;Stålråd3;https://etjanst.sjv.se/tuvaut/?f=&id=BF7-MOP;https://etjanst.sjv.se/hagenpub/rest/base/object/BF7-MOP;docs/tuva/sodermanland/objektrapporter/BF7-MOP.json
BF8-XTO;Södermanland;Eskilstuna;1.45;Bete;2002-09-20;Fäboda2;https://etjanst.sjv.se/tuvaut/?f=&id=BF8-XTO;https://etjanst.sjv.se/hagenpub/rest/base/object/BF8-XTO;docs/tuva/sodermanland/objektrapporter/BF8-XTO.json
BF9-DPS;Södermanland;Katrineholm;0.1;Bete;2004-06-14;Sund 3;https://etjanst.sjv.se/tuvaut/?f=&id=BF9-DPS;https://etjanst.sjv.se/hagenpub/rest/base/object/BF9-DPS;docs/tuva/sodermanland/objektrapporter/BF9-DPS.json
BFE-TWO;Södermanland;Nyköping;2.59;Bete;2002-07-13;Lillkällsstugan;https://etjanst.sjv.se/tuvaut/?f=&id=BFE-TWO;https://etjanst.sjv.se/hagenpub/rest/base/object/BFE-TWO;docs/tuva/sodermanland/objektrapporter/BFE-TWO.json
BFN-CSQ;Södermanland;Katrineholm;1.99;Bete;2023-09-05;Dagöholm;https://etjanst.sjv.se/tuvaut/?f=&id=BFN-CSQ;https://etjanst.sjv.se/hagenpub/rest/base/object/BFN-CSQ;docs/tuva/sodermanland/objektrapporter/BFN-CSQ.json
BKS-TIO;Södermanland;Strängnäs;0.31;Restaurerbar;2023-09-19;Granboda;https://etjanst.sjv.se/tuvaut/?f=&id=BKS-TIO;https://etjanst.sjv.se/hagenpub/rest/base/object/BKS-TIO;docs/tuva/sodermanland/objektrapporter/BKS-TIO.json
BLL-DCG;Södermanland;Flen;0.49;Bete;2019-08-07;Hyltinge-Torp;https://etjanst.sjv.se/tuvaut/?f=&id=BLL-DCG;https://etjanst.sjv.se/hagenpub/rest/base/object/BLL-DCG;docs/tuva/sodermanland/objektrapporter/BLL-DCG.json
BLX-PQC;Södermanland;Eskilstuna;0.39;Bete;2009-08-26;;https://etjanst.sjv.se/tuvaut/?f=&id=BLX-PQC;https://etjanst.sjv.se/hagenpub/rest/base/object/BLX-PQC;docs/tuva/sodermanland/objektrapporter/BLX-PQC.json
BMW-SKB;Södermanland;Nyköping;3.97;Bete;2009-07-21;;https://etjanst.sjv.se/tuvaut/?f=&id=BMW-SKB;https://etjanst.sjv.se/hagenpub/rest/base/object/BMW-SKB;docs/tuva/sodermanland/objektrapporter/BMW-SKB.json
BNX-NZO;Södermanland;Gnesta;4.76;Bete;2019-07-04;Ålsta;https://etjanst.sjv.se/tuvaut/?f=&id=BNX-NZO;https://etjanst.sjv.se/hagenpub/rest/base/object/BNX-NZO;docs/tuva/sodermanland/objektrapporter/BNX-NZO.json
BOR-YBP;Södermanland;Eskilstuna;0.81;Restaurerbar;2018-10-04;Tumbo-Österby 2;https://etjanst.sjv.se/tuvaut/?f=&id=BOR-YBP;https://etjanst.sjv.se/hagenpub/rest/base/object/BOR-YBP;docs/tuva/sodermanland/objektrapporter/BOR-YBP.json
BPQ-RCE;Södermanland;Katrineholm;1.15;Bete;2012-09-28;Stockbäcken;https://etjanst.sjv.se/tuvaut/?f=&id=BPQ-RCE;https://etjanst.sjv.se/hagenpub/rest/base/object/BPQ-RCE;docs/tuva/sodermanland/objektrapporter/BPQ-RCE.json
BQH-GJK;Södermanland;Nyköping;1.99;Bete;2009-07-21;;https://etjanst.sjv.se/tuvaut/?f=&id=BQH-GJK;https://etjanst.sjv.se/hagenpub/rest/base/object/BQH-GJK;docs/tuva/sodermanland/objektrapporter/BQH-GJK.json
BQO-TVQ;Södermanland;Strängnäs;0.96;Bete;2018-08-24;Bergshammar 2;https://etjanst.sjv.se/tuvaut/?f=&id=BQO-TVQ;https://etjanst.sjv.se/hagenpub/rest/base/object/BQO-TVQ;docs/tuva/sodermanland/objektrapporter/BQO-TVQ.json
BRQ-ZMG;Södermanland;Strängnäs;0.3;Bete;2023-08-23;Aspö-Lagnö;https://etjanst.sjv.se/tuvaut/?f=&id=BRQ-ZMG;https://etjanst.sjv.se/hagenpub/rest/base/object/BRQ-ZMG;docs/tuva/sodermanland/objektrapporter/BRQ-ZMG.json
BRT-IJC;Södermanland;Katrineholm;2.28;Bete;2023-10-25;Brunvalla;https://etjanst.sjv.se/tuvaut/?f=&id=BRT-IJC;https://etjanst.sjv.se/hagenpub/rest/base/object/BRT-IJC;docs/tuva/sodermanland/objektrapporter/BRT-IJC.json
BSO-ELZ;Södermanland;Katrineholm;0.57;Restaurerbar;2023-06-09;Lisstorp;https://etjanst.sjv.se/tuvaut/?f=&id=BSO-ELZ;https://etjanst.sjv.se/hagenpub/rest/base/object/BSO-ELZ;docs/tuva/sodermanland/objektrapporter/BSO-ELZ.json
BUJ-PVR;Södermanland;Vingåker;1.51;Restaurerbar;2012-09-20;Berga;https://etjanst.sjv.se/tuvaut/?f=&id=BUJ-PVR;https://etjanst.sjv.se/hagenpub/rest/base/object/BUJ-PVR;docs/tuva/sodermanland/objektrapporter/BUJ-PVR.json
BUV-SSQ;Södermanland;Gnesta;0.31;Bete;2019-08-30;Hållsta 1;https://etjanst.sjv.se/tuvaut/?f=&id=BUV-SSQ;https://etjanst.sjv.se/hagenpub/rest/base/object/BUV-SSQ;docs/tuva/sodermanland/objektrapporter/BUV-SSQ.json
BWS-VMB;Södermanland;Trosa;1.5;Bete;2019-09-27;Berga 4;https://etjanst.sjv.se/tuvaut/?f=&id=BWS-VMB;https://etjanst.sjv.se/hagenpub/rest/base/object/BWS-VMB;docs/tuva/sodermanland/objektrapporter/BWS-VMB.json
BYP-BNY;Södermanland;Nyköping;5.51;Bete;2009-08-20;;https://etjanst.sjv.se/tuvaut/?f=&id=BYP-BNY;https://etjanst.sjv.se/hagenpub/rest/base/object/BYP-BNY;docs/tuva/sodermanland/objektrapporter/BYP-BNY.json
C00-FZS;Södermanland;Katrineholm;0.96;Bete;2004-05-26;hebylund 2;https://etjanst.sjv.se/tuvaut/?f=&id=C00-FZS;https://etjanst.sjv.se/hagenpub/rest/base/object/C00-FZS;docs/tuva/sodermanland/objektrapporter/C00-FZS.json
C00-XVM;Södermanland;Nyköping;29.39;Bete;2002-07-19;;https://etjanst.sjv.se/tuvaut/?f=&id=C00-XVM;https://etjanst.sjv.se/hagenpub/rest/base/object/C00-XVM;docs/tuva/sodermanland/objektrapporter/C00-XVM.json
C02-C00;Södermanland;Strängnäs;17.65;Bete;2002-06-12;Klahammar4;https://etjanst.sjv.se/tuvaut/?f=&id=C02-C00;https://etjanst.sjv.se/hagenpub/rest/base/object/C02-C00;docs/tuva/sodermanland/objektrapporter/C02-C00.json
C03-COR;Södermanland;Katrineholm;0.73;Bete;2004-06-12;himlinge;https://etjanst.sjv.se/tuvaut/?f=&id=C03-COR;https://etjanst.sjv.se/hagenpub/rest/base/object/C03-COR;docs/tuva/sodermanland/objektrapporter/C03-COR.json
C07-200;Södermanland;Katrineholm;0.3;Bete;2002-07-02;Älgsjötorp 4;https://etjanst.sjv.se/tuvaut/?f=&id=C07-200;https://etjanst.sjv.se/hagenpub/rest/base/object/C07-200;docs/tuva/sodermanland/objektrapporter/C07-200.json
C07-YFK;Södermanland;Katrineholm;5.31;Bete;2003-07-08;Källarboda 1;https://etjanst.sjv.se/tuvaut/?f=&id=C07-YFK;https://etjanst.sjv.se/hagenpub/rest/base/object/C07-YFK;docs/tuva/sodermanland/objektrapporter/C07-YFK.json
C0A-KGK;Södermanland;Gnesta;7.04;Bete;2003-08-12;Skottvång;https://etjanst.sjv.se/tuvaut/?f=&id=C0A-KGK;https://etjanst.sjv.se/hagenpub/rest/base/object/C0A-KGK;docs/tuva/sodermanland/objektrapporter/C0A-KGK.json
C0B-CNE;Södermanland;Eskilstuna;1.01;Bete;2003-07-23;Sälthult2;https://etjanst.sjv.se/tuvaut/?f=&id=C0B-CNE;https://etjanst.sjv.se/hagenpub/rest/base/object/C0B-CNE;docs/tuva/sodermanland/objektrapporter/C0B-CNE.json
C0E-YBM;Södermanland;Katrineholm;1.86;Bete;2004-07-20;granhed 1;https://etjanst.sjv.se/tuvaut/?f=&id=C0E-YBM;https://etjanst.sjv.se/hagenpub/rest/base/object/C0E-YBM;docs/tuva/sodermanland/objektrapporter/C0E-YBM.json
C0F-CAM;Södermanland;Eskilstuna;1.2;Restaurerbar;2002-09-03;Stenby3;https://etjanst.sjv.se/tuvaut/?f=&id=C0F-CAM;https://etjanst.sjv.se/hagenpub/rest/base/object/C0F-CAM;docs/tuva/sodermanland/objektrapporter/C0F-CAM.json
C10-RNF;Södermanland;Eskilstuna;1.53;Bete;2003-07-08;Kjulaby2;https://etjanst.sjv.se/tuvaut/?f=&id=C10-RNF;https://etjanst.sjv.se/hagenpub/rest/base/object/C10-RNF;docs/tuva/sodermanland/objektrapporter/C10-RNF.json
C10-SPY;Södermanland;Vingåker;1.09;Bete;2003-09-05;Karlavagnen;https://etjanst.sjv.se/tuvaut/?f=&id=C10-SPY;https://etjanst.sjv.se/hagenpub/rest/base/object/C10-SPY;docs/tuva/sodermanland/objektrapporter/C10-SPY.json
C12-AEM;Södermanland;Vingåker;0.36;Bete;2004-09-09;västtorp extra;https://etjanst.sjv.se/tuvaut/?f=&id=C12-AEM;https://etjanst.sjv.se/hagenpub/rest/base/object/C12-AEM;docs/tuva/sodermanland/objektrapporter/C12-AEM.json
C13-FUV;Södermanland;Trosa;2.26;Bete;2004-05-27;Solberga;https://etjanst.sjv.se/tuvaut/?f=&id=C13-FUV;https://etjanst.sjv.se/hagenpub/rest/base/object/C13-FUV;docs/tuva/sodermanland/objektrapporter/C13-FUV.json
C13-HFR;Södermanland;Flen;0.22;Bete;2003-07-30;Herrgölet 1;https://etjanst.sjv.se/tuvaut/?f=&id=C13-HFR;https://etjanst.sjv.se/hagenpub/rest/base/object/C13-HFR;docs/tuva/sodermanland/objektrapporter/C13-HFR.json
C13-IDT;Södermanland;Nyköping;1.88;Bete;2002-08-15;Matstorp;https://etjanst.sjv.se/tuvaut/?f=&id=C13-IDT;https://etjanst.sjv.se/hagenpub/rest/base/object/C13-IDT;docs/tuva/sodermanland/objektrapporter/C13-IDT.json
C14-ZYV;Södermanland;Gnesta;1.0;Bete;2004-06-04;Rönnbrga 4;https://etjanst.sjv.se/tuvaut/?f=&id=C14-ZYV;https://etjanst.sjv.se/hagenpub/rest/base/object/C14-ZYV;docs/tuva/sodermanland/objektrapporter/C14-ZYV.json
C16-AJQ;Södermanland;Nyköping;0.77;Bete;2002-08-27;Mellanstugan;https://etjanst.sjv.se/tuvaut/?f=&id=C16-AJQ;https://etjanst.sjv.se/hagenpub/rest/base/object/C16-AJQ;docs/tuva/sodermanland/objektrapporter/C16-AJQ.json
C17-600;Södermanland;Strängnäs;2.46;Bete;2002-06-12;Håsta1;https://etjanst.sjv.se/tuvaut/?f=&id=C17-600;https://etjanst.sjv.se/hagenpub/rest/base/object/C17-600;docs/tuva/sodermanland/objektrapporter/C17-600.json
C17-DBV;Södermanland;Nyköping;3.07;Restaurerbar;2004-06-08;Aspa;https://etjanst.sjv.se/tuvaut/?f=&id=C17-DBV;https://etjanst.sjv.se/hagenpub/rest/base/object/C17-DBV;docs/tuva/sodermanland/objektrapporter/C17-DBV.json
C1A-E80;Södermanland;Flen;1.89;Bete;2002-05-10;Mälby;https://etjanst.sjv.se/tuvaut/?f=&id=C1A-E80;https://etjanst.sjv.se/hagenpub/rest/base/object/C1A-E80;docs/tuva/sodermanland/objektrapporter/C1A-E80.json
C1C-WTO;Södermanland;Nyköping;2.11;Bete;2004-10-26;Hånö säteri 2;https://etjanst.sjv.se/tuvaut/?f=&id=C1C-WTO;https://etjanst.sjv.se/hagenpub/rest/base/object/C1C-WTO;docs/tuva/sodermanland/objektrapporter/C1C-WTO.json
C1D-DFG;Södermanland;Katrineholm;5.81;Bete;2004-06-30;linds gård 1;https://etjanst.sjv.se/tuvaut/?f=&id=C1D-DFG;https://etjanst.sjv.se/hagenpub/rest/base/object/C1D-DFG;docs/tuva/sodermanland/objektrapporter/C1D-DFG.json
C1D-DYU;Södermanland;Flen;3.34;Bete;2003-07-24;;https://etjanst.sjv.se/tuvaut/?f=&id=C1D-DYU;https://etjanst.sjv.se/hagenpub/rest/base/object/C1D-DYU;docs/tuva/sodermanland/objektrapporter/C1D-DYU.json
C1E-DIK;Södermanland;Flen;2.1;Bete;2003-07-30;Herrgölet 3;https://etjanst.sjv.se/tuvaut/?f=&id=C1E-DIK;https://etjanst.sjv.se/hagenpub/rest/base/object/C1E-DIK;docs/tuva/sodermanland/objektrapporter/C1E-DIK.json
C1F-QAX;Södermanland;Gnesta;2.72;Bete;2003-08-12;Krampan 1;https://etjanst.sjv.se/tuvaut/?f=&id=C1F-QAX;https://etjanst.sjv.se/hagenpub/rest/base/object/C1F-QAX;docs/tuva/sodermanland/objektrapporter/C1F-QAX.json
C20-ONB;Södermanland;Flen;0.18;Bete;2003-09-16;Bråhovda2;https://etjanst.sjv.se/tuvaut/?f=&id=C20-ONB;https://etjanst.sjv.se/hagenpub/rest/base/object/C20-ONB;docs/tuva/sodermanland/objektrapporter/C20-ONB.json
C20-SUV;Södermanland;Trosa;1.32;Bete;2026-08-13;Skällberga 1;https://etjanst.sjv.se/tuvaut/?f=&id=C20-SUV;https://etjanst.sjv.se/hagenpub/rest/base/object/C20-SUV;docs/tuva/sodermanland/objektrapporter/C20-SUV.json
C20-WUI;Södermanland;Strängnäs;4.58;Bete;2004-08-23;Rävsnäs 2;https://etjanst.sjv.se/tuvaut/?f=&id=C20-WUI;https://etjanst.sjv.se/hagenpub/rest/base/object/C20-WUI;docs/tuva/sodermanland/objektrapporter/C20-WUI.json
C22-LUT;Södermanland;Eskilstuna;4.79;Bete;2003-08-04;Hagby säteri2;https://etjanst.sjv.se/tuvaut/?f=&id=C22-LUT;https://etjanst.sjv.se/hagenpub/rest/base/object/C22-LUT;docs/tuva/sodermanland/objektrapporter/C22-LUT.json
C24-XSO;Södermanland;Nyköping;0.78;Bete;2023-09-29;Daltorp 2;https://etjanst.sjv.se/tuvaut/?f=&id=C24-XSO;https://etjanst.sjv.se/hagenpub/rest/base/object/C24-XSO;docs/tuva/sodermanland/objektrapporter/C24-XSO.json
C26-ZMT;Södermanland;Flen;1.2;Restaurerbar;2004-06-17;Näsby 3;https://etjanst.sjv.se/tuvaut/?f=&id=C26-ZMT;https://etjanst.sjv.se/hagenpub/rest/base/object/C26-ZMT;docs/tuva/sodermanland/objektrapporter/C26-ZMT.json
C28-XXZ;Södermanland;Vingåker;7.7;Bete;2003-09-11;;https://etjanst.sjv.se/tuvaut/?f=&id=C28-XXZ;https://etjanst.sjv.se/hagenpub/rest/base/object/C28-XXZ;docs/tuva/sodermanland/objektrapporter/C28-XXZ.json
C2A-DRI;Södermanland;Eskilstuna;4.65;Bete;2003-07-02;Övernäs2;https://etjanst.sjv.se/tuvaut/?f=&id=C2A-DRI;https://etjanst.sjv.se/hagenpub/rest/base/object/C2A-DRI;docs/tuva/sodermanland/objektrapporter/C2A-DRI.json
C2C-THY;Södermanland;Flen;10.22;Bete;2004-06-18;Kasta;https://etjanst.sjv.se/tuvaut/?f=&id=C2C-THY;https://etjanst.sjv.se/hagenpub/rest/base/object/C2C-THY;docs/tuva/sodermanland/objektrapporter/C2C-THY.json
C2D-JIF;Södermanland;Gnesta;2.33;Ej aktuell;2003-09-24;Tibble 1;https://etjanst.sjv.se/tuvaut/?f=&id=C2D-JIF;https://etjanst.sjv.se/hagenpub/rest/base/object/C2D-JIF;docs/tuva/sodermanland/objektrapporter/C2D-JIF.json
C2F-BKI;Södermanland;Nyköping;5.35;Bete;2003-05-22;Haresta;https://etjanst.sjv.se/tuvaut/?f=&id=C2F-BKI;https://etjanst.sjv.se/hagenpub/rest/base/object/C2F-BKI;docs/tuva/sodermanland/objektrapporter/C2F-BKI.json
C2F-KDE;Södermanland;Gnesta;1.49;Bete;2003-09-12;Dillnäsby 5;https://etjanst.sjv.se/tuvaut/?f=&id=C2F-KDE;https://etjanst.sjv.se/hagenpub/rest/base/object/C2F-KDE;docs/tuva/sodermanland/objektrapporter/C2F-KDE.json
C31-NMX;Södermanland;Flen;3.31;Bete;2004-07-13;Mörksund;https://etjanst.sjv.se/tuvaut/?f=&id=C31-NMX;https://etjanst.sjv.se/hagenpub/rest/base/object/C31-NMX;docs/tuva/sodermanland/objektrapporter/C31-NMX.json
C32-VXY;Södermanland;Flen;4.6;Bete;2004-07-20;Kulla 2;https://etjanst.sjv.se/tuvaut/?f=&id=C32-VXY;https://etjanst.sjv.se/hagenpub/rest/base/object/C32-VXY;docs/tuva/sodermanland/objektrapporter/C32-VXY.json
C33-JOT;Södermanland;Trosa;0.34;Äng;2026-06-18;Askö;https://etjanst.sjv.se/tuvaut/?f=&id=C33-JOT;https://etjanst.sjv.se/hagenpub/rest/base/object/C33-JOT;docs/tuva/sodermanland/objektrapporter/C33-JOT.json
C35-MMU;Södermanland;Vingåker;1.89;Bete;2003-08-08;;https://etjanst.sjv.se/tuvaut/?f=&id=C35-MMU;https://etjanst.sjv.se/hagenpub/rest/base/object/C35-MMU;docs/tuva/sodermanland/objektrapporter/C35-MMU.json
C37-900;Södermanland;Nyköping;17.89;Restaurerbar;2002-06-03;Bogslöt;https://etjanst.sjv.se/tuvaut/?f=&id=C37-900;https://etjanst.sjv.se/hagenpub/rest/base/object/C37-900;docs/tuva/sodermanland/objektrapporter/C37-900.json
C37-LTD;Södermanland;Flen;1.93;Bete;2004-06-21;Kyrkobol 1;https://etjanst.sjv.se/tuvaut/?f=&id=C37-LTD;https://etjanst.sjv.se/hagenpub/rest/base/object/C37-LTD;docs/tuva/sodermanland/objektrapporter/C37-LTD.json
C37-ZRO;Södermanland;Trosa;18.62;Bete;2026-06-18;Askö;https://etjanst.sjv.se/tuvaut/?f=&id=C37-ZRO;https://etjanst.sjv.se/hagenpub/rest/base/object/C37-ZRO;docs/tuva/sodermanland/objektrapporter/C37-ZRO.json
C38-KDF;Södermanland;Eskilstuna;1.61;Bete;2003-06-06;Öknatorp2;https://etjanst.sjv.se/tuvaut/?f=&id=C38-KDF;https://etjanst.sjv.se/hagenpub/rest/base/object/C38-KDF;docs/tuva/sodermanland/objektrapporter/C38-KDF.json
C38-MSJ;Södermanland;Nyköping;1.94;Bete;2003-06-25;Brannebol 2;https://etjanst.sjv.se/tuvaut/?f=&id=C38-MSJ;https://etjanst.sjv.se/hagenpub/rest/base/object/C38-MSJ;docs/tuva/sodermanland/objektrapporter/C38-MSJ.json
C3B-WKO;Södermanland;Nyköping;12.3;Bete;2002-07-20;;https://etjanst.sjv.se/tuvaut/?f=&id=C3B-WKO;https://etjanst.sjv.se/hagenpub/rest/base/object/C3B-WKO;docs/tuva/sodermanland/objektrapporter/C3B-WKO.json
C3C-NUZ;Södermanland;Eskilstuna;1.14;Bete;2003-06-06;Järpeberg1;https://etjanst.sjv.se/tuvaut/?f=&id=C3C-NUZ;https://etjanst.sjv.se/hagenpub/rest/base/object/C3C-NUZ;docs/tuva/sodermanland/objektrapporter/C3C-NUZ.json
C3D-UBG;Södermanland;Flen;1.56;Bete;2004-05-27;Stäringe 1;https://etjanst.sjv.se/tuvaut/?f=&id=C3D-UBG;https://etjanst.sjv.se/hagenpub/rest/base/object/C3D-UBG;docs/tuva/sodermanland/objektrapporter/C3D-UBG.json
C3E-DBV;Södermanland;Flen;2.3;Bete;2004-06-22;Lilla Sundby 2;https://etjanst.sjv.se/tuvaut/?f=&id=C3E-DBV;https://etjanst.sjv.se/hagenpub/rest/base/object/C3E-DBV;docs/tuva/sodermanland/objektrapporter/C3E-DBV.json
C3F-BDQ;Södermanland;Vingåker;3.42;Ej aktuell;2003-08-11;Vittorp 3;https://etjanst.sjv.se/tuvaut/?f=&id=C3F-BDQ;https://etjanst.sjv.se/hagenpub/rest/base/object/C3F-BDQ;docs/tuva/sodermanland/objektrapporter/C3F-BDQ.json
C40-BHJ;Södermanland;Eskilstuna;0.66;Bete;2003-08-15;Hedensö4;https://etjanst.sjv.se/tuvaut/?f=&id=C40-BHJ;https://etjanst.sjv.se/hagenpub/rest/base/object/C40-BHJ;docs/tuva/sodermanland/objektrapporter/C40-BHJ.json
C43-VZU;Södermanland;Vingåker;2.82;Bete;2004-09-09;grönlund;https://etjanst.sjv.se/tuvaut/?f=&id=C43-VZU;https://etjanst.sjv.se/hagenpub/rest/base/object/C43-VZU;docs/tuva/sodermanland/objektrapporter/C43-VZU.json
C47-PZC;Södermanland;Eskilstuna;10.12;Bete;2003-06-13;Bondökna1;https://etjanst.sjv.se/tuvaut/?f=&id=C47-PZC;https://etjanst.sjv.se/hagenpub/rest/base/object/C47-PZC;docs/tuva/sodermanland/objektrapporter/C47-PZC.json
C49-QSF;Södermanland;Flen;10.24;Bete;2004-07-27;Skedevi 1;https://etjanst.sjv.se/tuvaut/?f=&id=C49-QSF;https://etjanst.sjv.se/hagenpub/rest/base/object/C49-QSF;docs/tuva/sodermanland/objektrapporter/C49-QSF.json
C4A-ZQY;Södermanland;Eskilstuna;9.12;Bete;2002-09-23;Söderby;https://etjanst.sjv.se/tuvaut/?f=&id=C4A-ZQY;https://etjanst.sjv.se/hagenpub/rest/base/object/C4A-ZQY;docs/tuva/sodermanland/objektrapporter/C4A-ZQY.json
C4B-WKV;Södermanland;Gnesta;4.85;Bete;2004-09-16;mälby extra ;https://etjanst.sjv.se/tuvaut/?f=&id=C4B-WKV;https://etjanst.sjv.se/hagenpub/rest/base/object/C4B-WKV;docs/tuva/sodermanland/objektrapporter/C4B-WKV.json
C4C-VJU;Södermanland;Strängnäs;1.42;Restaurerbar;2002-07-31;Lilla Datorp;https://etjanst.sjv.se/tuvaut/?f=&id=C4C-VJU;https://etjanst.sjv.se/hagenpub/rest/base/object/C4C-VJU;docs/tuva/sodermanland/objektrapporter/C4C-VJU.json
C4D-FKC;Södermanland;Katrineholm;5.77;Bete;2002-07-31;Båltsnäs;https://etjanst.sjv.se/tuvaut/?f=&id=C4D-FKC;https://etjanst.sjv.se/hagenpub/rest/base/object/C4D-FKC;docs/tuva/sodermanland/objektrapporter/C4D-FKC.json
C4F-QPA;Södermanland;Vingåker;0.75;Bete;2003-09-10;Viala 2;https://etjanst.sjv.se/tuvaut/?f=&id=C4F-QPA;https://etjanst.sjv.se/hagenpub/rest/base/object/C4F-QPA;docs/tuva/sodermanland/objektrapporter/C4F-QPA.json
C55-PGN;Södermanland;Vingåker;8.08;Bete;2003-08-05;Högsjö gård 1;https://etjanst.sjv.se/tuvaut/?f=&id=C55-PGN;https://etjanst.sjv.se/hagenpub/rest/base/object/C55-PGN;docs/tuva/sodermanland/objektrapporter/C55-PGN.json
C55-RYD;Södermanland;Strängnäs;4.09;Bete;2002-08-14;Björkeby;https://etjanst.sjv.se/tuvaut/?f=&id=C55-RYD;https://etjanst.sjv.se/hagenpub/rest/base/object/C55-RYD;docs/tuva/sodermanland/objektrapporter/C55-RYD.json
C57-FXO;Södermanland;Trosa;1.02;Bete;2004-05-12;Örboholm 1;https://etjanst.sjv.se/tuvaut/?f=&id=C57-FXO;https://etjanst.sjv.se/hagenpub/rest/base/object/C57-FXO;docs/tuva/sodermanland/objektrapporter/C57-FXO.json
C5B-600;Södermanland;Nyköping;0.79;Bete;2002-07-02;Stora Älghammar;https://etjanst.sjv.se/tuvaut/?f=&id=C5B-600;https://etjanst.sjv.se/hagenpub/rest/base/object/C5B-600;docs/tuva/sodermanland/objektrapporter/C5B-600.json
C5C-E80;Södermanland;Nyköping;14.66;Restaurerbar;2002-06-19;Berga, Bönsta, Tåå;https://etjanst.sjv.se/tuvaut/?f=&id=C5C-E80;https://etjanst.sjv.se/hagenpub/rest/base/object/C5C-E80;docs/tuva/sodermanland/objektrapporter/C5C-E80.json
C5D-DIF;Södermanland;Katrineholm;0.8;Bete;2003-07-03;Kvisterhult 3;https://etjanst.sjv.se/tuvaut/?f=&id=C5D-DIF;https://etjanst.sjv.se/hagenpub/rest/base/object/C5D-DIF;docs/tuva/sodermanland/objektrapporter/C5D-DIF.json
C5D-XXC;Södermanland;Katrineholm;0.77;Bete;2003-07-22;Ändebol 1;https://etjanst.sjv.se/tuvaut/?f=&id=C5D-XXC;https://etjanst.sjv.se/hagenpub/rest/base/object/C5D-XXC;docs/tuva/sodermanland/objektrapporter/C5D-XXC.json
C5E-QPS;Södermanland;Flen;3.47;Bete;2003-06-04;Sjölunda 4;https://etjanst.sjv.se/tuvaut/?f=&id=C5E-QPS;https://etjanst.sjv.se/hagenpub/rest/base/object/C5E-QPS;docs/tuva/sodermanland/objektrapporter/C5E-QPS.json
C5F-XVH;Södermanland;Gnesta;1.32;Bete;2003-09-29;Viby 5;https://etjanst.sjv.se/tuvaut/?f=&id=C5F-XVH;https://etjanst.sjv.se/hagenpub/rest/base/object/C5F-XVH;docs/tuva/sodermanland/objektrapporter/C5F-XVH.json
C60-KJU;Södermanland;Eskilstuna;1.36;Bete;2004-08-27;Ribbingelund;https://etjanst.sjv.se/tuvaut/?f=&id=C60-KJU;https://etjanst.sjv.se/hagenpub/rest/base/object/C60-KJU;docs/tuva/sodermanland/objektrapporter/C60-KJU.json
C61-D80;Södermanland;Nyköping;1.81;Bete;2002-07-02;Stora Älghammar;https://etjanst.sjv.se/tuvaut/?f=&id=C61-D80;https://etjanst.sjv.se/hagenpub/rest/base/object/C61-D80;docs/tuva/sodermanland/objektrapporter/C61-D80.json
C63-IHP;Södermanland;Katrineholm;0.79;Bete;2004-06-21;gustafsvik 3;https://etjanst.sjv.se/tuvaut/?f=&id=C63-IHP;https://etjanst.sjv.se/hagenpub/rest/base/object/C63-IHP;docs/tuva/sodermanland/objektrapporter/C63-IHP.json
C67-MSU;Södermanland;Eskilstuna;3.77;Restaurerbar;2002-09-23;Nabbetorp2;https://etjanst.sjv.se/tuvaut/?f=&id=C67-MSU;https://etjanst.sjv.se/hagenpub/rest/base/object/C67-MSU;docs/tuva/sodermanland/objektrapporter/C67-MSU.json
C68-DAE;Södermanland;Eskilstuna;0.72;Bete;2003-06-30;Prästtorp2;https://etjanst.sjv.se/tuvaut/?f=&id=C68-DAE;https://etjanst.sjv.se/hagenpub/rest/base/object/C68-DAE;docs/tuva/sodermanland/objektrapporter/C68-DAE.json
C6A-MZM;Södermanland;Katrineholm;4.65;Bete;2004-09-03;kölsta, malte;https://etjanst.sjv.se/tuvaut/?f=&id=C6A-MZM;https://etjanst.sjv.se/hagenpub/rest/base/object/C6A-MZM;docs/tuva/sodermanland/objektrapporter/C6A-MZM.json
C6D-CMZ;Södermanland;Katrineholm;2.52;Bete;2004-08-31;sjögetorp;https://etjanst.sjv.se/tuvaut/?f=&id=C6D-CMZ;https://etjanst.sjv.se/hagenpub/rest/base/object/C6D-CMZ;docs/tuva/sodermanland/objektrapporter/C6D-CMZ.json
C6D-KBK;Södermanland;Katrineholm;1.69;Bete;2003-05-22;Bie 1;https://etjanst.sjv.se/tuvaut/?f=&id=C6D-KBK;https://etjanst.sjv.se/hagenpub/rest/base/object/C6D-KBK;docs/tuva/sodermanland/objektrapporter/C6D-KBK.json
C70-CER;Södermanland;Strängnäs;8.42;Bete;2002-07-11;Lida;https://etjanst.sjv.se/tuvaut/?f=&id=C70-CER;https://etjanst.sjv.se/hagenpub/rest/base/object/C70-CER;docs/tuva/sodermanland/objektrapporter/C70-CER.json
C71-AXM;Södermanland;Katrineholm;4.63;Bete;2003-07-22;Ändebol 2;https://etjanst.sjv.se/tuvaut/?f=&id=C71-AXM;https://etjanst.sjv.se/hagenpub/rest/base/object/C71-AXM;docs/tuva/sodermanland/objektrapporter/C71-AXM.json
C74-NOZ;Södermanland;Nyköping;5.7;Bete;2004-06-03;Haga;https://etjanst.sjv.se/tuvaut/?f=&id=C74-NOZ;https://etjanst.sjv.se/hagenpub/rest/base/object/C74-NOZ;docs/tuva/sodermanland/objektrapporter/C74-NOZ.json
C74-VQL;Södermanland;Eskilstuna;0.63;Bete;2003-09-01;Stavhäll1;https://etjanst.sjv.se/tuvaut/?f=&id=C74-VQL;https://etjanst.sjv.se/hagenpub/rest/base/object/C74-VQL;docs/tuva/sodermanland/objektrapporter/C74-VQL.json
C75-D80;Södermanland;Nyköping;22.3;Bete;2002-07-04;Måstena;https://etjanst.sjv.se/tuvaut/?f=&id=C75-D80;https://etjanst.sjv.se/hagenpub/rest/base/object/C75-D80;docs/tuva/sodermanland/objektrapporter/C75-D80.json
C78-YOS;Södermanland;Nyköping;4.13;Bete;2004-07-29;Sofielund 1;https://etjanst.sjv.se/tuvaut/?f=&id=C78-YOS;https://etjanst.sjv.se/hagenpub/rest/base/object/C78-YOS;docs/tuva/sodermanland/objektrapporter/C78-YOS.json
C79-NTV;Södermanland;Eskilstuna;0.3;Bete;2003-05-15;Risinge3;https://etjanst.sjv.se/tuvaut/?f=&id=C79-NTV;https://etjanst.sjv.se/hagenpub/rest/base/object/C79-NTV;docs/tuva/sodermanland/objektrapporter/C79-NTV.json
C7B-BOT;Södermanland;Katrineholm;3.22;Bete;2004-06-08;lindebol 3;https://etjanst.sjv.se/tuvaut/?f=&id=C7B-BOT;https://etjanst.sjv.se/hagenpub/rest/base/object/C7B-BOT;docs/tuva/sodermanland/objektrapporter/C7B-BOT.json
C7B-XDE;Södermanland;Flen;0.59;Bete;2004-07-27;Skedevi 5;https://etjanst.sjv.se/tuvaut/?f=&id=C7B-XDE;https://etjanst.sjv.se/hagenpub/rest/base/object/C7B-XDE;docs/tuva/sodermanland/objektrapporter/C7B-XDE.json
C7D-EVE;Södermanland;Flen;3.64;Restaurerbar;2004-07-27;Berga 2;https://etjanst.sjv.se/tuvaut/?f=&id=C7D-EVE;https://etjanst.sjv.se/hagenpub/rest/base/object/C7D-EVE;docs/tuva/sodermanland/objektrapporter/C7D-EVE.json
C7D-OSN;Södermanland;Gnesta;0.31;Bete;2004-06-03;Vinberga 1;https://etjanst.sjv.se/tuvaut/?f=&id=C7D-OSN;https://etjanst.sjv.se/hagenpub/rest/base/object/C7D-OSN;docs/tuva/sodermanland/objektrapporter/C7D-OSN.json
C7E-OHA;Södermanland;Nyköping;0.19;Bete;2003-05-27;Karlshäll;https://etjanst.sjv.se/tuvaut/?f=&id=C7E-OHA;https://etjanst.sjv.se/hagenpub/rest/base/object/C7E-OHA;docs/tuva/sodermanland/objektrapporter/C7E-OHA.json
C80-PNK;Södermanland;Nyköping;0.88;Bete;2004-06-08;Håcknesta 1;https://etjanst.sjv.se/tuvaut/?f=&id=C80-PNK;https://etjanst.sjv.se/hagenpub/rest/base/object/C80-PNK;docs/tuva/sodermanland/objektrapporter/C80-PNK.json
C81-AYS;Södermanland;Eskilstuna;3.23;Bete;2003-05-13;Rossviks säteri2;https://etjanst.sjv.se/tuvaut/?f=&id=C81-AYS;https://etjanst.sjv.se/hagenpub/rest/base/object/C81-AYS;docs/tuva/sodermanland/objektrapporter/C81-AYS.json
C83-MOB;Södermanland;Trosa;2.73;Bete;2026-08-13;Ryssland 2;https://etjanst.sjv.se/tuvaut/?f=&id=C83-MOB;https://etjanst.sjv.se/hagenpub/rest/base/object/C83-MOB;docs/tuva/sodermanland/objektrapporter/C83-MOB.json
C86-480;Södermanland;Gnesta;1.39;Bete;2002-05-13;Dalsjö 2;https://etjanst.sjv.se/tuvaut/?f=&id=C86-480;https://etjanst.sjv.se/hagenpub/rest/base/object/C86-480;docs/tuva/sodermanland/objektrapporter/C86-480.json
C87-QKD;Södermanland;Strängnäs;5.52;Restaurerbar;2002-12-18;Fröberga2;https://etjanst.sjv.se/tuvaut/?f=&id=C87-QKD;https://etjanst.sjv.se/hagenpub/rest/base/object/C87-QKD;docs/tuva/sodermanland/objektrapporter/C87-QKD.json
C8B-FPM;Södermanland;Nyköping;0.58;Bete;2004-08-19;Svärta gård;https://etjanst.sjv.se/tuvaut/?f=&id=C8B-FPM;https://etjanst.sjv.se/hagenpub/rest/base/object/C8B-FPM;docs/tuva/sodermanland/objektrapporter/C8B-FPM.json
C8B-RDJ;Södermanland;Nyköping;1.63;Bete;2003-06-02;Valingegård 5;https://etjanst.sjv.se/tuvaut/?f=&id=C8B-RDJ;https://etjanst.sjv.se/hagenpub/rest/base/object/C8B-RDJ;docs/tuva/sodermanland/objektrapporter/C8B-RDJ.json
C8C-NHA;Södermanland;Katrineholm;1.49;Bete;2002-07-11;Hult;https://etjanst.sjv.se/tuvaut/?f=&id=C8C-NHA;https://etjanst.sjv.se/hagenpub/rest/base/object/C8C-NHA;docs/tuva/sodermanland/objektrapporter/C8C-NHA.json
C92-AKY;Södermanland;Gnesta;4.09;Bete;2003-09-04;;https://etjanst.sjv.se/tuvaut/?f=&id=C92-AKY;https://etjanst.sjv.se/hagenpub/rest/base/object/C92-AKY;docs/tuva/sodermanland/objektrapporter/C92-AKY.json
C96-KNF;Södermanland;Nyköping;0.84;Bete;2004-06-07;Bysjön;https://etjanst.sjv.se/tuvaut/?f=&id=C96-KNF;https://etjanst.sjv.se/hagenpub/rest/base/object/C96-KNF;docs/tuva/sodermanland/objektrapporter/C96-KNF.json
C96-RXY;Södermanland;Flen;1.17;Bete;2003-09-17;;https://etjanst.sjv.se/tuvaut/?f=&id=C96-RXY;https://etjanst.sjv.se/hagenpub/rest/base/object/C96-RXY;docs/tuva/sodermanland/objektrapporter/C96-RXY.json
C97-OZG;Södermanland;Eskilstuna;8.32;Bete;2003-06-23;Brevik2;https://etjanst.sjv.se/tuvaut/?f=&id=C97-OZG;https://etjanst.sjv.se/hagenpub/rest/base/object/C97-OZG;docs/tuva/sodermanland/objektrapporter/C97-OZG.json
C97-WHZ;Södermanland;Gnesta;0.72;Bete;2004-06-22;;https://etjanst.sjv.se/tuvaut/?f=&id=C97-WHZ;https://etjanst.sjv.se/hagenpub/rest/base/object/C97-WHZ;docs/tuva/sodermanland/objektrapporter/C97-WHZ.json
C98-LKV;Södermanland;Nyköping;1.12;Bete;2004-09-14;ålberga bruk extra;https://etjanst.sjv.se/tuvaut/?f=&id=C98-LKV;https://etjanst.sjv.se/hagenpub/rest/base/object/C98-LKV;docs/tuva/sodermanland/objektrapporter/C98-LKV.json
C98-OCT;Södermanland;Gnesta;0.46;Äng;2004-06-15;Stora Brandsbol 2;https://etjanst.sjv.se/tuvaut/?f=&id=C98-OCT;https://etjanst.sjv.se/hagenpub/rest/base/object/C98-OCT;docs/tuva/sodermanland/objektrapporter/C98-OCT.json
C9C-XVG;Södermanland;Flen;24.56;Restaurerbar;2003-08-29;Lundby 2;https://etjanst.sjv.se/tuvaut/?f=&id=C9C-XVG;https://etjanst.sjv.se/hagenpub/rest/base/object/C9C-XVG;docs/tuva/sodermanland/objektrapporter/C9C-XVG.json
C9D-GAT;Södermanland;Eskilstuna;0.77;Äng;2002-09-16;Gri ndstugan;https://etjanst.sjv.se/tuvaut/?f=&id=C9D-GAT;https://etjanst.sjv.se/hagenpub/rest/base/object/C9D-GAT;docs/tuva/sodermanland/objektrapporter/C9D-GAT.json
C9D-XWY;Södermanland;Strängnäs;4.12;Bete;2002-07-15;Hagberga;https://etjanst.sjv.se/tuvaut/?f=&id=C9D-XWY;https://etjanst.sjv.se/hagenpub/rest/base/object/C9D-XWY;docs/tuva/sodermanland/objektrapporter/C9D-XWY.json
C9E-HWD;Södermanland;Trosa;4.49;Bete;2004-05-27;Sille 2;https://etjanst.sjv.se/tuvaut/?f=&id=C9E-HWD;https://etjanst.sjv.se/hagenpub/rest/base/object/C9E-HWD;docs/tuva/sodermanland/objektrapporter/C9E-HWD.json
C9F-PVX;Södermanland;Gnesta;2.22;Bete;2004-06-10;Säby 3;https://etjanst.sjv.se/tuvaut/?f=&id=C9F-PVX;https://etjanst.sjv.se/hagenpub/rest/base/object/C9F-PVX;docs/tuva/sodermanland/objektrapporter/C9F-PVX.json
CA0-HFZ;Södermanland;Flen;1.47;Bete;2003-08-15;Ekensholm 2;https://etjanst.sjv.se/tuvaut/?f=&id=CA0-HFZ;https://etjanst.sjv.se/hagenpub/rest/base/object/CA0-HFZ;docs/tuva/sodermanland/objektrapporter/CA0-HFZ.json
CA1-KPG;Södermanland;Katrineholm;0.76;Bete;2002-08-12;Hällstugan;https://etjanst.sjv.se/tuvaut/?f=&id=CA1-KPG;https://etjanst.sjv.se/hagenpub/rest/base/object/CA1-KPG;docs/tuva/sodermanland/objektrapporter/CA1-KPG.json
CA1-TEF;Södermanland;Flen;1.15;Bete;2003-09-17;;https://etjanst.sjv.se/tuvaut/?f=&id=CA1-TEF;https://etjanst.sjv.se/hagenpub/rest/base/object/CA1-TEF;docs/tuva/sodermanland/objektrapporter/CA1-TEF.json
CA2-FMX;Södermanland;Gnesta;6.36;Bete;2003-09-22;Näs 1;https://etjanst.sjv.se/tuvaut/?f=&id=CA2-FMX;https://etjanst.sjv.se/hagenpub/rest/base/object/CA2-FMX;docs/tuva/sodermanland/objektrapporter/CA2-FMX.json
CA3-080;Södermanland;Strängnäs;0.75;Bete;2002-05-31;Odensicke2;https://etjanst.sjv.se/tuvaut/?f=&id=CA3-080;https://etjanst.sjv.se/hagenpub/rest/base/object/CA3-080;docs/tuva/sodermanland/objektrapporter/CA3-080.json
CA6-UAJ;Södermanland;Eskilstuna;0.16;Bete;2004-08-27;Snickartorp;https://etjanst.sjv.se/tuvaut/?f=&id=CA6-UAJ;https://etjanst.sjv.se/hagenpub/rest/base/object/CA6-UAJ;docs/tuva/sodermanland/objektrapporter/CA6-UAJ.json
CA7-ACP;Södermanland;Katrineholm;10.24;Bete;2003-07-08;;https://etjanst.sjv.se/tuvaut/?f=&id=CA7-ACP;https://etjanst.sjv.se/hagenpub/rest/base/object/CA7-ACP;docs/tuva/sodermanland/objektrapporter/CA7-ACP.json
CA7-GZM;Södermanland;Trosa;16.12;Restaurerbar;2004-09-27;Gälön 2;https://etjanst.sjv.se/tuvaut/?f=&id=CA7-GZM;https://etjanst.sjv.se/hagenpub/rest/base/object/CA7-GZM;docs/tuva/sodermanland/objektrapporter/CA7-GZM.json
CA9-IVC;Södermanland;Eskilstuna;8.41;Bete;2003-07-31;Hagby3;https://etjanst.sjv.se/tuvaut/?f=&id=CA9-IVC;https://etjanst.sjv.se/hagenpub/rest/base/object/CA9-IVC;docs/tuva/sodermanland/objektrapporter/CA9-IVC.json
CAA-BVL;Södermanland;Eskilstuna;1.23;Bete;2003-06-13;Bondökna2;https://etjanst.sjv.se/tuvaut/?f=&id=CAA-BVL;https://etjanst.sjv.se/hagenpub/rest/base/object/CAA-BVL;docs/tuva/sodermanland/objektrapporter/CAA-BVL.json
CAC-180;Södermanland;Gnesta;0.6;Restaurerbar;2002-05-16;Viby;https://etjanst.sjv.se/tuvaut/?f=&id=CAC-180;https://etjanst.sjv.se/hagenpub/rest/base/object/CAC-180;docs/tuva/sodermanland/objektrapporter/CAC-180.json
CAC-MXJ;Södermanland;Flen;0.71;Bete;2003-09-23;;https://etjanst.sjv.se/tuvaut/?f=&id=CAC-MXJ;https://etjanst.sjv.se/hagenpub/rest/base/object/CAC-MXJ;docs/tuva/sodermanland/objektrapporter/CAC-MXJ.json
CAD-KMN;Södermanland;Strängnäs;2.01;Restaurerbar;2003-09-05;Marietorp1;https://etjanst.sjv.se/tuvaut/?f=&id=CAD-KMN;https://etjanst.sjv.se/hagenpub/rest/base/object/CAD-KMN;docs/tuva/sodermanland/objektrapporter/CAD-KMN.json
CAD-LDU;Södermanland;Flen;15.72;Bete;2004-06-17;Ekenäs;https://etjanst.sjv.se/tuvaut/?f=&id=CAD-LDU;https://etjanst.sjv.se/hagenpub/rest/base/object/CAD-LDU;docs/tuva/sodermanland/objektrapporter/CAD-LDU.json
CAD-SPE;Södermanland;Vingåker;2.56;Bete;2018-08-10;Stora Kulltorp 2;https://etjanst.sjv.se/tuvaut/?f=&id=CAD-SPE;https://etjanst.sjv.se/hagenpub/rest/base/object/CAD-SPE;docs/tuva/sodermanland/objektrapporter/CAD-SPE.json
CAT-DIE;Södermanland;Gnesta;0.9;Bete;2019-07-02;Öllösa 1;https://etjanst.sjv.se/tuvaut/?f=&id=CAT-DIE;https://etjanst.sjv.se/hagenpub/rest/base/object/CAT-DIE;docs/tuva/sodermanland/objektrapporter/CAT-DIE.json
CB0-OOW;Södermanland;Flen;3.0;Bete;2003-09-24;Alm2;https://etjanst.sjv.se/tuvaut/?f=&id=CB0-OOW;https://etjanst.sjv.se/hagenpub/rest/base/object/CB0-OOW;docs/tuva/sodermanland/objektrapporter/CB0-OOW.json
CB0-PCI;Södermanland;Nyköping;3.94;Bete;2002-08-15;Baggebol;https://etjanst.sjv.se/tuvaut/?f=&id=CB0-PCI;https://etjanst.sjv.se/hagenpub/rest/base/object/CB0-PCI;docs/tuva/sodermanland/objektrapporter/CB0-PCI.json
CB2-YDA;Södermanland;Flen;0.98;Bete;2004-07-27;Skedevi 7;https://etjanst.sjv.se/tuvaut/?f=&id=CB2-YDA;https://etjanst.sjv.se/hagenpub/rest/base/object/CB2-YDA;docs/tuva/sodermanland/objektrapporter/CB2-YDA.json
CB3-400;Södermanland;Katrineholm;7.2;Bete;2023-08-14;Hinnäs 4;https://etjanst.sjv.se/tuvaut/?f=&id=CB3-400;https://etjanst.sjv.se/hagenpub/rest/base/object/CB3-400;docs/tuva/sodermanland/objektrapporter/CB3-400.json
CB4-ZIG;Södermanland;Flen;7.37;Bete;2004-08-03;Kramnäs 5;https://etjanst.sjv.se/tuvaut/?f=&id=CB4-ZIG;https://etjanst.sjv.se/hagenpub/rest/base/object/CB4-ZIG;docs/tuva/sodermanland/objektrapporter/CB4-ZIG.json
CB6-DIA;Södermanland;Nyköping;8.44;Bete;2002-07-13;Backgården;https://etjanst.sjv.se/tuvaut/?f=&id=CB6-DIA;https://etjanst.sjv.se/hagenpub/rest/base/object/CB6-DIA;docs/tuva/sodermanland/objektrapporter/CB6-DIA.json
CBB-DIO;Södermanland;Strängnäs;0.44;Bete;2004-08-27;Tobo 1;https://etjanst.sjv.se/tuvaut/?f=&id=CBB-DIO;https://etjanst.sjv.se/hagenpub/rest/base/object/CBB-DIO;docs/tuva/sodermanland/objektrapporter/CBB-DIO.json
CBC-ELZ;Södermanland;Nyköping;5.1;Bete;2002-08-27;Inneberga;https://etjanst.sjv.se/tuvaut/?f=&id=CBC-ELZ;https://etjanst.sjv.se/hagenpub/rest/base/object/CBC-ELZ;docs/tuva/sodermanland/objektrapporter/CBC-ELZ.json
CBC-YDV;Södermanland;Katrineholm;1.01;Bete;2002-08-06;Bonneråd 3;https://etjanst.sjv.se/tuvaut/?f=&id=CBC-YDV;https://etjanst.sjv.se/hagenpub/rest/base/object/CBC-YDV;docs/tuva/sodermanland/objektrapporter/CBC-YDV.json
CBD-AVL;Södermanland;Gnesta;1.18;Bete;2003-09-22;Eknäs 3;https://etjanst.sjv.se/tuvaut/?f=&id=CBD-AVL;https://etjanst.sjv.se/hagenpub/rest/base/object/CBD-AVL;docs/tuva/sodermanland/objektrapporter/CBD-AVL.json
CBF-WVG;Södermanland;Nyköping;0.89;Bete;2004-06-11;ökna 1;https://etjanst.sjv.se/tuvaut/?f=&id=CBF-WVG;https://etjanst.sjv.se/hagenpub/rest/base/object/CBF-WVG;docs/tuva/sodermanland/objektrapporter/CBF-WVG.json
CBI-SWI;Södermanland;Katrineholm;2.68;Bete;2010-06-29;Björkviks-Valla 11:1;https://etjanst.sjv.se/tuvaut/?f=&id=CBI-SWI;https://etjanst.sjv.se/hagenpub/rest/base/object/CBI-SWI;docs/tuva/sodermanland/objektrapporter/CBI-SWI.json
CBM-OEZ;Södermanland;Nyköping;0.68;Bete;2019-07-10;Åboö 2;https://etjanst.sjv.se/tuvaut/?f=&id=CBM-OEZ;https://etjanst.sjv.se/hagenpub/rest/base/object/CBM-OEZ;docs/tuva/sodermanland/objektrapporter/CBM-OEZ.json
CC0-ZPT;Södermanland;Katrineholm;3.49;Bete;2004-07-29;årsta 2;https://etjanst.sjv.se/tuvaut/?f=&id=CC0-ZPT;https://etjanst.sjv.se/hagenpub/rest/base/object/CC0-ZPT;docs/tuva/sodermanland/objektrapporter/CC0-ZPT.json
CC2-COR;Södermanland;Katrineholm;2.76;Äng;2004-05-11;dagöholm 5;https://etjanst.sjv.se/tuvaut/?f=&id=CC2-COR;https://etjanst.sjv.se/hagenpub/rest/base/object/CC2-COR;docs/tuva/sodermanland/objektrapporter/CC2-COR.json
CC4-RCO;Södermanland;Gnesta;4.93;Bete;2003-09-10;;https://etjanst.sjv.se/tuvaut/?f=&id=CC4-RCO;https://etjanst.sjv.se/hagenpub/rest/base/object/CC4-RCO;docs/tuva/sodermanland/objektrapporter/CC4-RCO.json
CC5-PCK;Södermanland;Nyköping;2.83;Restaurerbar;2002-08-13;Oglöt;https://etjanst.sjv.se/tuvaut/?f=&id=CC5-PCK;https://etjanst.sjv.se/hagenpub/rest/base/object/CC5-PCK;docs/tuva/sodermanland/objektrapporter/CC5-PCK.json
CC7-BGG;Södermanland;Flen;1.32;Bete;2003-09-23;Röl3;https://etjanst.sjv.se/tuvaut/?f=&id=CC7-BGG;https://etjanst.sjv.se/hagenpub/rest/base/object/CC7-BGG;docs/tuva/sodermanland/objektrapporter/CC7-BGG.json
CC8-KTR;Södermanland;Nyköping;3.98;Bete;2003-06-12;Horn 2;https://etjanst.sjv.se/tuvaut/?f=&id=CC8-KTR;https://etjanst.sjv.se/hagenpub/rest/base/object/CC8-KTR;docs/tuva/sodermanland/objektrapporter/CC8-KTR.json
CC8-TGZ;Södermanland;Eskilstuna;2.2;Bete;2004-08-31;Hägran;https://etjanst.sjv.se/tuvaut/?f=&id=CC8-TGZ;https://etjanst.sjv.se/hagenpub/rest/base/object/CC8-TGZ;docs/tuva/sodermanland/objektrapporter/CC8-TGZ.json
CCC-HCX;Södermanland;Nyköping;1.06;Bete;2002-07-13;Backgården;https://etjanst.sjv.se/tuvaut/?f=&id=CCC-HCX;https://etjanst.sjv.se/hagenpub/rest/base/object/CCC-HCX;docs/tuva/sodermanland/objektrapporter/CCC-HCX.json
CCC-NDI;Södermanland;Strängnäs;1.66;Restaurerbar;2002-09-24;Kuggnäs2;https://etjanst.sjv.se/tuvaut/?f=&id=CCC-NDI;https://etjanst.sjv.se/hagenpub/rest/base/object/CCC-NDI;docs/tuva/sodermanland/objektrapporter/CCC-NDI.json
CCD-XVJ;Södermanland;Flen;4.66;Bete;2004-08-10;högtorp;https://etjanst.sjv.se/tuvaut/?f=&id=CCD-XVJ;https://etjanst.sjv.se/hagenpub/rest/base/object/CCD-XVJ;docs/tuva/sodermanland/objektrapporter/CCD-XVJ.json
CCE-YTO;Södermanland;Katrineholm;3.89;Bete;2004-07-27;brynstorp 1;https://etjanst.sjv.se/tuvaut/?f=&id=CCE-YTO;https://etjanst.sjv.se/hagenpub/rest/base/object/CCE-YTO;docs/tuva/sodermanland/objektrapporter/CCE-YTO.json
CCF-WVD;Södermanland;Nyköping;3.22;Bete;2004-06-07;?;https://etjanst.sjv.se/tuvaut/?f=&id=CCF-WVD;https://etjanst.sjv.se/hagenpub/rest/base/object/CCF-WVD;docs/tuva/sodermanland/objektrapporter/CCF-WVD.json
CD2-QGE;Södermanland;Eskilstuna;0.19;Bete;2004-08-30;Öknatorp 1;https://etjanst.sjv.se/tuvaut/?f=&id=CD2-QGE;https://etjanst.sjv.se/hagenpub/rest/base/object/CD2-QGE;docs/tuva/sodermanland/objektrapporter/CD2-QGE.json
CD2-TKS;Södermanland;Nyköping;1.71;Bete;2004-06-11;Onsberga 2;https://etjanst.sjv.se/tuvaut/?f=&id=CD2-TKS;https://etjanst.sjv.se/hagenpub/rest/base/object/CD2-TKS;docs/tuva/sodermanland/objektrapporter/CD2-TKS.json
CD5-000;Södermanland;Strängnäs;2.42;Bete;2002-06-11;Åsa2;https://etjanst.sjv.se/tuvaut/?f=&id=CD5-000;https://etjanst.sjv.se/hagenpub/rest/base/object/CD5-000;docs/tuva/sodermanland/objektrapporter/CD5-000.json
CD6-AKL;Södermanland;Trosa;0.6;Bete;2004-05-11;Kungsbol 2;https://etjanst.sjv.se/tuvaut/?f=&id=CD6-AKL;https://etjanst.sjv.se/hagenpub/rest/base/object/CD6-AKL;docs/tuva/sodermanland/objektrapporter/CD6-AKL.json
CD7-F00;Södermanland;Flen;3.46;Bete;2002-05-10;Remna2;https://etjanst.sjv.se/tuvaut/?f=&id=CD7-F00;https://etjanst.sjv.se/hagenpub/rest/base/object/CD7-F00;docs/tuva/sodermanland/objektrapporter/CD7-F00.json
CDA-BET;Södermanland;Nyköping;32.94;Restaurerbar;2002-07-19;;https://etjanst.sjv.se/tuvaut/?f=&id=CDA-BET;https://etjanst.sjv.se/hagenpub/rest/base/object/CDA-BET;docs/tuva/sodermanland/objektrapporter/CDA-BET.json
CDD-UJK;Södermanland;Nyköping;2.18;Bete;2002-07-09;Kärrboda;https://etjanst.sjv.se/tuvaut/?f=&id=CDD-UJK;https://etjanst.sjv.se/hagenpub/rest/base/object/CDD-UJK;docs/tuva/sodermanland/objektrapporter/CDD-UJK.json
CE1-BZE;Södermanland;Trosa;6.75;Bete;2004-08-05;Borsö 2;https://etjanst.sjv.se/tuvaut/?f=&id=CE1-BZE;https://etjanst.sjv.se/hagenpub/rest/base/object/CE1-BZE;docs/tuva/sodermanland/objektrapporter/CE1-BZE.json
CE1-YJJ;Södermanland;Flen;1.37;Bete;2004-06-15;Bjudby;https://etjanst.sjv.se/tuvaut/?f=&id=CE1-YJJ;https://etjanst.sjv.se/hagenpub/rest/base/object/CE1-YJJ;docs/tuva/sodermanland/objektrapporter/CE1-YJJ.json
CE3-AQZ;Södermanland;Eskilstuna;2.03;Bete;2003-06-23;Åstugan1;https://etjanst.sjv.se/tuvaut/?f=&id=CE3-AQZ;https://etjanst.sjv.se/hagenpub/rest/base/object/CE3-AQZ;docs/tuva/sodermanland/objektrapporter/CE3-AQZ.json
CE5-SAK;Södermanland;Flen;1.65;Bete;2003-07-30;Stocketorp 1;https://etjanst.sjv.se/tuvaut/?f=&id=CE5-SAK;https://etjanst.sjv.se/hagenpub/rest/base/object/CE5-SAK;docs/tuva/sodermanland/objektrapporter/CE5-SAK.json
CE6-MLN;Södermanland;Eskilstuna;1.4;Bete;2003-06-02;Källåsen2;https://etjanst.sjv.se/tuvaut/?f=&id=CE6-MLN;https://etjanst.sjv.se/hagenpub/rest/base/object/CE6-MLN;docs/tuva/sodermanland/objektrapporter/CE6-MLN.json
CE6-REL;Södermanland;Flen;0.83;Ej aktuell;2004-08-20;Gnesund 2;https://etjanst.sjv.se/tuvaut/?f=&id=CE6-REL;https://etjanst.sjv.se/hagenpub/rest/base/object/CE6-REL;docs/tuva/sodermanland/objektrapporter/CE6-REL.json
CE7-OXD;Södermanland;Nyköping;1.23;Bete;2002-07-14;Ålberga gård;https://etjanst.sjv.se/tuvaut/?f=&id=CE7-OXD;https://etjanst.sjv.se/hagenpub/rest/base/object/CE7-OXD;docs/tuva/sodermanland/objektrapporter/CE7-OXD.json
CE8-QEJ;Södermanland;Trosa;0.97;Bete;2004-05-12;Grönsö 1;https://etjanst.sjv.se/tuvaut/?f=&id=CE8-QEJ;https://etjanst.sjv.se/hagenpub/rest/base/object/CE8-QEJ;docs/tuva/sodermanland/objektrapporter/CE8-QEJ.json
CE8-SZK;Södermanland;Nyköping;3.05;Bete;2002-07-09;Kärrboda;https://etjanst.sjv.se/tuvaut/?f=&id=CE8-SZK;https://etjanst.sjv.se/hagenpub/rest/base/object/CE8-SZK;docs/tuva/sodermanland/objektrapporter/CE8-SZK.json
CE9-NCI;Södermanland;Flen;2.88;Bete;2023-08-03;Ulvsund 2;https://etjanst.sjv.se/tuvaut/?f=&id=CE9-NCI;https://etjanst.sjv.se/hagenpub/rest/base/object/CE9-NCI;docs/tuva/sodermanland/objektrapporter/CE9-NCI.json
CEB-080;Södermanland;Katrineholm;4.94;Restaurerbar;2002-04-23;Brebol-Älskebol;https://etjanst.sjv.se/tuvaut/?f=&id=CEB-080;https://etjanst.sjv.se/hagenpub/rest/base/object/CEB-080;docs/tuva/sodermanland/objektrapporter/CEB-080.json
CEB-AHB;Södermanland;Katrineholm;0.94;Bete;2004-05-17;västra vegred 4;https://etjanst.sjv.se/tuvaut/?f=&id=CEB-AHB;https://etjanst.sjv.se/hagenpub/rest/base/object/CEB-AHB;docs/tuva/sodermanland/objektrapporter/CEB-AHB.json
CED-PZG;Södermanland;Flen;12.7;Bete;2003-09-16;Sundby2;https://etjanst.sjv.se/tuvaut/?f=&id=CED-PZG;https://etjanst.sjv.se/hagenpub/rest/base/object/CED-PZG;docs/tuva/sodermanland/objektrapporter/CED-PZG.json
CEF-180;Södermanland;Nyköping;3.62;Bete;2002-06-18;Vallby;https://etjanst.sjv.se/tuvaut/?f=&id=CEF-180;https://etjanst.sjv.se/hagenpub/rest/base/object/CEF-180;docs/tuva/sodermanland/objektrapporter/CEF-180.json
CEF-480;Södermanland;Nyköping;69.41;Bete;2002-05-20;;https://etjanst.sjv.se/tuvaut/?f=&id=CEF-480;https://etjanst.sjv.se/hagenpub/rest/base/object/CEF-480;docs/tuva/sodermanland/objektrapporter/CEF-480.json
CF4-BHV;Södermanland;Katrineholm;1.44;Bete;2004-06-15;gustafsvik 2;https://etjanst.sjv.se/tuvaut/?f=&id=CF4-BHV;https://etjanst.sjv.se/hagenpub/rest/base/object/CF4-BHV;docs/tuva/sodermanland/objektrapporter/CF4-BHV.json
CFB-VCN;Södermanland;Trosa;4.4;Bete;2004-05-26;Nora 4;https://etjanst.sjv.se/tuvaut/?f=&id=CFB-VCN;https://etjanst.sjv.se/hagenpub/rest/base/object/CFB-VCN;docs/tuva/sodermanland/objektrapporter/CFB-VCN.json
CFC-CNT;Södermanland;Katrineholm;0.24;Bete;2003-06-12;Gryt 5;https://etjanst.sjv.se/tuvaut/?f=&id=CFC-CNT;https://etjanst.sjv.se/hagenpub/rest/base/object/CFC-CNT;docs/tuva/sodermanland/objektrapporter/CFC-CNT.json
CFC-PNZ;Södermanland;Eskilstuna;6.23;Restaurerbar;2002-09-23;Skäggesta;https://etjanst.sjv.se/tuvaut/?f=&id=CFC-PNZ;https://etjanst.sjv.se/hagenpub/rest/base/object/CFC-PNZ;docs/tuva/sodermanland/objektrapporter/CFC-PNZ.json
CFD-FIU;Södermanland;Trosa;3.74;Bete;2004-05-10;Berg 2;https://etjanst.sjv.se/tuvaut/?f=&id=CFD-FIU;https://etjanst.sjv.se/hagenpub/rest/base/object/CFD-FIU;docs/tuva/sodermanland/objektrapporter/CFD-FIU.json
CFD-FWE;Södermanland;Katrineholm;1.6;Bete;2003-05-20;Lundsjö 2;https://etjanst.sjv.se/tuvaut/?f=&id=CFD-FWE;https://etjanst.sjv.se/hagenpub/rest/base/object/CFD-FWE;docs/tuva/sodermanland/objektrapporter/CFD-FWE.json
CFE-AYV;Södermanland;Eskilstuna;1.83;Bete;2003-09-01;Stora Västorp;https://etjanst.sjv.se/tuvaut/?f=&id=CFE-AYV;https://etjanst.sjv.se/hagenpub/rest/base/object/CFE-AYV;docs/tuva/sodermanland/objektrapporter/CFE-AYV.json
CFW-CDM;Södermanland;Flen;5.37;Bete;2009-09-23;;https://etjanst.sjv.se/tuvaut/?f=&id=CFW-CDM;https://etjanst.sjv.se/hagenpub/rest/base/object/CFW-CDM;docs/tuva/sodermanland/objektrapporter/CFW-CDM.json
CHJ-RGR;Södermanland;Flen;0.49;Bete;2019-08-07;Hyltinge-Torp 1;https://etjanst.sjv.se/tuvaut/?f=&id=CHJ-RGR;https://etjanst.sjv.se/hagenpub/rest/base/object/CHJ-RGR;docs/tuva/sodermanland/objektrapporter/CHJ-RGR.json
CHM-EAL;Södermanland;Vingåker;0.65;Bete;2011-06-29;;https://etjanst.sjv.se/tuvaut/?f=&id=CHM-EAL;https://etjanst.sjv.se/hagenpub/rest/base/object/CHM-EAL;docs/tuva/sodermanland/objektrapporter/CHM-EAL.json
CHP-WXT;Södermanland;Gnesta;0.2;Bete;2010-07-07;;https://etjanst.sjv.se/tuvaut/?f=&id=CHP-WXT;https://etjanst.sjv.se/hagenpub/rest/base/object/CHP-WXT;docs/tuva/sodermanland/objektrapporter/CHP-WXT.json
CHV-IOI;Södermanland;Gnesta;1.77;Bete;2018-06-28;Herrökna 3;https://etjanst.sjv.se/tuvaut/?f=&id=CHV-IOI;https://etjanst.sjv.se/hagenpub/rest/base/object/CHV-IOI;docs/tuva/sodermanland/objektrapporter/CHV-IOI.json
CIQ-FLP;Södermanland;Flen;1.57;Bete;2019-08-15;Slättfall 2;https://etjanst.sjv.se/tuvaut/?f=&id=CIQ-FLP;https://etjanst.sjv.se/hagenpub/rest/base/object/CIQ-FLP;docs/tuva/sodermanland/objektrapporter/CIQ-FLP.json
CJU-EWL;Södermanland;Flen;2.08;Restaurerbar;2023-09-08;Stenhammar;https://etjanst.sjv.se/tuvaut/?f=&id=CJU-EWL;https://etjanst.sjv.se/hagenpub/rest/base/object/CJU-EWL;docs/tuva/sodermanland/objektrapporter/CJU-EWL.json
CJU-IGJ;Södermanland;Nyköping;0.51;Bete;2019-06-27;Torpesta;https://etjanst.sjv.se/tuvaut/?f=&id=CJU-IGJ;https://etjanst.sjv.se/hagenpub/rest/base/object/CJU-IGJ;docs/tuva/sodermanland/objektrapporter/CJU-IGJ.json
CJY-SDF;Södermanland;Trosa;0.33;Bete;2023-09-27;Långbro;https://etjanst.sjv.se/tuvaut/?f=&id=CJY-SDF;https://etjanst.sjv.se/hagenpub/rest/base/object/CJY-SDF;docs/tuva/sodermanland/objektrapporter/CJY-SDF.json
CKX-GBO;Södermanland;Trosa;0.1;Ej aktuell;2026-07-02;lacka 1;https://etjanst.sjv.se/tuvaut/?f=&id=CKX-GBO;https://etjanst.sjv.se/hagenpub/rest/base/object/CKX-GBO;docs/tuva/sodermanland/objektrapporter/CKX-GBO.json
CKZ-CLY;Södermanland;Eskilstuna;0.63;Bete;2019-09-12;Kafjärdsskogen 1;https://etjanst.sjv.se/tuvaut/?f=&id=CKZ-CLY;https://etjanst.sjv.se/hagenpub/rest/base/object/CKZ-CLY;docs/tuva/sodermanland/objektrapporter/CKZ-CLY.json
CLF-WWD;Södermanland;Nyköping;1.14;Bete;2009-07-16;;https://etjanst.sjv.se/tuvaut/?f=&id=CLF-WWD;https://etjanst.sjv.se/hagenpub/rest/base/object/CLF-WWD;docs/tuva/sodermanland/objektrapporter/CLF-WWD.json
CLY-PEI;Södermanland;Flen;1.29;Bete;2023-08-21;Fyrby;https://etjanst.sjv.se/tuvaut/?f=&id=CLY-PEI;https://etjanst.sjv.se/hagenpub/rest/base/object/CLY-PEI;docs/tuva/sodermanland/objektrapporter/CLY-PEI.json
CNL-YBC;Södermanland;Katrineholm;0.74;Bete;2023-08-31;Sköldinge-Smedstorp;https://etjanst.sjv.se/tuvaut/?f=&id=CNL-YBC;https://etjanst.sjv.se/hagenpub/rest/base/object/CNL-YBC;docs/tuva/sodermanland/objektrapporter/CNL-YBC.json
COR-CDR;Södermanland;Strängnäs;1.75;Bete;2023-08-16;Toresunds-Sundby;https://etjanst.sjv.se/tuvaut/?f=&id=COR-CDR;https://etjanst.sjv.se/hagenpub/rest/base/object/COR-CDR;docs/tuva/sodermanland/objektrapporter/COR-CDR.json
COT-CQB;Södermanland;Eskilstuna;2.4;Bete;2019-09-04;Kafjärdsskogen 1;https://etjanst.sjv.se/tuvaut/?f=&id=COT-CQB;https://etjanst.sjv.se/hagenpub/rest/base/object/COT-CQB;docs/tuva/sodermanland/objektrapporter/COT-CQB.json
CPJ-UOC;Södermanland;Flen;0.55;Bete;2023-08-10;Berga;https://etjanst.sjv.se/tuvaut/?f=&id=CPJ-UOC;https://etjanst.sjv.se/hagenpub/rest/base/object/CPJ-UOC;docs/tuva/sodermanland/objektrapporter/CPJ-UOC.json
CQD-JVH;Södermanland;Eskilstuna;1.93;Bete;2023-08-16;Vansö;https://etjanst.sjv.se/tuvaut/?f=&id=CQD-JVH;https://etjanst.sjv.se/hagenpub/rest/base/object/CQD-JVH;docs/tuva/sodermanland/objektrapporter/CQD-JVH.json
CRS-PUO;Södermanland;Nyköping;0.44;Bete;2019-08-29;Ånsund;https://etjanst.sjv.se/tuvaut/?f=&id=CRS-PUO;https://etjanst.sjv.se/hagenpub/rest/base/object/CRS-PUO;docs/tuva/sodermanland/objektrapporter/CRS-PUO.json
CRX-HIJ;Södermanland;Eskilstuna;2.88;Bete;2023-08-29;;https://etjanst.sjv.se/tuvaut/?f=&id=CRX-HIJ;https://etjanst.sjv.se/hagenpub/rest/base/object/CRX-HIJ;docs/tuva/sodermanland/objektrapporter/CRX-HIJ.json
CRX-YAN;Södermanland;Nyköping;1.75;Bete;2023-06-15;Ripsa-Edeby;https://etjanst.sjv.se/tuvaut/?f=&id=CRX-YAN;https://etjanst.sjv.se/hagenpub/rest/base/object/CRX-YAN;docs/tuva/sodermanland/objektrapporter/CRX-YAN.json
CRZ-NQE;Södermanland;Nyköping;1.05;Bete;2007-08-24;Dalvik 1;https://etjanst.sjv.se/tuvaut/?f=&id=CRZ-NQE;https://etjanst.sjv.se/hagenpub/rest/base/object/CRZ-NQE;docs/tuva/sodermanland/objektrapporter/CRZ-NQE.json
CSI-HGQ;Södermanland;Trosa;5.0;Bete;2009-08-13;;https://etjanst.sjv.se/tuvaut/?f=&id=CSI-HGQ;https://etjanst.sjv.se/hagenpub/rest/base/object/CSI-HGQ;docs/tuva/sodermanland/objektrapporter/CSI-HGQ.json
CTP-OTJ;Södermanland;Flen;0.21;Bete;2023-08-08;Björkudden;https://etjanst.sjv.se/tuvaut/?f=&id=CTP-OTJ;https://etjanst.sjv.se/hagenpub/rest/base/object/CTP-OTJ;docs/tuva/sodermanland/objektrapporter/CTP-OTJ.json
CWO-STA;Södermanland;Vingåker;0.42;Bete;2008-09-05;Vik2;https://etjanst.sjv.se/tuvaut/?f=&id=CWO-STA;https://etjanst.sjv.se/hagenpub/rest/base/object/CWO-STA;docs/tuva/sodermanland/objektrapporter/CWO-STA.json
CZJ-ARV;Södermanland;Vingåker;2.16;Bete;2023-07-13;Stora Hult;https://etjanst.sjv.se/tuvaut/?f=&id=CZJ-ARV;https://etjanst.sjv.se/hagenpub/rest/base/object/CZJ-ARV;docs/tuva/sodermanland/objektrapporter/CZJ-ARV.json
D00-CER;Södermanland;Nyköping;3.73;Bete;2003-05-19;Stensnäs 3;https://etjanst.sjv.se/tuvaut/?f=&id=D00-CER;https://etjanst.sjv.se/hagenpub/rest/base/object/D00-CER;docs/tuva/sodermanland/objektrapporter/D00-CER.json
D00-LWC;Södermanland;Nyköping;12.49;Bete;2003-06-05;;https://etjanst.sjv.se/tuvaut/?f=&id=D00-LWC;https://etjanst.sjv.se/hagenpub/rest/base/object/D00-LWC;docs/tuva/sodermanland/objektrapporter/D00-LWC.json
D01-REE;Södermanland;Flen;1.64;Bete;2003-09-29;Lilla Råstock;https://etjanst.sjv.se/tuvaut/?f=&id=D01-REE;https://etjanst.sjv.se/hagenpub/rest/base/object/D01-REE;docs/tuva/sodermanland/objektrapporter/D01-REE.json
D06-880;Södermanland;Gnesta;1.19;Bete;2002-05-24;Björnhagen 1;https://etjanst.sjv.se/tuvaut/?f=&id=D06-880;https://etjanst.sjv.se/hagenpub/rest/base/object/D06-880;docs/tuva/sodermanland/objektrapporter/D06-880.json
D0C-880;Södermanland;Gnesta;0.4;Bete;2002-06-27;Marö;https://etjanst.sjv.se/tuvaut/?f=&id=D0C-880;https://etjanst.sjv.se/hagenpub/rest/base/object/D0C-880;docs/tuva/sodermanland/objektrapporter/D0C-880.json
D0C-LYL;Södermanland;Katrineholm;4.48;Bete;2003-07-21;Myrkärr 1;https://etjanst.sjv.se/tuvaut/?f=&id=D0C-LYL;https://etjanst.sjv.se/hagenpub/rest/base/object/D0C-LYL;docs/tuva/sodermanland/objektrapporter/D0C-LYL.json
D0E-OUO;Södermanland;Nyköping;2.42;Bete;2004-09-09;Rösten;https://etjanst.sjv.se/tuvaut/?f=&id=D0E-OUO;https://etjanst.sjv.se/hagenpub/rest/base/object/D0E-OUO;docs/tuva/sodermanland/objektrapporter/D0E-OUO.json
D10-EPP;Södermanland;Katrineholm;1.8;Bete;2003-07-09;;https://etjanst.sjv.se/tuvaut/?f=&id=D10-EPP;https://etjanst.sjv.se/hagenpub/rest/base/object/D10-EPP;docs/tuva/sodermanland/objektrapporter/D10-EPP.json
D11-ANS;Södermanland;Nyköping;11.47;Bete;2003-05-22;Skillra, Åsby;https://etjanst.sjv.se/tuvaut/?f=&id=D11-ANS;https://etjanst.sjv.se/hagenpub/rest/base/object/D11-ANS;docs/tuva/sodermanland/objektrapporter/D11-ANS.json
D11-KLP;Södermanland;Strängnäs;3.29;Bete;2004-08-23;Rävsnäs 1;https://etjanst.sjv.se/tuvaut/?f=&id=D11-KLP;https://etjanst.sjv.se/hagenpub/rest/base/object/D11-KLP;docs/tuva/sodermanland/objektrapporter/D11-KLP.json
D14-FKC;Södermanland;Strängnäs;1.29;Restaurerbar;2002-12-17;Söderlänna6;https://etjanst.sjv.se/tuvaut/?f=&id=D14-FKC;https://etjanst.sjv.se/hagenpub/rest/base/object/D14-FKC;docs/tuva/sodermanland/objektrapporter/D14-FKC.json
D17-MRO;Södermanland;Nyköping;0.14;Restaurerbar;2023-06-08;Skogsby;https://etjanst.sjv.se/tuvaut/?f=&id=D17-MRO;https://etjanst.sjv.se/hagenpub/rest/base/object/D17-MRO;docs/tuva/sodermanland/objektrapporter/D17-MRO.json
D18-GEY;Södermanland;Katrineholm;0.42;Bete;2002-08-06;Bonneråd 1;https://etjanst.sjv.se/tuvaut/?f=&id=D18-GEY;https://etjanst.sjv.se/hagenpub/rest/base/object/D18-GEY;docs/tuva/sodermanland/objektrapporter/D18-GEY.json
D1A-SCQ;Södermanland;Gnesta;7.82;Bete;2003-08-13;Stora Lövan;https://etjanst.sjv.se/tuvaut/?f=&id=D1A-SCQ;https://etjanst.sjv.se/hagenpub/rest/base/object/D1A-SCQ;docs/tuva/sodermanland/objektrapporter/D1A-SCQ.json
D1B-300;Södermanland;Strängnäs;0.66;Restaurerbar;2002-06-26;Kinger;https://etjanst.sjv.se/tuvaut/?f=&id=D1B-300;https://etjanst.sjv.se/hagenpub/rest/base/object/D1B-300;docs/tuva/sodermanland/objektrapporter/D1B-300.json
D1D-MAR;Södermanland;Flen;0.67;Bete;2003-09-23;;https://etjanst.sjv.se/tuvaut/?f=&id=D1D-MAR;https://etjanst.sjv.se/hagenpub/rest/base/object/D1D-MAR;docs/tuva/sodermanland/objektrapporter/D1D-MAR.json
D1D-YOX;Södermanland;Flen;0.88;Bete;2004-06-22;Spånga 1;https://etjanst.sjv.se/tuvaut/?f=&id=D1D-YOX;https://etjanst.sjv.se/hagenpub/rest/base/object/D1D-YOX;docs/tuva/sodermanland/objektrapporter/D1D-YOX.json
D1E-DDF;Södermanland;Trosa;2.6;Bete;2004-05-18;Överstene 3;https://etjanst.sjv.se/tuvaut/?f=&id=D1E-DDF;https://etjanst.sjv.se/hagenpub/rest/base/object/D1E-DDF;docs/tuva/sodermanland/objektrapporter/D1E-DDF.json
D1E-KWZ;Södermanland;Katrineholm;1.03;Bete;2003-06-12;Karlsro 2;https://etjanst.sjv.se/tuvaut/?f=&id=D1E-KWZ;https://etjanst.sjv.se/hagenpub/rest/base/object/D1E-KWZ;docs/tuva/sodermanland/objektrapporter/D1E-KWZ.json
D1E-MOB;Södermanland;Nyköping;3.86;Bete;2003-06-05;Berga 1;https://etjanst.sjv.se/tuvaut/?f=&id=D1E-MOB;https://etjanst.sjv.se/hagenpub/rest/base/object/D1E-MOB;docs/tuva/sodermanland/objektrapporter/D1E-MOB.json
D1E-XFW;Södermanland;Katrineholm;2.36;Bete;2004-09-15;väla 2;https://etjanst.sjv.se/tuvaut/?f=&id=D1E-XFW;https://etjanst.sjv.se/hagenpub/rest/base/object/D1E-XFW;docs/tuva/sodermanland/objektrapporter/D1E-XFW.json
D21-DSY;Södermanland;Katrineholm;1.1;Bete;2003-07-17;;https://etjanst.sjv.se/tuvaut/?f=&id=D21-DSY;https://etjanst.sjv.se/hagenpub/rest/base/object/D21-DSY;docs/tuva/sodermanland/objektrapporter/D21-DSY.json
D21-KBE;Södermanland;Gnesta;0.76;Bete;2004-06-23;Kleva 1;https://etjanst.sjv.se/tuvaut/?f=&id=D21-KBE;https://etjanst.sjv.se/hagenpub/rest/base/object/D21-KBE;docs/tuva/sodermanland/objektrapporter/D21-KBE.json
D24-JIL;Södermanland;Katrineholm;4.93;Bete;2004-08-26;buddetorp 1;https://etjanst.sjv.se/tuvaut/?f=&id=D24-JIL;https://etjanst.sjv.se/hagenpub/rest/base/object/D24-JIL;docs/tuva/sodermanland/objektrapporter/D24-JIL.json
D24-PQP;Södermanland;Trosa;6.83;Restaurerbar;2004-09-24;Kungsbol/Berg 2;https://etjanst.sjv.se/tuvaut/?f=&id=D24-PQP;https://etjanst.sjv.se/hagenpub/rest/base/object/D24-PQP;docs/tuva/sodermanland/objektrapporter/D24-PQP.json
D24-PUR;Södermanland;Gnesta;7.3;Bete;2004-06-10;Harlinge 1;https://etjanst.sjv.se/tuvaut/?f=&id=D24-PUR;https://etjanst.sjv.se/hagenpub/rest/base/object/D24-PUR;docs/tuva/sodermanland/objektrapporter/D24-PUR.json
D27-UAJ;Södermanland;Eskilstuna;4.37;Bete;2003-09-02;Långkärr1;https://etjanst.sjv.se/tuvaut/?f=&id=D27-UAJ;https://etjanst.sjv.se/hagenpub/rest/base/object/D27-UAJ;docs/tuva/sodermanland/objektrapporter/D27-UAJ.json
D2A-TVW;Södermanland;Nyköping;5.2;Bete;2002-07-14;Bergtorpsgården;https://etjanst.sjv.se/tuvaut/?f=&id=D2A-TVW;https://etjanst.sjv.se/hagenpub/rest/base/object/D2A-TVW;docs/tuva/sodermanland/objektrapporter/D2A-TVW.json
D2D-KTJ;Södermanland;Gnesta;2.91;Bete;2004-06-29;Jälunds Övergård;https://etjanst.sjv.se/tuvaut/?f=&id=D2D-KTJ;https://etjanst.sjv.se/hagenpub/rest/base/object/D2D-KTJ;docs/tuva/sodermanland/objektrapporter/D2D-KTJ.json
D2D-LJP;Södermanland;Nyköping;2.55;Bete;2004-08-03;Sävö 2;https://etjanst.sjv.se/tuvaut/?f=&id=D2D-LJP;https://etjanst.sjv.se/hagenpub/rest/base/object/D2D-LJP;docs/tuva/sodermanland/objektrapporter/D2D-LJP.json
D2E-BOU;Södermanland;Strängnäs;1.21;Bete;2002-08-01;Norrlänna1;https://etjanst.sjv.se/tuvaut/?f=&id=D2E-BOU;https://etjanst.sjv.se/hagenpub/rest/base/object/D2E-BOU;docs/tuva/sodermanland/objektrapporter/D2E-BOU.json
D2E-EMO;Södermanland;Trosa;2.93;Bete;2004-09-20;lacka 3;https://etjanst.sjv.se/tuvaut/?f=&id=D2E-EMO;https://etjanst.sjv.se/hagenpub/rest/base/object/D2E-EMO;docs/tuva/sodermanland/objektrapporter/D2E-EMO.json
D2F-KBJ;Södermanland;Trosa;3.63;Bete;2004-05-10;Berg 1;https://etjanst.sjv.se/tuvaut/?f=&id=D2F-KBJ;https://etjanst.sjv.se/hagenpub/rest/base/object/D2F-KBJ;docs/tuva/sodermanland/objektrapporter/D2F-KBJ.json
D32-KGB;Södermanland;Katrineholm;1.98;Bete;2002-08-15;Sörtorp 3;https://etjanst.sjv.se/tuvaut/?f=&id=D32-KGB;https://etjanst.sjv.se/hagenpub/rest/base/object/D32-KGB;docs/tuva/sodermanland/objektrapporter/D32-KGB.json
D32-ROX;Södermanland;Flen;1.2;Bete;2004-08-09;norrkärr 2;https://etjanst.sjv.se/tuvaut/?f=&id=D32-ROX;https://etjanst.sjv.se/hagenpub/rest/base/object/D32-ROX;docs/tuva/sodermanland/objektrapporter/D32-ROX.json
D33-SAJ;Södermanland;Gnesta;0.79;Bete;2004-06-10;Harlinge 2;https://etjanst.sjv.se/tuvaut/?f=&id=D33-SAJ;https://etjanst.sjv.se/hagenpub/rest/base/object/D33-SAJ;docs/tuva/sodermanland/objektrapporter/D33-SAJ.json
D35-FMX;Södermanland;Katrineholm;2.19;Bete;2004-07-12;västra grysta;https://etjanst.sjv.se/tuvaut/?f=&id=D35-FMX;https://etjanst.sjv.se/hagenpub/rest/base/object/D35-FMX;docs/tuva/sodermanland/objektrapporter/D35-FMX.json
D39-GLC;Södermanland;Katrineholm;0.75;Bete;2004-05-26;hebylund 1;https://etjanst.sjv.se/tuvaut/?f=&id=D39-GLC;https://etjanst.sjv.se/hagenpub/rest/base/object/D39-GLC;docs/tuva/sodermanland/objektrapporter/D39-GLC.json
D3A-BYN;Södermanland;Katrineholm;1.89;Bete;2004-07-19;pattala 1;https://etjanst.sjv.se/tuvaut/?f=&id=D3A-BYN;https://etjanst.sjv.se/hagenpub/rest/base/object/D3A-BYN;docs/tuva/sodermanland/objektrapporter/D3A-BYN.json
D3C-KBV;Södermanland;Eskilstuna;4.16;Bete;2003-07-22;Husby2;https://etjanst.sjv.se/tuvaut/?f=&id=D3C-KBV;https://etjanst.sjv.se/hagenpub/rest/base/object/D3C-KBV;docs/tuva/sodermanland/objektrapporter/D3C-KBV.json
D3C-NOT;Södermanland;Gnesta;5.5;Bete;2003-09-11;Heby 1;https://etjanst.sjv.se/tuvaut/?f=&id=D3C-NOT;https://etjanst.sjv.se/hagenpub/rest/base/object/D3C-NOT;docs/tuva/sodermanland/objektrapporter/D3C-NOT.json
D3C-TMO;Södermanland;Strängnäs;2.22;Bete;2002-07-31;Isbergsstugan;https://etjanst.sjv.se/tuvaut/?f=&id=D3C-TMO;https://etjanst.sjv.se/hagenpub/rest/base/object/D3C-TMO;docs/tuva/sodermanland/objektrapporter/D3C-TMO.json
D3D-300;Södermanland;Katrineholm;2.66;Bete;2002-07-02;Älgsjötorp 5;https://etjanst.sjv.se/tuvaut/?f=&id=D3D-300;https://etjanst.sjv.se/hagenpub/rest/base/object/D3D-300;docs/tuva/sodermanland/objektrapporter/D3D-300.json
D3D-HBA;Södermanland;Flen;5.38;Bete;2003-09-09;Ökna4;https://etjanst.sjv.se/tuvaut/?f=&id=D3D-HBA;https://etjanst.sjv.se/hagenpub/rest/base/object/D3D-HBA;docs/tuva/sodermanland/objektrapporter/D3D-HBA.json
D3D-QPM;Södermanland;Katrineholm;7.36;Bete;2002-08-01;Sätra 2;https://etjanst.sjv.se/tuvaut/?f=&id=D3D-QPM;https://etjanst.sjv.se/hagenpub/rest/base/object/D3D-QPM;docs/tuva/sodermanland/objektrapporter/D3D-QPM.json
D3D-UZQ;Södermanland;Trosa;0.82;Bete;2026-08-12;Dalbyö 2;https://etjanst.sjv.se/tuvaut/?f=&id=D3D-UZQ;https://etjanst.sjv.se/hagenpub/rest/base/object/D3D-UZQ;docs/tuva/sodermanland/objektrapporter/D3D-UZQ.json
D3F-LQN;Södermanland;Gnesta;2.23;Bete;2003-09-17;Norrtuna 2;https://etjanst.sjv.se/tuvaut/?f=&id=D3F-LQN;https://etjanst.sjv.se/hagenpub/rest/base/object/D3F-LQN;docs/tuva/sodermanland/objektrapporter/D3F-LQN.json
D41-GLD;Södermanland;Gnesta;7.3;Bete;2004-06-02;Torvsätter 3;https://etjanst.sjv.se/tuvaut/?f=&id=D41-GLD;https://etjanst.sjv.se/hagenpub/rest/base/object/D41-GLD;docs/tuva/sodermanland/objektrapporter/D41-GLD.json
D41-WBZ;Södermanland;Nyköping;1.5;Bete;2003-06-10;Ullevi 2;https://etjanst.sjv.se/tuvaut/?f=&id=D41-WBZ;https://etjanst.sjv.se/hagenpub/rest/base/object/D41-WBZ;docs/tuva/sodermanland/objektrapporter/D41-WBZ.json
D43-ZVN;Södermanland;Eskilstuna;1.06;Bete;2003-08-08;Konungsö2;https://etjanst.sjv.se/tuvaut/?f=&id=D43-ZVN;https://etjanst.sjv.se/hagenpub/rest/base/object/D43-ZVN;docs/tuva/sodermanland/objektrapporter/D43-ZVN.json
D44-180;Södermanland;Katrineholm;0.88;Bete;2002-06-11;Löppsjötorp 5;https://etjanst.sjv.se/tuvaut/?f=&id=D44-180;https://etjanst.sjv.se/hagenpub/rest/base/object/D44-180;docs/tuva/sodermanland/objektrapporter/D44-180.json
D44-HMJ;Södermanland;Flen;5.47;Bete;2004-06-15;Trinkesta;https://etjanst.sjv.se/tuvaut/?f=&id=D44-HMJ;https://etjanst.sjv.se/hagenpub/rest/base/object/D44-HMJ;docs/tuva/sodermanland/objektrapporter/D44-HMJ.json
D44-IVD;Södermanland;Strängnäs;0.49;Bete;2002-07-15;Björnvad4;https://etjanst.sjv.se/tuvaut/?f=&id=D44-IVD;https://etjanst.sjv.se/hagenpub/rest/base/object/D44-IVD;docs/tuva/sodermanland/objektrapporter/D44-IVD.json
D45-RMH;Södermanland;Gnesta;6.47;Bete;2004-08-12;Odensberga 2;https://etjanst.sjv.se/tuvaut/?f=&id=D45-RMH;https://etjanst.sjv.se/hagenpub/rest/base/object/D45-RMH;docs/tuva/sodermanland/objektrapporter/D45-RMH.json
D46-MRI;Södermanland;Nyköping;0.6;Bete;2004-06-10;Välvesta 2;https://etjanst.sjv.se/tuvaut/?f=&id=D46-MRI;https://etjanst.sjv.se/hagenpub/rest/base/object/D46-MRI;docs/tuva/sodermanland/objektrapporter/D46-MRI.json
D4C-JXP;Södermanland;Nyköping;2.89;Bete;2002-07-14;Sörbytorp;https://etjanst.sjv.se/tuvaut/?f=&id=D4C-JXP;https://etjanst.sjv.se/hagenpub/rest/base/object/D4C-JXP;docs/tuva/sodermanland/objektrapporter/D4C-JXP.json
D4C-ODS;Södermanland;Eskilstuna;6.58;Bete;2003-07-22;Husby-Haga;https://etjanst.sjv.se/tuvaut/?f=&id=D4C-ODS;https://etjanst.sjv.se/hagenpub/rest/base/object/D4C-ODS;docs/tuva/sodermanland/objektrapporter/D4C-ODS.json
D4D-000;Södermanland;Nyköping;1.4;Bete;2002-07-03;Kungstorp;https://etjanst.sjv.se/tuvaut/?f=&id=D4D-000;https://etjanst.sjv.se/hagenpub/rest/base/object/D4D-000;docs/tuva/sodermanland/objektrapporter/D4D-000.json
D4D-COR;Södermanland;Nyköping;0.45;Ej aktuell;2004-08-19;Stockbäcken 2;https://etjanst.sjv.se/tuvaut/?f=&id=D4D-COR;https://etjanst.sjv.se/hagenpub/rest/base/object/D4D-COR;docs/tuva/sodermanland/objektrapporter/D4D-COR.json
D54-TZA;Södermanland;Gnesta;4.92;Bete;2004-08-12;Solberga;https://etjanst.sjv.se/tuvaut/?f=&id=D54-TZA;https://etjanst.sjv.se/hagenpub/rest/base/object/D54-TZA;docs/tuva/sodermanland/objektrapporter/D54-TZA.json
D55-IJU;Södermanland;Flen;3.02;Bete;2003-09-15;Sundby1;https://etjanst.sjv.se/tuvaut/?f=&id=D55-IJU;https://etjanst.sjv.se/hagenpub/rest/base/object/D55-IJU;docs/tuva/sodermanland/objektrapporter/D55-IJU.json
D56-QYA;Södermanland;Vingåker;7.38;Bete;2003-08-05;;https://etjanst.sjv.se/tuvaut/?f=&id=D56-QYA;https://etjanst.sjv.se/hagenpub/rest/base/object/D56-QYA;docs/tuva/sodermanland/objektrapporter/D56-QYA.json
D58-D00;Södermanland;Gnesta;6.19;Bete;2002-05-07;Högsjön;https://etjanst.sjv.se/tuvaut/?f=&id=D58-D00;https://etjanst.sjv.se/hagenpub/rest/base/object/D58-D00;docs/tuva/sodermanland/objektrapporter/D58-D00.json
D59-180;Södermanland;Nyköping;4.82;Bete;2002-06-27;Mörtsjötorp;https://etjanst.sjv.se/tuvaut/?f=&id=D59-180;https://etjanst.sjv.se/hagenpub/rest/base/object/D59-180;docs/tuva/sodermanland/objektrapporter/D59-180.json
D59-SAH;Södermanland;Gnesta;1.27;Bete;2004-06-02;Lundby 1;https://etjanst.sjv.se/tuvaut/?f=&id=D59-SAH;https://etjanst.sjv.se/hagenpub/rest/base/object/D59-SAH;docs/tuva/sodermanland/objektrapporter/D59-SAH.json
D5B-EVP;Södermanland;Gnesta;0.45;Bete;2003-09-12;Klövet 2;https://etjanst.sjv.se/tuvaut/?f=&id=D5B-EVP;https://etjanst.sjv.se/hagenpub/rest/base/object/D5B-EVP;docs/tuva/sodermanland/objektrapporter/D5B-EVP.json
D5C-GDS;Södermanland;Vingåker;1.38;Bete;2003-08-07;;https://etjanst.sjv.se/tuvaut/?f=&id=D5C-GDS;https://etjanst.sjv.se/hagenpub/rest/base/object/D5C-GDS;docs/tuva/sodermanland/objektrapporter/D5C-GDS.json
D5C-XGM;Södermanland;Flen;7.24;Bete;2003-07-25;Lundby 2;https://etjanst.sjv.se/tuvaut/?f=&id=D5C-XGM;https://etjanst.sjv.se/hagenpub/rest/base/object/D5C-XGM;docs/tuva/sodermanland/objektrapporter/D5C-XGM.json
D5D-HSE;Södermanland;Nyköping;15.25;Bete;2004-08-03;Sävö 1;https://etjanst.sjv.se/tuvaut/?f=&id=D5D-HSE;https://etjanst.sjv.se/hagenpub/rest/base/object/D5D-HSE;docs/tuva/sodermanland/objektrapporter/D5D-HSE.json
D5E-NAM;Södermanland;Flen;3.26;Bete;2004-06-18;Däntersta 1;https://etjanst.sjv.se/tuvaut/?f=&id=D5E-NAM;https://etjanst.sjv.se/hagenpub/rest/base/object/D5E-NAM;docs/tuva/sodermanland/objektrapporter/D5E-NAM.json
D5E-QVN;Södermanland;Katrineholm;0.19;Bete;2003-06-11;Bränntorp 3;https://etjanst.sjv.se/tuvaut/?f=&id=D5E-QVN;https://etjanst.sjv.se/hagenpub/rest/base/object/D5E-QVN;docs/tuva/sodermanland/objektrapporter/D5E-QVN.json
D60-DRS;Södermanland;Gnesta;1.06;Restaurerbar;2003-08-14;Öllösa 2;https://etjanst.sjv.se/tuvaut/?f=&id=D60-DRS;https://etjanst.sjv.se/hagenpub/rest/base/object/D60-DRS;docs/tuva/sodermanland/objektrapporter/D60-DRS.json
D63-ZPY;Södermanland;Flen;8.04;Bete;2003-07-29;Ramsbäck 1;https://etjanst.sjv.se/tuvaut/?f=&id=D63-ZPY;https://etjanst.sjv.se/hagenpub/rest/base/object/D63-ZPY;docs/tuva/sodermanland/objektrapporter/D63-ZPY.json
D64-TRW;Södermanland;Katrineholm;2.87;Bete;2004-08-03;norrvik;https://etjanst.sjv.se/tuvaut/?f=&id=D64-TRW;https://etjanst.sjv.se/hagenpub/rest/base/object/D64-TRW;docs/tuva/sodermanland/objektrapporter/D64-TRW.json
D64-VMH;Södermanland;Nyköping;3.76;Bete;2004-06-07;Davik 2;https://etjanst.sjv.se/tuvaut/?f=&id=D64-VMH;https://etjanst.sjv.se/hagenpub/rest/base/object/D64-VMH;docs/tuva/sodermanland/objektrapporter/D64-VMH.json
D65-LEX;Södermanland;Flen;2.38;Bete;2004-06-14;Harlinge 1;https://etjanst.sjv.se/tuvaut/?f=&id=D65-LEX;https://etjanst.sjv.se/hagenpub/rest/base/object/D65-LEX;docs/tuva/sodermanland/objektrapporter/D65-LEX.json
D66-DCE;Södermanland;Katrineholm;7.52;Bete;2003-05-21;Sollida 2;https://etjanst.sjv.se/tuvaut/?f=&id=D66-DCE;https://etjanst.sjv.se/hagenpub/rest/base/object/D66-DCE;docs/tuva/sodermanland/objektrapporter/D66-DCE.json
D66-FDA;Södermanland;Eskilstuna;0.84;Bete;2002-08-12;Gällsta3;https://etjanst.sjv.se/tuvaut/?f=&id=D66-FDA;https://etjanst.sjv.se/hagenpub/rest/base/object/D66-FDA;docs/tuva/sodermanland/objektrapporter/D66-FDA.json
D66-RVQ;Södermanland;Nyköping;11.67;Bete;2019-10-10;Ålberga gård 3;https://etjanst.sjv.se/tuvaut/?f=&id=D66-RVQ;https://etjanst.sjv.se/hagenpub/rest/base/object/D66-RVQ;docs/tuva/sodermanland/objektrapporter/D66-RVQ.json
D67-JFA;Södermanland;Flen;2.89;Restaurerbar;2004-06-28;Överby 1;https://etjanst.sjv.se/tuvaut/?f=&id=D67-JFA;https://etjanst.sjv.se/hagenpub/rest/base/object/D67-JFA;docs/tuva/sodermanland/objektrapporter/D67-JFA.json
D6A-ZBD;Södermanland;Eskilstuna;3.09;Bete;2002-08-26;Pommern1;https://etjanst.sjv.se/tuvaut/?f=&id=D6A-ZBD;https://etjanst.sjv.se/hagenpub/rest/base/object/D6A-ZBD;docs/tuva/sodermanland/objektrapporter/D6A-ZBD.json
D6E-GTW;Södermanland;Katrineholm;0.33;Bete;2003-07-09;;https://etjanst.sjv.se/tuvaut/?f=&id=D6E-GTW;https://etjanst.sjv.se/hagenpub/rest/base/object/D6E-GTW;docs/tuva/sodermanland/objektrapporter/D6E-GTW.json
D70-JLX;Södermanland;Flen;0.89;Bete;2004-07-12;Norrgården 1;https://etjanst.sjv.se/tuvaut/?f=&id=D70-JLX;https://etjanst.sjv.se/hagenpub/rest/base/object/D70-JLX;docs/tuva/sodermanland/objektrapporter/D70-JLX.json
D70-UVF;Södermanland;Nyköping;10.07;Restaurerbar;2004-09-28;Hartsö 7;https://etjanst.sjv.se/tuvaut/?f=&id=D70-UVF;https://etjanst.sjv.se/hagenpub/rest/base/object/D70-UVF;docs/tuva/sodermanland/objektrapporter/D70-UVF.json
D72-CXT;Södermanland;Katrineholm;21.53;Bete;2002-08-19;Abbotnäs;https://etjanst.sjv.se/tuvaut/?f=&id=D72-CXT;https://etjanst.sjv.se/hagenpub/rest/base/object/D72-CXT;docs/tuva/sodermanland/objektrapporter/D72-CXT.json
D73-JYE;Södermanland;Strängnäs;1.57;Bete;2002-08-06;Herresta1;https://etjanst.sjv.se/tuvaut/?f=&id=D73-JYE;https://etjanst.sjv.se/hagenpub/rest/base/object/D73-JYE;docs/tuva/sodermanland/objektrapporter/D73-JYE.json
D77-GBX;Södermanland;Katrineholm;18.22;Bete;2004-06-21;gustafsvik 7;https://etjanst.sjv.se/tuvaut/?f=&id=D77-GBX;https://etjanst.sjv.se/hagenpub/rest/base/object/D77-GBX;docs/tuva/sodermanland/objektrapporter/D77-GBX.json
D77-PTT;Södermanland;Eskilstuna;1.74;Restaurerbar;2003-11-20;Biby-Lövön2;https://etjanst.sjv.se/tuvaut/?f=&id=D77-PTT;https://etjanst.sjv.se/hagenpub/rest/base/object/D77-PTT;docs/tuva/sodermanland/objektrapporter/D77-PTT.json
D7A-SDP;Södermanland;Katrineholm;4.05;Bete;2004-06-09;lindebol 5;https://etjanst.sjv.se/tuvaut/?f=&id=D7A-SDP;https://etjanst.sjv.se/hagenpub/rest/base/object/D7A-SDP;docs/tuva/sodermanland/objektrapporter/D7A-SDP.json
D7E-AZB;Södermanland;Gnesta;2.27;Restaurerbar;2004-06-07;Hårby 2;https://etjanst.sjv.se/tuvaut/?f=&id=D7E-AZB;https://etjanst.sjv.se/hagenpub/rest/base/object/D7E-AZB;docs/tuva/sodermanland/objektrapporter/D7E-AZB.json
D7E-PNH;Södermanland;Katrineholm;4.29;Bete;2002-08-14;Kårmossen 1;https://etjanst.sjv.se/tuvaut/?f=&id=D7E-PNH;https://etjanst.sjv.se/hagenpub/rest/base/object/D7E-PNH;docs/tuva/sodermanland/objektrapporter/D7E-PNH.json
D82-SVT;Södermanland;Eskilstuna;0.23;Bete;2003-08-27;Magda3;https://etjanst.sjv.se/tuvaut/?f=&id=D82-SVT;https://etjanst.sjv.se/hagenpub/rest/base/object/D82-SVT;docs/tuva/sodermanland/objektrapporter/D82-SVT.json
D87-ANS;Södermanland;Gnesta;1.65;Bete;2003-09-10;Blacksta 2;https://etjanst.sjv.se/tuvaut/?f=&id=D87-ANS;https://etjanst.sjv.se/hagenpub/rest/base/object/D87-ANS;docs/tuva/sodermanland/objektrapporter/D87-ANS.json
D8B-IKX;Södermanland;Katrineholm;5.31;Bete;2004-05-27;speteby 1;https://etjanst.sjv.se/tuvaut/?f=&id=D8B-IKX;https://etjanst.sjv.se/hagenpub/rest/base/object/D8B-IKX;docs/tuva/sodermanland/objektrapporter/D8B-IKX.json
D8B-XKW;Södermanland;Eskilstuna;0.26;Bete;2003-08-20;Vidökna2;https://etjanst.sjv.se/tuvaut/?f=&id=D8B-XKW;https://etjanst.sjv.se/hagenpub/rest/base/object/D8B-XKW;docs/tuva/sodermanland/objektrapporter/D8B-XKW.json
D8C-FQR;Södermanland;Flen;3.62;Bete;2004-06-23;Malsna 1;https://etjanst.sjv.se/tuvaut/?f=&id=D8C-FQR;https://etjanst.sjv.se/hagenpub/rest/base/object/D8C-FQR;docs/tuva/sodermanland/objektrapporter/D8C-FQR.json
D8C-VPI;Södermanland;Flen;1.09;Bete;2004-06-22;Lilla Sondby 5;https://etjanst.sjv.se/tuvaut/?f=&id=D8C-VPI;https://etjanst.sjv.se/hagenpub/rest/base/object/D8C-VPI;docs/tuva/sodermanland/objektrapporter/D8C-VPI.json
D8D-680;Södermanland;Flen;4.54;Bete;2002-05-08;Brosätter2;https://etjanst.sjv.se/tuvaut/?f=&id=D8D-680;https://etjanst.sjv.se/hagenpub/rest/base/object/D8D-680;docs/tuva/sodermanland/objektrapporter/D8D-680.json
D8F-MKE;Södermanland;Katrineholm;2.56;Bete;2003-06-12;Gryt 1;https://etjanst.sjv.se/tuvaut/?f=&id=D8F-MKE;https://etjanst.sjv.se/hagenpub/rest/base/object/D8F-MKE;docs/tuva/sodermanland/objektrapporter/D8F-MKE.json
D90-QSF;Södermanland;Nyköping;2.1;Restaurerbar;2004-08-10;Långö;https://etjanst.sjv.se/tuvaut/?f=&id=D90-QSF;https://etjanst.sjv.se/hagenpub/rest/base/object/D90-QSF;docs/tuva/sodermanland/objektrapporter/D90-QSF.json
D90-WIL;Södermanland;Nyköping;1.02;Restaurerbar;2002-07-07;Skogsby;https://etjanst.sjv.se/tuvaut/?f=&id=D90-WIL;https://etjanst.sjv.se/hagenpub/rest/base/object/D90-WIL;docs/tuva/sodermanland/objektrapporter/D90-WIL.json
D92-AOZ;Södermanland;Flen;9.62;Restaurerbar;2003-07-01;Baggetorp4;https://etjanst.sjv.se/tuvaut/?f=&id=D92-AOZ;https://etjanst.sjv.se/hagenpub/rest/base/object/D92-AOZ;docs/tuva/sodermanland/objektrapporter/D92-AOZ.json
D92-CNZ;Södermanland;Nyköping;1.06;Bete;2002-09-23;Ånga;https://etjanst.sjv.se/tuvaut/?f=&id=D92-CNZ;https://etjanst.sjv.se/hagenpub/rest/base/object/D92-CNZ;docs/tuva/sodermanland/objektrapporter/D92-CNZ.json
D94-HSY;Södermanland;Katrineholm;0.74;Bete;2003-07-09;Hyttan 3;https://etjanst.sjv.se/tuvaut/?f=&id=D94-HSY;https://etjanst.sjv.se/hagenpub/rest/base/object/D94-HSY;docs/tuva/sodermanland/objektrapporter/D94-HSY.json
D94-LUB;Södermanland;Nyköping;1.98;Bete;2002-07-12;Stora Flättna;https://etjanst.sjv.se/tuvaut/?f=&id=D94-LUB;https://etjanst.sjv.se/hagenpub/rest/base/object/D94-LUB;docs/tuva/sodermanland/objektrapporter/D94-LUB.json
D97-BKR;Södermanland;Vingåker;1.96;Bete;2003-09-05;;https://etjanst.sjv.se/tuvaut/?f=&id=D97-BKR;https://etjanst.sjv.se/hagenpub/rest/base/object/D97-BKR;docs/tuva/sodermanland/objektrapporter/D97-BKR.json
D97-UKP;Södermanland;Flen;1.72;Bete;2004-05-26;fågelsund 2;https://etjanst.sjv.se/tuvaut/?f=&id=D97-UKP;https://etjanst.sjv.se/hagenpub/rest/base/object/D97-UKP;docs/tuva/sodermanland/objektrapporter/D97-UKP.json
D98-IWN;Södermanland;Nyköping;0.87;Bete;2002-08-14;Svinsätter;https://etjanst.sjv.se/tuvaut/?f=&id=D98-IWN;https://etjanst.sjv.se/hagenpub/rest/base/object/D98-IWN;docs/tuva/sodermanland/objektrapporter/D98-IWN.json
D98-OQX;Södermanland;Nyköping;11.73;Restaurerbar;2004-09-22;ringsö, kulbo;https://etjanst.sjv.se/tuvaut/?f=&id=D98-OQX;https://etjanst.sjv.se/hagenpub/rest/base/object/D98-OQX;docs/tuva/sodermanland/objektrapporter/D98-OQX.json
D99-RWN;Södermanland;Eskilstuna;3.81;Bete;2002-09-05;Nastorp;https://etjanst.sjv.se/tuvaut/?f=&id=D99-RWN;https://etjanst.sjv.se/hagenpub/rest/base/object/D99-RWN;docs/tuva/sodermanland/objektrapporter/D99-RWN.json
D9A-EES;Södermanland;Nyköping;5.0;Bete;2004-06-04;Bogslund;https://etjanst.sjv.se/tuvaut/?f=&id=D9A-EES;https://etjanst.sjv.se/hagenpub/rest/base/object/D9A-EES;docs/tuva/sodermanland/objektrapporter/D9A-EES.json
D9A-OEH;Södermanland;Gnesta;6.08;Bete;2003-09-11;Hammersta 5;https://etjanst.sjv.se/tuvaut/?f=&id=D9A-OEH;https://etjanst.sjv.se/hagenpub/rest/base/object/D9A-OEH;docs/tuva/sodermanland/objektrapporter/D9A-OEH.json
D9F-MXY;Södermanland;Flen;3.29;Bete;2004-07-28;hedenlunda 2;https://etjanst.sjv.se/tuvaut/?f=&id=D9F-MXY;https://etjanst.sjv.se/hagenpub/rest/base/object/D9F-MXY;docs/tuva/sodermanland/objektrapporter/D9F-MXY.json
D9F-ZKQ;Södermanland;Gnesta;0.45;Bete;2003-09-16;Åshammar 1;https://etjanst.sjv.se/tuvaut/?f=&id=D9F-ZKQ;https://etjanst.sjv.se/hagenpub/rest/base/object/D9F-ZKQ;docs/tuva/sodermanland/objektrapporter/D9F-ZKQ.json
DA0-B80;Södermanland;Nyköping;5.78;Restaurerbar;2002-06-26;Gärdesta;https://etjanst.sjv.se/tuvaut/?f=&id=DA0-B80;https://etjanst.sjv.se/hagenpub/rest/base/object/DA0-B80;docs/tuva/sodermanland/objektrapporter/DA0-B80.json
DA0-KPH;Södermanland;Flen;0.51;Bete;2003-09-25;;https://etjanst.sjv.se/tuvaut/?f=&id=DA0-KPH;https://etjanst.sjv.se/hagenpub/rest/base/object/DA0-KPH;docs/tuva/sodermanland/objektrapporter/DA0-KPH.json
DA1-IUX;Södermanland;Nyköping;1.38;Bete;2004-06-11;Ökna 2;https://etjanst.sjv.se/tuvaut/?f=&id=DA1-IUX;https://etjanst.sjv.se/hagenpub/rest/base/object/DA1-IUX;docs/tuva/sodermanland/objektrapporter/DA1-IUX.json
DA4-E00;Södermanland;Nyköping;1.55;Bete;2019-10-11;Överbo 1;https://etjanst.sjv.se/tuvaut/?f=&id=DA4-E00;https://etjanst.sjv.se/hagenpub/rest/base/object/DA4-E00;docs/tuva/sodermanland/objektrapporter/DA4-E00.json
DA4-NWP;Södermanland;Katrineholm;1.97;Bete;2004-07-15;s granhed 1;https://etjanst.sjv.se/tuvaut/?f=&id=DA4-NWP;https://etjanst.sjv.se/hagenpub/rest/base/object/DA4-NWP;docs/tuva/sodermanland/objektrapporter/DA4-NWP.json
DA6-QYH;Södermanland;Flen;1.65;Bete;2003-06-04;Sjölunda 1;https://etjanst.sjv.se/tuvaut/?f=&id=DA6-QYH;https://etjanst.sjv.se/hagenpub/rest/base/object/DA6-QYH;docs/tuva/sodermanland/objektrapporter/DA6-QYH.json
DA9-ALM;Södermanland;Eskilstuna;0.22;Bete;2003-05-15;Risinge1;https://etjanst.sjv.se/tuvaut/?f=&id=DA9-ALM;https://etjanst.sjv.se/hagenpub/rest/base/object/DA9-ALM;docs/tuva/sodermanland/objektrapporter/DA9-ALM.json
DA9-LIS;Södermanland;Katrineholm;1.42;Bete;2003-07-21;Klicksta 1;https://etjanst.sjv.se/tuvaut/?f=&id=DA9-LIS;https://etjanst.sjv.se/hagenpub/rest/base/object/DA9-LIS;docs/tuva/sodermanland/objektrapporter/DA9-LIS.json
DAA-800;Södermanland;Katrineholm;2.87;Bete;2002-04-29;Stora Boda;https://etjanst.sjv.se/tuvaut/?f=&id=DAA-800;https://etjanst.sjv.se/hagenpub/rest/base/object/DAA-800;docs/tuva/sodermanland/objektrapporter/DAA-800.json
DAC-F80;Södermanland;Nyköping;0.99;Restaurerbar;2002-06-26;;https://etjanst.sjv.se/tuvaut/?f=&id=DAC-F80;https://etjanst.sjv.se/hagenpub/rest/base/object/DAC-F80;docs/tuva/sodermanland/objektrapporter/DAC-F80.json
DAD-AOT;Södermanland;Nyköping;4.46;Bete;2002-07-08;Fågelhyttan;https://etjanst.sjv.se/tuvaut/?f=&id=DAD-AOT;https://etjanst.sjv.se/hagenpub/rest/base/object/DAD-AOT;docs/tuva/sodermanland/objektrapporter/DAD-AOT.json
DAT-FTX;Södermanland;Eskilstuna;0.21;Bete;2019-09-16;Nästorp 1;https://etjanst.sjv.se/tuvaut/?f=&id=DAT-FTX;https://etjanst.sjv.se/hagenpub/rest/base/object/DAT-FTX;docs/tuva/sodermanland/objektrapporter/DAT-FTX.json
DB1-RXR;Södermanland;Nyköping;6.92;Restaurerbar;2002-08-13;Måstena;https://etjanst.sjv.se/tuvaut/?f=&id=DB1-RXR;https://etjanst.sjv.se/hagenpub/rest/base/object/DB1-RXR;docs/tuva/sodermanland/objektrapporter/DB1-RXR.json
DB4-KIC;Södermanland;Katrineholm;15.71;Bete;2003-07-07;;https://etjanst.sjv.se/tuvaut/?f=&id=DB4-KIC;https://etjanst.sjv.se/hagenpub/rest/base/object/DB4-KIC;docs/tuva/sodermanland/objektrapporter/DB4-KIC.json
DB5-B00;Södermanland;Nyköping;11.9;Restaurerbar;2002-05-10;;https://etjanst.sjv.se/tuvaut/?f=&id=DB5-B00;https://etjanst.sjv.se/hagenpub/rest/base/object/DB5-B00;docs/tuva/sodermanland/objektrapporter/DB5-B00.json
DB5-RPV;Södermanland;Vingåker;0.72;Bete;2003-08-17;Bergatorp 2;https://etjanst.sjv.se/tuvaut/?f=&id=DB5-RPV;https://etjanst.sjv.se/hagenpub/rest/base/object/DB5-RPV;docs/tuva/sodermanland/objektrapporter/DB5-RPV.json
DB7-E00;Södermanland;Katrineholm;2.03;Bete;2002-06-03;Lundsbol;https://etjanst.sjv.se/tuvaut/?f=&id=DB7-E00;https://etjanst.sjv.se/hagenpub/rest/base/object/DB7-E00;docs/tuva/sodermanland/objektrapporter/DB7-E00.json
DB7-RBR;Södermanland;Nyköping;0.71;Restaurerbar;2002-07-14;Nytorp;https://etjanst.sjv.se/tuvaut/?f=&id=DB7-RBR;https://etjanst.sjv.se/hagenpub/rest/base/object/DB7-RBR;docs/tuva/sodermanland/objektrapporter/DB7-RBR.json
DB7-RNZ;Södermanland;Trosa;0.43;Bete;2004-09-20;lacka 4;https://etjanst.sjv.se/tuvaut/?f=&id=DB7-RNZ;https://etjanst.sjv.se/hagenpub/rest/base/object/DB7-RNZ;docs/tuva/sodermanland/objektrapporter/DB7-RNZ.json
DB9-EUY;Södermanland;Trosa;0.89;Bete;2004-05-18;Överstene 2;https://etjanst.sjv.se/tuvaut/?f=&id=DB9-EUY;https://etjanst.sjv.se/hagenpub/rest/base/object/DB9-EUY;docs/tuva/sodermanland/objektrapporter/DB9-EUY.json
DB9-GZS;Södermanland;Katrineholm;15.32;Bete;2003-05-20;Kil;https://etjanst.sjv.se/tuvaut/?f=&id=DB9-GZS;https://etjanst.sjv.se/hagenpub/rest/base/object/DB9-GZS;docs/tuva/sodermanland/objektrapporter/DB9-GZS.json
DBA-DRC;Södermanland;Katrineholm;11.04;Bete;2004-05-18;spånga;https://etjanst.sjv.se/tuvaut/?f=&id=DBA-DRC;https://etjanst.sjv.se/hagenpub/rest/base/object/DBA-DRC;docs/tuva/sodermanland/objektrapporter/DBA-DRC.json
DBB-BOB;Södermanland;Flen;1.39;Bete;2004-08-09;norrkärr 1;https://etjanst.sjv.se/tuvaut/?f=&id=DBB-BOB;https://etjanst.sjv.se/hagenpub/rest/base/object/DBB-BOB;docs/tuva/sodermanland/objektrapporter/DBB-BOB.json
DBB-ETI;Södermanland;Vingåker;8.47;Bete;2004-09-09;ö hulla extra;https://etjanst.sjv.se/tuvaut/?f=&id=DBB-ETI;https://etjanst.sjv.se/hagenpub/rest/base/object/DBB-ETI;docs/tuva/sodermanland/objektrapporter/DBB-ETI.json
DBC-EZP;Södermanland;Flen;1.87;Ej aktuell;2023-08-03;Uddberga 2;https://etjanst.sjv.se/tuvaut/?f=&id=DBC-EZP;https://etjanst.sjv.se/hagenpub/rest/base/object/DBC-EZP;docs/tuva/sodermanland/objektrapporter/DBC-EZP.json
DBD-GGU;Södermanland;Flen;2.26;Bete;2026-06-17;berga 2;https://etjanst.sjv.se/tuvaut/?f=&id=DBD-GGU;https://etjanst.sjv.se/hagenpub/rest/base/object/DBD-GGU;docs/tuva/sodermanland/objektrapporter/DBD-GGU.json
DBF-VGM;Södermanland;Eskilstuna;2.74;Bete;2003-07-29;Rossviks säteri4;https://etjanst.sjv.se/tuvaut/?f=&id=DBF-VGM;https://etjanst.sjv.se/hagenpub/rest/base/object/DBF-VGM;docs/tuva/sodermanland/objektrapporter/DBF-VGM.json
DBP-XRC;Södermanland;Eskilstuna;1.3;Bete;2023-08-30;;https://etjanst.sjv.se/tuvaut/?f=&id=DBP-XRC;https://etjanst.sjv.se/hagenpub/rest/base/object/DBP-XRC;docs/tuva/sodermanland/objektrapporter/DBP-XRC.json
DBX-PKJ;Södermanland;Nyköping;0.47;Bete;2023-06-27;Ripsa-Edeby;https://etjanst.sjv.se/tuvaut/?f=&id=DBX-PKJ;https://etjanst.sjv.se/hagenpub/rest/base/object/DBX-PKJ;docs/tuva/sodermanland/objektrapporter/DBX-PKJ.json
DC0-CEF;Södermanland;Flen;2.54;Bete;2004-07-30;Hansängen 1;https://etjanst.sjv.se/tuvaut/?f=&id=DC0-CEF;https://etjanst.sjv.se/hagenpub/rest/base/object/DC0-CEF;docs/tuva/sodermanland/objektrapporter/DC0-CEF.json
DC1-BKI;Södermanland;Eskilstuna;3.13;Bete;2003-05-19;G;https://etjanst.sjv.se/tuvaut/?f=&id=DC1-BKI;https://etjanst.sjv.se/hagenpub/rest/base/object/DC1-BKI;docs/tuva/sodermanland/objektrapporter/DC1-BKI.json
DC4-HET;Södermanland;Flen;2.95;Bete;2003-09-18;Berga-Nydala;https://etjanst.sjv.se/tuvaut/?f=&id=DC4-HET;https://etjanst.sjv.se/hagenpub/rest/base/object/DC4-HET;docs/tuva/sodermanland/objektrapporter/DC4-HET.json
DC4-QSF;Södermanland;Flen;3.13;Bete;2004-07-13;Sparreholm 6;https://etjanst.sjv.se/tuvaut/?f=&id=DC4-QSF;https://etjanst.sjv.se/hagenpub/rest/base/object/DC4-QSF;docs/tuva/sodermanland/objektrapporter/DC4-QSF.json
DC4-ZYJ;Södermanland;Flen;3.27;Bete;2004-08-24;näs;https://etjanst.sjv.se/tuvaut/?f=&id=DC4-ZYJ;https://etjanst.sjv.se/hagenpub/rest/base/object/DC4-ZYJ;docs/tuva/sodermanland/objektrapporter/DC4-ZYJ.json
DC6-OGX;Södermanland;Vingåker;10.42;Bete;2003-08-15;;https://etjanst.sjv.se/tuvaut/?f=&id=DC6-OGX;https://etjanst.sjv.se/hagenpub/rest/base/object/DC6-OGX;docs/tuva/sodermanland/objektrapporter/DC6-OGX.json
DC7-UBV;Södermanland;Flen;1.24;Bete;2004-06-18;Flinkesta 3;https://etjanst.sjv.se/tuvaut/?f=&id=DC7-UBV;https://etjanst.sjv.se/hagenpub/rest/base/object/DC7-UBV;docs/tuva/sodermanland/objektrapporter/DC7-UBV.json
DCB-700;Södermanland;Strängnäs;0.66;Bete;2002-06-11;Klahammar1;https://etjanst.sjv.se/tuvaut/?f=&id=DCB-700;https://etjanst.sjv.se/hagenpub/rest/base/object/DCB-700;docs/tuva/sodermanland/objektrapporter/DCB-700.json
DCC-PWC;Södermanland;Gnesta;1.95;Bete;2004-06-15;Finnviken 1;https://etjanst.sjv.se/tuvaut/?f=&id=DCC-PWC;https://etjanst.sjv.se/hagenpub/rest/base/object/DCC-PWC;docs/tuva/sodermanland/objektrapporter/DCC-PWC.json
DCD-KPG;Södermanland;Flen;1.21;Bete;2004-07-12;Oppeby 2;https://etjanst.sjv.se/tuvaut/?f=&id=DCD-KPG;https://etjanst.sjv.se/hagenpub/rest/base/object/DCD-KPG;docs/tuva/sodermanland/objektrapporter/DCD-KPG.json
DD0-EMW;Södermanland;Strängnäs;2.33;Bete;2002-07-15;Eksåg;https://etjanst.sjv.se/tuvaut/?f=&id=DD0-EMW;https://etjanst.sjv.se/hagenpub/rest/base/object/DD0-EMW;docs/tuva/sodermanland/objektrapporter/DD0-EMW.json
DD0-NLF;Södermanland;Flen;0.51;Bete;2003-07-29;Valsta 1;https://etjanst.sjv.se/tuvaut/?f=&id=DD0-NLF;https://etjanst.sjv.se/hagenpub/rest/base/object/DD0-NLF;docs/tuva/sodermanland/objektrapporter/DD0-NLF.json
DD1-RTG;Södermanland;Eskilstuna;0.36;Bete;2003-06-23;Åstugan2;https://etjanst.sjv.se/tuvaut/?f=&id=DD1-RTG;https://etjanst.sjv.se/hagenpub/rest/base/object/DD1-RTG;docs/tuva/sodermanland/objektrapporter/DD1-RTG.json
DD2-B00;Södermanland;Strängnäs;3.13;Bete;2002-06-17;Åkerby3;https://etjanst.sjv.se/tuvaut/?f=&id=DD2-B00;https://etjanst.sjv.se/hagenpub/rest/base/object/DD2-B00;docs/tuva/sodermanland/objektrapporter/DD2-B00.json
DD3-ZBO;Södermanland;Flen;0.63;Restaurerbar;2003-09-01;Grinda 6;https://etjanst.sjv.se/tuvaut/?f=&id=DD3-ZBO;https://etjanst.sjv.se/hagenpub/rest/base/object/DD3-ZBO;docs/tuva/sodermanland/objektrapporter/DD3-ZBO.json
DD4-LXO;Södermanland;Eskilstuna;2.16;Bete;2003-08-27;Magda2;https://etjanst.sjv.se/tuvaut/?f=&id=DD4-LXO;https://etjanst.sjv.se/hagenpub/rest/base/object/DD4-LXO;docs/tuva/sodermanland/objektrapporter/DD4-LXO.json
DD4-ZXJ;Södermanland;Nyköping;0.33;Bete;2004-08-10;långö 11;https://etjanst.sjv.se/tuvaut/?f=&id=DD4-ZXJ;https://etjanst.sjv.se/hagenpub/rest/base/object/DD4-ZXJ;docs/tuva/sodermanland/objektrapporter/DD4-ZXJ.json
DD7-C00;Södermanland;Katrineholm;6.77;Bete;2002-06-07;Brännkärr;https://etjanst.sjv.se/tuvaut/?f=&id=DD7-C00;https://etjanst.sjv.se/hagenpub/rest/base/object/DD7-C00;docs/tuva/sodermanland/objektrapporter/DD7-C00.json
DD8-BHI;Södermanland;Strängnäs;0.64;Bete;2002-07-12;Sörby3;https://etjanst.sjv.se/tuvaut/?f=&id=DD8-BHI;https://etjanst.sjv.se/hagenpub/rest/base/object/DD8-BHI;docs/tuva/sodermanland/objektrapporter/DD8-BHI.json
DD8-HFZ;Södermanland;Katrineholm;6.44;Bete;2002-08-07;Gersnäs 1;https://etjanst.sjv.se/tuvaut/?f=&id=DD8-HFZ;https://etjanst.sjv.se/hagenpub/rest/base/object/DD8-HFZ;docs/tuva/sodermanland/objektrapporter/DD8-HFZ.json
DD8-KQS;Södermanland;Nyköping;13.96;Bete;2002-09-11;Löfsund;https://etjanst.sjv.se/tuvaut/?f=&id=DD8-KQS;https://etjanst.sjv.se/hagenpub/rest/base/object/DD8-KQS;docs/tuva/sodermanland/objektrapporter/DD8-KQS.json
DDA-EFP;Södermanland;Strängnäs;9.4;Bete;2002-08-06;Herresta3;https://etjanst.sjv.se/tuvaut/?f=&id=DDA-EFP;https://etjanst.sjv.se/hagenpub/rest/base/object/DDA-EFP;docs/tuva/sodermanland/objektrapporter/DDA-EFP.json
DDA-JUB;Södermanland;Nyköping;3.78;Restaurerbar;2004-09-28;Hartsö 9;https://etjanst.sjv.se/tuvaut/?f=&id=DDA-JUB;https://etjanst.sjv.se/hagenpub/rest/base/object/DDA-JUB;docs/tuva/sodermanland/objektrapporter/DDA-JUB.json
DDD-BVO;Södermanland;Flen;0.36;Bete;2004-07-13;Sparreholm 3;https://etjanst.sjv.se/tuvaut/?f=&id=DDD-BVO;https://etjanst.sjv.se/hagenpub/rest/base/object/DDD-BVO;docs/tuva/sodermanland/objektrapporter/DDD-BVO.json
DDE-VDF;Södermanland;Katrineholm;1.64;Bete;2003-07-17;;https://etjanst.sjv.se/tuvaut/?f=&id=DDE-VDF;https://etjanst.sjv.se/hagenpub/rest/base/object/DDE-VDF;docs/tuva/sodermanland/objektrapporter/DDE-VDF.json
DE0-980;Södermanland;Nyköping;1.13;Bete;2002-06-29;Daltorp;https://etjanst.sjv.se/tuvaut/?f=&id=DE0-980;https://etjanst.sjv.se/hagenpub/rest/base/object/DE0-980;docs/tuva/sodermanland/objektrapporter/DE0-980.json
DE0-ABL;Södermanland;Nyköping;9.6;Bete;2002-07-10;Kottorp;https://etjanst.sjv.se/tuvaut/?f=&id=DE0-ABL;https://etjanst.sjv.se/hagenpub/rest/base/object/DE0-ABL;docs/tuva/sodermanland/objektrapporter/DE0-ABL.json
DE0-DCF;Södermanland;Nyköping;8.47;Restaurerbar;2002-07-14;Vallby;https://etjanst.sjv.se/tuvaut/?f=&id=DE0-DCF;https://etjanst.sjv.se/hagenpub/rest/base/object/DE0-DCF;docs/tuva/sodermanland/objektrapporter/DE0-DCF.json
DE1-NNP;Södermanland;Nyköping;1.79;Bete;2004-08-25;Bergatorp 1;https://etjanst.sjv.se/tuvaut/?f=&id=DE1-NNP;https://etjanst.sjv.se/hagenpub/rest/base/object/DE1-NNP;docs/tuva/sodermanland/objektrapporter/DE1-NNP.json
DE6-BJT;Södermanland;Katrineholm;0.94;Bete;2003-07-09;Leråsen 4;https://etjanst.sjv.se/tuvaut/?f=&id=DE6-BJT;https://etjanst.sjv.se/hagenpub/rest/base/object/DE6-BJT;docs/tuva/sodermanland/objektrapporter/DE6-BJT.json
DEA-880;Södermanland;Eskilstuna;9.33;Bete;2002-05-13;Ö Fyrby;https://etjanst.sjv.se/tuvaut/?f=&id=DEA-880;https://etjanst.sjv.se/hagenpub/rest/base/object/DEA-880;docs/tuva/sodermanland/objektrapporter/DEA-880.json
DEA-OON;Södermanland;Eskilstuna;1.36;Bete;2003-06-13;Bondökna3;https://etjanst.sjv.se/tuvaut/?f=&id=DEA-OON;https://etjanst.sjv.se/hagenpub/rest/base/object/DEA-OON;docs/tuva/sodermanland/objektrapporter/DEA-OON.json
DEB-FNP;Södermanland;Gnesta;0.9;Bete;2004-06-18;Fräkenvassen 4;https://etjanst.sjv.se/tuvaut/?f=&id=DEB-FNP;https://etjanst.sjv.se/hagenpub/rest/base/object/DEB-FNP;docs/tuva/sodermanland/objektrapporter/DEB-FNP.json
DEB-GLC;Södermanland;Eskilstuna;0.55;Bete;2003-07-22;Mälby1;https://etjanst.sjv.se/tuvaut/?f=&id=DEB-GLC;https://etjanst.sjv.se/hagenpub/rest/base/object/DEB-GLC;docs/tuva/sodermanland/objektrapporter/DEB-GLC.json
DEE-200;Södermanland;Katrineholm;11.33;Bete;2002-06-25;;https://etjanst.sjv.se/tuvaut/?f=&id=DEE-200;https://etjanst.sjv.se/hagenpub/rest/base/object/DEE-200;docs/tuva/sodermanland/objektrapporter/DEE-200.json
DF2-IST;Södermanland;Eskilstuna;2.37;Restaurerbar;2002-09-23;Nabbetorp3;https://etjanst.sjv.se/tuvaut/?f=&id=DF2-IST;https://etjanst.sjv.se/hagenpub/rest/base/object/DF2-IST;docs/tuva/sodermanland/objektrapporter/DF2-IST.json
DF2-NTK;Södermanland;Katrineholm;1.19;Bete;2002-08-12;Högerga 3;https://etjanst.sjv.se/tuvaut/?f=&id=DF2-NTK;https://etjanst.sjv.se/hagenpub/rest/base/object/DF2-NTK;docs/tuva/sodermanland/objektrapporter/DF2-NTK.json
DF3-CMB;Södermanland;Gnesta;3.35;Bete;2003-09-18;Prästhälla 1, Bondhälla 6;https://etjanst.sjv.se/tuvaut/?f=&id=DF3-CMB;https://etjanst.sjv.se/hagenpub/rest/base/object/DF3-CMB;docs/tuva/sodermanland/objektrapporter/DF3-CMB.json
DF5-A80;Södermanland;Nyköping;1.0;Bete;2023-09-29;Daltorp;https://etjanst.sjv.se/tuvaut/?f=&id=DF5-A80;https://etjanst.sjv.se/hagenpub/rest/base/object/DF5-A80;docs/tuva/sodermanland/objektrapporter/DF5-A80.json
DF5-ROR;Södermanland;Gnesta;0.84;Bete;2003-09-04;Pungsund 2;https://etjanst.sjv.se/tuvaut/?f=&id=DF5-ROR;https://etjanst.sjv.se/hagenpub/rest/base/object/DF5-ROR;docs/tuva/sodermanland/objektrapporter/DF5-ROR.json
DF5-UWJ;Södermanland;Gnesta;0.36;Bete;2003-09-24;Bresätter 2;https://etjanst.sjv.se/tuvaut/?f=&id=DF5-UWJ;https://etjanst.sjv.se/hagenpub/rest/base/object/DF5-UWJ;docs/tuva/sodermanland/objektrapporter/DF5-UWJ.json
DF6-ZTM;Södermanland;Katrineholm;1.0;Bete;2002-07-09;Kårtorp 3;https://etjanst.sjv.se/tuvaut/?f=&id=DF6-ZTM;https://etjanst.sjv.se/hagenpub/rest/base/object/DF6-ZTM;docs/tuva/sodermanland/objektrapporter/DF6-ZTM.json
DF8-JIT;Södermanland;Katrineholm;0.82;Bete;2003-06-05;Råmbol 2;https://etjanst.sjv.se/tuvaut/?f=&id=DF8-JIT;https://etjanst.sjv.se/hagenpub/rest/base/object/DF8-JIT;docs/tuva/sodermanland/objektrapporter/DF8-JIT.json
DF8-XBW;Södermanland;Vingåker;0.87;Bete;2003-09-05;;https://etjanst.sjv.se/tuvaut/?f=&id=DF8-XBW;https://etjanst.sjv.se/hagenpub/rest/base/object/DF8-XBW;docs/tuva/sodermanland/objektrapporter/DF8-XBW.json
DFB-GDG;Södermanland;Strängnäs;12.14;Bete;2002-07-29;Granboda;https://etjanst.sjv.se/tuvaut/?f=&id=DFB-GDG;https://etjanst.sjv.se/hagenpub/rest/base/object/DFB-GDG;docs/tuva/sodermanland/objektrapporter/DFB-GDG.json
DFB-VPI;Södermanland;Flen;0.41;Bete;2004-08-24;sörtorp 1;https://etjanst.sjv.se/tuvaut/?f=&id=DFB-VPI;https://etjanst.sjv.se/hagenpub/rest/base/object/DFB-VPI;docs/tuva/sodermanland/objektrapporter/DFB-VPI.json
DGZ-CPB;Södermanland;Flen;2.16;Bete;2019-08-28;Sparreholms slott 2;https://etjanst.sjv.se/tuvaut/?f=&id=DGZ-CPB;https://etjanst.sjv.se/hagenpub/rest/base/object/DGZ-CPB;docs/tuva/sodermanland/objektrapporter/DGZ-CPB.json
DKD-FQY;Södermanland;Flen;1.73;Bete;2023-09-08;Stenhammar;https://etjanst.sjv.se/tuvaut/?f=&id=DKD-FQY;https://etjanst.sjv.se/hagenpub/rest/base/object/DKD-FQY;docs/tuva/sodermanland/objektrapporter/DKD-FQY.json
DMU-XYW;Södermanland;Gnesta;11.87;Bete;2019-07-09;Skylvalla;https://etjanst.sjv.se/tuvaut/?f=&id=DMU-XYW;https://etjanst.sjv.se/hagenpub/rest/base/object/DMU-XYW;docs/tuva/sodermanland/objektrapporter/DMU-XYW.json
DNG-BZA;Södermanland;Gnesta;0.32;Bete;2019-08-21;Axala 2;https://etjanst.sjv.se/tuvaut/?f=&id=DNG-BZA;https://etjanst.sjv.se/hagenpub/rest/base/object/DNG-BZA;docs/tuva/sodermanland/objektrapporter/DNG-BZA.json
DNM-NXE;Södermanland;Nyköping;0.57;Bete;2018-07-10;Slättkärr 1;https://etjanst.sjv.se/tuvaut/?f=&id=DNM-NXE;https://etjanst.sjv.se/hagenpub/rest/base/object/DNM-NXE;docs/tuva/sodermanland/objektrapporter/DNM-NXE.json
DOB-KRF;Södermanland;Nyköping;1.31;Bete;2023-06-08;Stensund;https://etjanst.sjv.se/tuvaut/?f=&id=DOB-KRF;https://etjanst.sjv.se/hagenpub/rest/base/object/DOB-KRF;docs/tuva/sodermanland/objektrapporter/DOB-KRF.json
DOM-EZY;Södermanland;Gnesta;0.9;Bete;2019-07-03;Gåsinge-Kalvsätter 1;https://etjanst.sjv.se/tuvaut/?f=&id=DOM-EZY;https://etjanst.sjv.se/hagenpub/rest/base/object/DOM-EZY;docs/tuva/sodermanland/objektrapporter/DOM-EZY.json
DQR-RJS;Södermanland;Nyköping;0.76;Bete;2023-06-19;Ripsa-Edeby;https://etjanst.sjv.se/tuvaut/?f=&id=DQR-RJS;https://etjanst.sjv.se/hagenpub/rest/base/object/DQR-RJS;docs/tuva/sodermanland/objektrapporter/DQR-RJS.json
DQX-GSY;Södermanland;Strängnäs;0.96;Bete;2023-08-23;Aspö-Lagnö;https://etjanst.sjv.se/tuvaut/?f=&id=DQX-GSY;https://etjanst.sjv.se/hagenpub/rest/base/object/DQX-GSY;docs/tuva/sodermanland/objektrapporter/DQX-GSY.json
DRV-GDC;Södermanland;Eskilstuna;1.03;Bete;2018-10-05;Tumbo-Lövsta 4;https://etjanst.sjv.se/tuvaut/?f=&id=DRV-GDC;https://etjanst.sjv.se/hagenpub/rest/base/object/DRV-GDC;docs/tuva/sodermanland/objektrapporter/DRV-GDC.json
DUA-GAR;Södermanland;Katrineholm;0.12;Äng;2012-09-28;Stockbäcken 3;https://etjanst.sjv.se/tuvaut/?f=&id=DUA-GAR;https://etjanst.sjv.se/hagenpub/rest/base/object/DUA-GAR;docs/tuva/sodermanland/objektrapporter/DUA-GAR.json
DVR-FVK;Södermanland;Nyköping;1.0;Bete;2018-07-10;Stora Kungsladugården 2;https://etjanst.sjv.se/tuvaut/?f=&id=DVR-FVK;https://etjanst.sjv.se/hagenpub/rest/base/object/DVR-FVK;docs/tuva/sodermanland/objektrapporter/DVR-FVK.json
DWA-JQR;Södermanland;Strängnäs;0.74;Restaurerbar;2023-08-04;Elma;https://etjanst.sjv.se/tuvaut/?f=&id=DWA-JQR;https://etjanst.sjv.se/hagenpub/rest/base/object/DWA-JQR;docs/tuva/sodermanland/objektrapporter/DWA-JQR.json
DWK-FXJ;Södermanland;Katrineholm;0.13;Äng;2018-06-08;Hålbonäs, Valdemarsön;https://etjanst.sjv.se/tuvaut/?f=&id=DWK-FXJ;https://etjanst.sjv.se/hagenpub/rest/base/object/DWK-FXJ;docs/tuva/sodermanland/objektrapporter/DWK-FXJ.json
DXC-MYL;Södermanland;Nyköping;1.31;Bete;2009-07-14;;https://etjanst.sjv.se/tuvaut/?f=&id=DXC-MYL;https://etjanst.sjv.se/hagenpub/rest/base/object/DXC-MYL;docs/tuva/sodermanland/objektrapporter/DXC-MYL.json
DXC-OZP;Södermanland;Nyköping;3.37;Bete;2023-06-14;Ripsa-Edeby;https://etjanst.sjv.se/tuvaut/?f=&id=DXC-OZP;https://etjanst.sjv.se/hagenpub/rest/base/object/DXC-OZP;docs/tuva/sodermanland/objektrapporter/DXC-OZP.json
DXI-KHB;Södermanland;Eskilstuna;7.91;Bete;2011-07-12;;https://etjanst.sjv.se/tuvaut/?f=&id=DXI-KHB;https://etjanst.sjv.se/hagenpub/rest/base/object/DXI-KHB;docs/tuva/sodermanland/objektrapporter/DXI-KHB.json
DXW-ZDF;Södermanland;Gnesta;0.64;Bete;2019-07-03;Gåsinge-Kalvsätter 1;https://etjanst.sjv.se/tuvaut/?f=&id=DXW-ZDF;https://etjanst.sjv.se/hagenpub/rest/base/object/DXW-ZDF;docs/tuva/sodermanland/objektrapporter/DXW-ZDF.json
DZR-TDC;Södermanland;Gnesta;0.34;Bete;2019-07-02;Öllösa 1;https://etjanst.sjv.se/tuvaut/?f=&id=DZR-TDC;https://etjanst.sjv.se/hagenpub/rest/base/object/DZR-TDC;docs/tuva/sodermanland/objektrapporter/DZR-TDC.json
E00-XZA;Södermanland;Flen;0.68;Bete;2004-05-27;norrketorp 2;https://etjanst.sjv.se/tuvaut/?f=&id=E00-XZA;https://etjanst.sjv.se/hagenpub/rest/base/object/E00-XZA;docs/tuva/sodermanland/objektrapporter/E00-XZA.json
E01-CPV;Södermanland;Vingåker;4.53;Restaurerbar;2003-08-16;Krokan;https://etjanst.sjv.se/tuvaut/?f=&id=E01-CPV;https://etjanst.sjv.se/hagenpub/rest/base/object/E01-CPV;docs/tuva/sodermanland/objektrapporter/E01-CPV.json
E01-OVO;Södermanland;Nyköping;1.79;Äng;2003-06-11;Valsta 2;https://etjanst.sjv.se/tuvaut/?f=&id=E01-OVO;https://etjanst.sjv.se/hagenpub/rest/base/object/E01-OVO;docs/tuva/sodermanland/objektrapporter/E01-OVO.json
E06-900;Södermanland;Nyköping;4.93;Restaurerbar;2002-05-10;;https://etjanst.sjv.se/tuvaut/?f=&id=E06-900;https://etjanst.sjv.se/hagenpub/rest/base/object/E06-900;docs/tuva/sodermanland/objektrapporter/E06-900.json
E08-100;Södermanland;Katrineholm;4.91;Restaurerbar;2002-04-29;Lisstorp 1;https://etjanst.sjv.se/tuvaut/?f=&id=E08-100;https://etjanst.sjv.se/hagenpub/rest/base/object/E08-100;docs/tuva/sodermanland/objektrapporter/E08-100.json
E08-A80;Södermanland;Strängnäs;0.74;Äng;2018-06-21;Stenby 1;https://etjanst.sjv.se/tuvaut/?f=&id=E08-A80;https://etjanst.sjv.se/hagenpub/rest/base/object/E08-A80;docs/tuva/sodermanland/objektrapporter/E08-A80.json
E08-JJI;Södermanland;Katrineholm;0.8;Bete;2003-07-17;Västerlund ;https://etjanst.sjv.se/tuvaut/?f=&id=E08-JJI;https://etjanst.sjv.se/hagenpub/rest/base/object/E08-JJI;docs/tuva/sodermanland/objektrapporter/E08-JJI.json
E08-YWB;Södermanland;Gnesta;9.82;Bete;2003-09-10;Blacksta 3;https://etjanst.sjv.se/tuvaut/?f=&id=E08-YWB;https://etjanst.sjv.se/hagenpub/rest/base/object/E08-YWB;docs/tuva/sodermanland/objektrapporter/E08-YWB.json
E09-HNE;Södermanland;Nyköping;0.62;Bete;2003-05-27;Hällen 2;https://etjanst.sjv.se/tuvaut/?f=&id=E09-HNE;https://etjanst.sjv.se/hagenpub/rest/base/object/E09-HNE;docs/tuva/sodermanland/objektrapporter/E09-HNE.json
E0B-EBW;Södermanland;Katrineholm;1.25;Bete;2002-08-12;Högen 1;https://etjanst.sjv.se/tuvaut/?f=&id=E0B-EBW;https://etjanst.sjv.se/hagenpub/rest/base/object/E0B-EBW;docs/tuva/sodermanland/objektrapporter/E0B-EBW.json
E0B-EEM;Södermanland;Gnesta;0.55;Bete;2004-06-03;Övervalla 1;https://etjanst.sjv.se/tuvaut/?f=&id=E0B-EEM;https://etjanst.sjv.se/hagenpub/rest/base/object/E0B-EEM;docs/tuva/sodermanland/objektrapporter/E0B-EEM.json
E0E-980;Södermanland;Katrineholm;1.08;Bete;2002-06-11;Vikstorp 2;https://etjanst.sjv.se/tuvaut/?f=&id=E0E-980;https://etjanst.sjv.se/hagenpub/rest/base/object/E0E-980;docs/tuva/sodermanland/objektrapporter/E0E-980.json
E0F-980;Södermanland;Katrineholm;1.69;Bete;2002-05-29;Simonsbol 4;https://etjanst.sjv.se/tuvaut/?f=&id=E0F-980;https://etjanst.sjv.se/hagenpub/rest/base/object/E0F-980;docs/tuva/sodermanland/objektrapporter/E0F-980.json
E0F-REH;Södermanland;Eskilstuna;7.25;Bete;2003-05-15;Risinge1;https://etjanst.sjv.se/tuvaut/?f=&id=E0F-REH;https://etjanst.sjv.se/hagenpub/rest/base/object/E0F-REH;docs/tuva/sodermanland/objektrapporter/E0F-REH.json
E0F-VDF;Södermanland;Strängnäs;17.04;Bete;2002-08-06;Herresta2;https://etjanst.sjv.se/tuvaut/?f=&id=E0F-VDF;https://etjanst.sjv.se/hagenpub/rest/base/object/E0F-VDF;docs/tuva/sodermanland/objektrapporter/E0F-VDF.json
E12-WCC;Södermanland;Flen;3.09;Bete;2003-09-30;;https://etjanst.sjv.se/tuvaut/?f=&id=E12-WCC;https://etjanst.sjv.se/hagenpub/rest/base/object/E12-WCC;docs/tuva/sodermanland/objektrapporter/E12-WCC.json
E14-KAE;Södermanland;Flen;2.52;Bete;2003-06-04;Sjölunda 3;https://etjanst.sjv.se/tuvaut/?f=&id=E14-KAE;https://etjanst.sjv.se/hagenpub/rest/base/object/E14-KAE;docs/tuva/sodermanland/objektrapporter/E14-KAE.json
E16-DQV;Södermanland;Eskilstuna;17.86;Bete;2003-08-21;Åstorp1;https://etjanst.sjv.se/tuvaut/?f=&id=E16-DQV;https://etjanst.sjv.se/hagenpub/rest/base/object/E16-DQV;docs/tuva/sodermanland/objektrapporter/E16-DQV.json
E16-RJH;Södermanland;Eskilstuna;0.49;Bete;2004-08-31;Knutsta 1;https://etjanst.sjv.se/tuvaut/?f=&id=E16-RJH;https://etjanst.sjv.se/hagenpub/rest/base/object/E16-RJH;docs/tuva/sodermanland/objektrapporter/E16-RJH.json
E17-GCO;Södermanland;Flen;3.37;Bete;2004-07-08;Pumpedal 2;https://etjanst.sjv.se/tuvaut/?f=&id=E17-GCO;https://etjanst.sjv.se/hagenpub/rest/base/object/E17-GCO;docs/tuva/sodermanland/objektrapporter/E17-GCO.json
E18-GGT;Södermanland;Gnesta;0.69;Bete;2004-06-22;Lilltorp 3;https://etjanst.sjv.se/tuvaut/?f=&id=E18-GGT;https://etjanst.sjv.se/hagenpub/rest/base/object/E18-GGT;docs/tuva/sodermanland/objektrapporter/E18-GGT.json
E1A-ACP;Södermanland;Katrineholm;5.27;Bete;2002-07-31;Sätra 1;https://etjanst.sjv.se/tuvaut/?f=&id=E1A-ACP;https://etjanst.sjv.se/hagenpub/rest/base/object/E1A-ACP;docs/tuva/sodermanland/objektrapporter/E1A-ACP.json
E1F-GFI;Södermanland;Nyköping;2.1;Bete;2002-08-11;Ekeby, Runtuna;https://etjanst.sjv.se/tuvaut/?f=&id=E1F-GFI;https://etjanst.sjv.se/hagenpub/rest/base/object/E1F-GFI;docs/tuva/sodermanland/objektrapporter/E1F-GFI.json
E23-FWF;Södermanland;Flen;0.24;Bete;2004-08-24;Sparreholm;https://etjanst.sjv.se/tuvaut/?f=&id=E23-FWF;https://etjanst.sjv.se/hagenpub/rest/base/object/E23-FWF;docs/tuva/sodermanland/objektrapporter/E23-FWF.json
E25-ENM;Södermanland;Gnesta;0.34;Bete;2004-06-17;Lilla Brandsbol 4;https://etjanst.sjv.se/tuvaut/?f=&id=E25-ENM;https://etjanst.sjv.se/hagenpub/rest/base/object/E25-ENM;docs/tuva/sodermanland/objektrapporter/E25-ENM.json
E2A-880;Södermanland;Katrineholm;7.22;Bete;2002-05-29;Simonsbol 3;https://etjanst.sjv.se/tuvaut/?f=&id=E2A-880;https://etjanst.sjv.se/hagenpub/rest/base/object/E2A-880;docs/tuva/sodermanland/objektrapporter/E2A-880.json
E2B-JGY;Södermanland;Strängnäs;3.55;Bete;2002-08-06;Herresta4;https://etjanst.sjv.se/tuvaut/?f=&id=E2B-JGY;https://etjanst.sjv.se/hagenpub/rest/base/object/E2B-JGY;docs/tuva/sodermanland/objektrapporter/E2B-JGY.json
E2B-VAS;Södermanland;Katrineholm;9.51;Bete;2002-08-07;Nästorp;https://etjanst.sjv.se/tuvaut/?f=&id=E2B-VAS;https://etjanst.sjv.se/hagenpub/rest/base/object/E2B-VAS;docs/tuva/sodermanland/objektrapporter/E2B-VAS.json
E2B-YPX;Södermanland;Nyköping;2.74;Bete;2004-06-08;Åsund 1;https://etjanst.sjv.se/tuvaut/?f=&id=E2B-YPX;https://etjanst.sjv.se/hagenpub/rest/base/object/E2B-YPX;docs/tuva/sodermanland/objektrapporter/E2B-YPX.json
E2C-380;Södermanland;Strängnäs;15.31;Bete;2018-08-27;Bergshammar 3;https://etjanst.sjv.se/tuvaut/?f=&id=E2C-380;https://etjanst.sjv.se/hagenpub/rest/base/object/E2C-380;docs/tuva/sodermanland/objektrapporter/E2C-380.json
E2D-VQL;Södermanland;Eskilstuna;1.88;Restaurerbar;2002-08-27;Kolbäck;https://etjanst.sjv.se/tuvaut/?f=&id=E2D-VQL;https://etjanst.sjv.se/hagenpub/rest/base/object/E2D-VQL;docs/tuva/sodermanland/objektrapporter/E2D-VQL.json
E2F-ALR;Södermanland;Strängnäs;7.74;Bete;2002-08-19;Kvicksta6;https://etjanst.sjv.se/tuvaut/?f=&id=E2F-ALR;https://etjanst.sjv.se/hagenpub/rest/base/object/E2F-ALR;docs/tuva/sodermanland/objektrapporter/E2F-ALR.json
E2F-DJL;Södermanland;Nyköping;1.79;Bete;2003-06-26;Gillinge 2;https://etjanst.sjv.se/tuvaut/?f=&id=E2F-DJL;https://etjanst.sjv.se/hagenpub/rest/base/object/E2F-DJL;docs/tuva/sodermanland/objektrapporter/E2F-DJL.json
E2F-ZIO;Södermanland;Eskilstuna;3.09;Bete;2003-07-23;Slätåsen1;https://etjanst.sjv.se/tuvaut/?f=&id=E2F-ZIO;https://etjanst.sjv.se/hagenpub/rest/base/object/E2F-ZIO;docs/tuva/sodermanland/objektrapporter/E2F-ZIO.json
E30-CSP;Södermanland;Vingåker;9.1;Bete;2003-09-11;;https://etjanst.sjv.se/tuvaut/?f=&id=E30-CSP;https://etjanst.sjv.se/hagenpub/rest/base/object/E30-CSP;docs/tuva/sodermanland/objektrapporter/E30-CSP.json
E31-QVH;Södermanland;Katrineholm;3.73;Bete;2004-08-04;holbonäs 1;https://etjanst.sjv.se/tuvaut/?f=&id=E31-QVH;https://etjanst.sjv.se/hagenpub/rest/base/object/E31-QVH;docs/tuva/sodermanland/objektrapporter/E31-QVH.json
E35-400;Södermanland;Eskilstuna;6.43;Bete;2002-04-30;Mälsäter1;https://etjanst.sjv.se/tuvaut/?f=&id=E35-400;https://etjanst.sjv.se/hagenpub/rest/base/object/E35-400;docs/tuva/sodermanland/objektrapporter/E35-400.json
E38-ZQC;Södermanland;Nyköping;11.3;Bete;2002-07-19;;https://etjanst.sjv.se/tuvaut/?f=&id=E38-ZQC;https://etjanst.sjv.se/hagenpub/rest/base/object/E38-ZQC;docs/tuva/sodermanland/objektrapporter/E38-ZQC.json
E3A-EQW;Södermanland;Eskilstuna;3.75;Bete;2003-08-14;Österby1;https://etjanst.sjv.se/tuvaut/?f=&id=E3A-EQW;https://etjanst.sjv.se/hagenpub/rest/base/object/E3A-EQW;docs/tuva/sodermanland/objektrapporter/E3A-EQW.json
E3B-XXL;Södermanland;Eskilstuna;3.64;Bete;2003-08-26;Ryttersberg1;https://etjanst.sjv.se/tuvaut/?f=&id=E3B-XXL;https://etjanst.sjv.se/hagenpub/rest/base/object/E3B-XXL;docs/tuva/sodermanland/objektrapporter/E3B-XXL.json
E3F-DYN;Södermanland;Vingåker;0.43;Bete;2003-08-04;;https://etjanst.sjv.se/tuvaut/?f=&id=E3F-DYN;https://etjanst.sjv.se/hagenpub/rest/base/object/E3F-DYN;docs/tuva/sodermanland/objektrapporter/E3F-DYN.json
E3F-NSJ;Södermanland;Nyköping;0.66;Restaurerbar;2004-06-08;Spelvik 2;https://etjanst.sjv.se/tuvaut/?f=&id=E3F-NSJ;https://etjanst.sjv.se/hagenpub/rest/base/object/E3F-NSJ;docs/tuva/sodermanland/objektrapporter/E3F-NSJ.json
E44-IYH;Södermanland;Trosa;15.56;Bete;2004-06-17;Långmaren;https://etjanst.sjv.se/tuvaut/?f=&id=E44-IYH;https://etjanst.sjv.se/hagenpub/rest/base/object/E44-IYH;docs/tuva/sodermanland/objektrapporter/E44-IYH.json
E47-D80;Södermanland;Strängnäs;6.45;Bete;2002-07-02;Bergshammar2;https://etjanst.sjv.se/tuvaut/?f=&id=E47-D80;https://etjanst.sjv.se/hagenpub/rest/base/object/E47-D80;docs/tuva/sodermanland/objektrapporter/E47-D80.json
E48-KPG;Södermanland;Strängnäs;3.65;Restaurerbar;2002-08-09;Hässelbyholm5;https://etjanst.sjv.se/tuvaut/?f=&id=E48-KPG;https://etjanst.sjv.se/hagenpub/rest/base/object/E48-KPG;docs/tuva/sodermanland/objektrapporter/E48-KPG.json
E4D-XGE;Södermanland;Katrineholm;0.83;Ej aktuell;2004-08-31;dålbol 2;https://etjanst.sjv.se/tuvaut/?f=&id=E4D-XGE;https://etjanst.sjv.se/hagenpub/rest/base/object/E4D-XGE;docs/tuva/sodermanland/objektrapporter/E4D-XGE.json
E57-FZY;Södermanland;Nyköping;4.1;Äng;2018-07-11;Brandholmen 1;https://etjanst.sjv.se/tuvaut/?f=&id=E57-FZY;https://etjanst.sjv.se/hagenpub/rest/base/object/E57-FZY;docs/tuva/sodermanland/objektrapporter/E57-FZY.json
E57-TVC;Södermanland;Nyköping;2.48;Bete;2002-08-26;Åkra;https://etjanst.sjv.se/tuvaut/?f=&id=E57-TVC;https://etjanst.sjv.se/hagenpub/rest/base/object/E57-TVC;docs/tuva/sodermanland/objektrapporter/E57-TVC.json
E58-VHP;Södermanland;Nyköping;0.72;Bete;2003-06-10;Valla 2;https://etjanst.sjv.se/tuvaut/?f=&id=E58-VHP;https://etjanst.sjv.se/hagenpub/rest/base/object/E58-VHP;docs/tuva/sodermanland/objektrapporter/E58-VHP.json
E59-KGY;Södermanland;Katrineholm;1.96;Bete;2003-07-18;;https://etjanst.sjv.se/tuvaut/?f=&id=E59-KGY;https://etjanst.sjv.se/hagenpub/rest/base/object/E59-KGY;docs/tuva/sodermanland/objektrapporter/E59-KGY.json
E60-WRM;Södermanland;Nyköping;2.02;Bete;2004-08-17;Arnö;https://etjanst.sjv.se/tuvaut/?f=&id=E60-WRM;https://etjanst.sjv.se/hagenpub/rest/base/object/E60-WRM;docs/tuva/sodermanland/objektrapporter/E60-WRM.json
E61-LQH;Södermanland;Flen;1.36;Bete;2003-09-01;Grinda 2;https://etjanst.sjv.se/tuvaut/?f=&id=E61-LQH;https://etjanst.sjv.se/hagenpub/rest/base/object/E61-LQH;docs/tuva/sodermanland/objektrapporter/E61-LQH.json
E61-QYA;Södermanland;Gnesta;7.88;Bete;2004-08-04;Stjänvik 1;https://etjanst.sjv.se/tuvaut/?f=&id=E61-QYA;https://etjanst.sjv.se/hagenpub/rest/base/object/E61-QYA;docs/tuva/sodermanland/objektrapporter/E61-QYA.json
E64-IDY;Södermanland;Nyköping;2.53;Bete;2004-06-11;Prästebol;https://etjanst.sjv.se/tuvaut/?f=&id=E64-IDY;https://etjanst.sjv.se/hagenpub/rest/base/object/E64-IDY;docs/tuva/sodermanland/objektrapporter/E64-IDY.json
E65-GFC;Södermanland;Strängnäs;14.68;Bete;2003-06-25;Johannesnäs;https://etjanst.sjv.se/tuvaut/?f=&id=E65-GFC;https://etjanst.sjv.se/hagenpub/rest/base/object/E65-GFC;docs/tuva/sodermanland/objektrapporter/E65-GFC.json
E65-ZTM;Södermanland;Trosa;0.42;Bete;2004-05-17;Dalbyö 3;https://etjanst.sjv.se/tuvaut/?f=&id=E65-ZTM;https://etjanst.sjv.se/hagenpub/rest/base/object/E65-ZTM;docs/tuva/sodermanland/objektrapporter/E65-ZTM.json
E68-OJE;Södermanland;Nyköping;0.86;Bete;2004-05-10;akalby;https://etjanst.sjv.se/tuvaut/?f=&id=E68-OJE;https://etjanst.sjv.se/hagenpub/rest/base/object/E68-OJE;docs/tuva/sodermanland/objektrapporter/E68-OJE.json
E6A-FQD;Södermanland;Katrineholm;3.01;Bete;2004-05-18;fimta;https://etjanst.sjv.se/tuvaut/?f=&id=E6A-FQD;https://etjanst.sjv.se/hagenpub/rest/base/object/E6A-FQD;docs/tuva/sodermanland/objektrapporter/E6A-FQD.json
E6A-HTW;Södermanland;Strängnäs;1.02;Bete;2002-08-06;Norra Ekeby;https://etjanst.sjv.se/tuvaut/?f=&id=E6A-HTW;https://etjanst.sjv.se/hagenpub/rest/base/object/E6A-HTW;docs/tuva/sodermanland/objektrapporter/E6A-HTW.json
E6C-ALY;Södermanland;Nyköping;1.72;Bete;2019-05-13;Horn 3;https://etjanst.sjv.se/tuvaut/?f=&id=E6C-ALY;https://etjanst.sjv.se/hagenpub/rest/base/object/E6C-ALY;docs/tuva/sodermanland/objektrapporter/E6C-ALY.json
E6C-DNO;Södermanland;Gnesta;0.35;Restaurerbar;2003-09-29;Viby 3;https://etjanst.sjv.se/tuvaut/?f=&id=E6C-DNO;https://etjanst.sjv.se/hagenpub/rest/base/object/E6C-DNO;docs/tuva/sodermanland/objektrapporter/E6C-DNO.json
E6C-EZU;Södermanland;Nyköping;0.8;Bete;2004-08-24;Axmora 2;https://etjanst.sjv.se/tuvaut/?f=&id=E6C-EZU;https://etjanst.sjv.se/hagenpub/rest/base/object/E6C-EZU;docs/tuva/sodermanland/objektrapporter/E6C-EZU.json
E6C-FBF;Södermanland;Eskilstuna;0.43;Bete;2004-08-30;Öknatorp 3;https://etjanst.sjv.se/tuvaut/?f=&id=E6C-FBF;https://etjanst.sjv.se/hagenpub/rest/base/object/E6C-FBF;docs/tuva/sodermanland/objektrapporter/E6C-FBF.json
E6C-HDP;Södermanland;Flen;2.6;Bete;2003-09-15;Ekeby3;https://etjanst.sjv.se/tuvaut/?f=&id=E6C-HDP;https://etjanst.sjv.se/hagenpub/rest/base/object/E6C-HDP;docs/tuva/sodermanland/objektrapporter/E6C-HDP.json
E6D-PZA;Södermanland;Katrineholm;0.91;Bete;2003-06-05;Stora Hökhult 2;https://etjanst.sjv.se/tuvaut/?f=&id=E6D-PZA;https://etjanst.sjv.se/hagenpub/rest/base/object/E6D-PZA;docs/tuva/sodermanland/objektrapporter/E6D-PZA.json
E6E-AMU;Södermanland;Flen;0.32;Bete;2004-05-27;norrketorp 3;https://etjanst.sjv.se/tuvaut/?f=&id=E6E-AMU;https://etjanst.sjv.se/hagenpub/rest/base/object/E6E-AMU;docs/tuva/sodermanland/objektrapporter/E6E-AMU.json
E6E-NKF;Södermanland;Flen;1.12;Bete;2003-08-20;Mora gård 4;https://etjanst.sjv.se/tuvaut/?f=&id=E6E-NKF;https://etjanst.sjv.se/hagenpub/rest/base/object/E6E-NKF;docs/tuva/sodermanland/objektrapporter/E6E-NKF.json
E6F-IDY;Södermanland;Eskilstuna;4.38;Bete;2004-08-17;Säby;https://etjanst.sjv.se/tuvaut/?f=&id=E6F-IDY;https://etjanst.sjv.se/hagenpub/rest/base/object/E6F-IDY;docs/tuva/sodermanland/objektrapporter/E6F-IDY.json
E70-B00;Södermanland;Katrineholm;2.99;Bete;2002-04-23;Kvarn;https://etjanst.sjv.se/tuvaut/?f=&id=E70-B00;https://etjanst.sjv.se/hagenpub/rest/base/object/E70-B00;docs/tuva/sodermanland/objektrapporter/E70-B00.json
E70-CHZ;Södermanland;Katrineholm;0.69;Bete;2002-07-09;Kårtorp 2;https://etjanst.sjv.se/tuvaut/?f=&id=E70-CHZ;https://etjanst.sjv.se/hagenpub/rest/base/object/E70-CHZ;docs/tuva/sodermanland/objektrapporter/E70-CHZ.json
E70-HWX;Södermanland;Gnesta;8.03;Bete;2003-09-10;Bondekeby 2;https://etjanst.sjv.se/tuvaut/?f=&id=E70-HWX;https://etjanst.sjv.se/hagenpub/rest/base/object/E70-HWX;docs/tuva/sodermanland/objektrapporter/E70-HWX.json
E70-PAH;Södermanland;Strängnäs;1.85;Restaurerbar;2002-12-19;Nällsta1;https://etjanst.sjv.se/tuvaut/?f=&id=E70-PAH;https://etjanst.sjv.se/hagenpub/rest/base/object/E70-PAH;docs/tuva/sodermanland/objektrapporter/E70-PAH.json
E71-FEP;Södermanland;Gnesta;6.7;Bete;2019-07-04;Ekeskulla 1;https://etjanst.sjv.se/tuvaut/?f=&id=E71-FEP;https://etjanst.sjv.se/hagenpub/rest/base/object/E71-FEP;docs/tuva/sodermanland/objektrapporter/E71-FEP.json
E72-LKV;Södermanland;Nyköping;1.96;Bete;2002-07-14;Bäckstugan;https://etjanst.sjv.se/tuvaut/?f=&id=E72-LKV;https://etjanst.sjv.se/hagenpub/rest/base/object/E72-LKV;docs/tuva/sodermanland/objektrapporter/E72-LKV.json
E72-XLC;Södermanland;Flen;4.07;Bete;2004-08-02;Vibyholm 1;https://etjanst.sjv.se/tuvaut/?f=&id=E72-XLC;https://etjanst.sjv.se/hagenpub/rest/base/object/E72-XLC;docs/tuva/sodermanland/objektrapporter/E72-XLC.json
E73-YVQ;Södermanland;Flen;5.03;Bete;2004-07-12;Norrgården 2;https://etjanst.sjv.se/tuvaut/?f=&id=E73-YVQ;https://etjanst.sjv.se/hagenpub/rest/base/object/E73-YVQ;docs/tuva/sodermanland/objektrapporter/E73-YVQ.json
E74-SXO;Södermanland;Flen;2.3;Bete;2004-05-19;drättäng 2;https://etjanst.sjv.se/tuvaut/?f=&id=E74-SXO;https://etjanst.sjv.se/hagenpub/rest/base/object/E74-SXO;docs/tuva/sodermanland/objektrapporter/E74-SXO.json
E75-WNV;Södermanland;Nyköping;4.47;Bete;2004-05-10;täckberga;https://etjanst.sjv.se/tuvaut/?f=&id=E75-WNV;https://etjanst.sjv.se/hagenpub/rest/base/object/E75-WNV;docs/tuva/sodermanland/objektrapporter/E75-WNV.json
E76-NSV;Södermanland;Gnesta;1.79;Ej aktuell;2004-06-04;Slaggärdet;https://etjanst.sjv.se/tuvaut/?f=&id=E76-NSV;https://etjanst.sjv.se/hagenpub/rest/base/object/E76-NSV;docs/tuva/sodermanland/objektrapporter/E76-NSV.json
E77-STS;Södermanland;Nyköping;4.63;Bete;2004-08-09;Sävö 6;https://etjanst.sjv.se/tuvaut/?f=&id=E77-STS;https://etjanst.sjv.se/hagenpub/rest/base/object/E77-STS;docs/tuva/sodermanland/objektrapporter/E77-STS.json
E78-NUT;Södermanland;Nyköping;3.79;Bete;2003-06-26;Sättra 3;https://etjanst.sjv.se/tuvaut/?f=&id=E78-NUT;https://etjanst.sjv.se/hagenpub/rest/base/object/E78-NUT;docs/tuva/sodermanland/objektrapporter/E78-NUT.json
E7B-JRA;Södermanland;Katrineholm;2.31;Bete;2004-08-25;tjugesta 1;https://etjanst.sjv.se/tuvaut/?f=&id=E7B-JRA;https://etjanst.sjv.se/hagenpub/rest/base/object/E7B-JRA;docs/tuva/sodermanland/objektrapporter/E7B-JRA.json
E7C-GZS;Södermanland;Katrineholm;1.65;Bete;2002-07-06;Lindkulla;https://etjanst.sjv.se/tuvaut/?f=&id=E7C-GZS;https://etjanst.sjv.se/hagenpub/rest/base/object/E7C-GZS;docs/tuva/sodermanland/objektrapporter/E7C-GZS.json
E7D-IOI;Södermanland;Eskilstuna;0.81;Bete;2003-08-20;Vidökna1;https://etjanst.sjv.se/tuvaut/?f=&id=E7D-IOI;https://etjanst.sjv.se/hagenpub/rest/base/object/E7D-IOI;docs/tuva/sodermanland/objektrapporter/E7D-IOI.json
E7E-NLF;Södermanland;Flen;11.32;Bete;2003-09-01;Sundby;https://etjanst.sjv.se/tuvaut/?f=&id=E7E-NLF;https://etjanst.sjv.se/hagenpub/rest/base/object/E7E-NLF;docs/tuva/sodermanland/objektrapporter/E7E-NLF.json
E7F-BIW;Södermanland;Trosa;3.41;Bete;2004-08-11;Borsön 5;https://etjanst.sjv.se/tuvaut/?f=&id=E7F-BIW;https://etjanst.sjv.se/hagenpub/rest/base/object/E7F-BIW;docs/tuva/sodermanland/objektrapporter/E7F-BIW.json
E7F-NKO;Södermanland;Vingåker;0.71;Bete;2003-08-14;;https://etjanst.sjv.se/tuvaut/?f=&id=E7F-NKO;https://etjanst.sjv.se/hagenpub/rest/base/object/E7F-NKO;docs/tuva/sodermanland/objektrapporter/E7F-NKO.json
E7F-OEN;Södermanland;Flen;7.19;Bete;2004-05-19;lena 3;https://etjanst.sjv.se/tuvaut/?f=&id=E7F-OEN;https://etjanst.sjv.se/hagenpub/rest/base/object/E7F-OEN;docs/tuva/sodermanland/objektrapporter/E7F-OEN.json
E80-LWX;Södermanland;Flen;1.62;Bete;2004-07-28;Sörby 1;https://etjanst.sjv.se/tuvaut/?f=&id=E80-LWX;https://etjanst.sjv.se/hagenpub/rest/base/object/E80-LWX;docs/tuva/sodermanland/objektrapporter/E80-LWX.json
E80-WVG;Södermanland;Katrineholm;4.41;Restaurerbar;2003-07-09;Kvillan 1;https://etjanst.sjv.se/tuvaut/?f=&id=E80-WVG;https://etjanst.sjv.se/hagenpub/rest/base/object/E80-WVG;docs/tuva/sodermanland/objektrapporter/E80-WVG.json
E82-XNR;Södermanland;Eskilstuna;8.4;Bete;2003-06-27;Berga-Lista2;https://etjanst.sjv.se/tuvaut/?f=&id=E82-XNR;https://etjanst.sjv.se/hagenpub/rest/base/object/E82-XNR;docs/tuva/sodermanland/objektrapporter/E82-XNR.json
E83-GEY;Södermanland;Katrineholm;1.49;Bete;2003-07-04;Getebotorp;https://etjanst.sjv.se/tuvaut/?f=&id=E83-GEY;https://etjanst.sjv.se/hagenpub/rest/base/object/E83-GEY;docs/tuva/sodermanland/objektrapporter/E83-GEY.json
E83-NDP;Södermanland;Strängnäs;3.01;Restaurerbar;2003-07-09;Edeby säteri3;https://etjanst.sjv.se/tuvaut/?f=&id=E83-NDP;https://etjanst.sjv.se/hagenpub/rest/base/object/E83-NDP;docs/tuva/sodermanland/objektrapporter/E83-NDP.json
E83-XJM;Södermanland;Flen;22.93;Bete;2004-07-28;Frändesta ?;https://etjanst.sjv.se/tuvaut/?f=&id=E83-XJM;https://etjanst.sjv.se/hagenpub/rest/base/object/E83-XJM;docs/tuva/sodermanland/objektrapporter/E83-XJM.json
E84-DEA;Södermanland;Flen;3.52;Bete;2004-08-12;flenmo 1:2, 4;https://etjanst.sjv.se/tuvaut/?f=&id=E84-DEA;https://etjanst.sjv.se/hagenpub/rest/base/object/E84-DEA;docs/tuva/sodermanland/objektrapporter/E84-DEA.json
E84-NHF;Södermanland;Nyköping;1.22;Bete;2004-09-02;Hartsön ;https://etjanst.sjv.se/tuvaut/?f=&id=E84-NHF;https://etjanst.sjv.se/hagenpub/rest/base/object/E84-NHF;docs/tuva/sodermanland/objektrapporter/E84-NHF.json
E84-WUR;Södermanland;Eskilstuna;1.35;Bete;2023-06-29;;https://etjanst.sjv.se/tuvaut/?f=&id=E84-WUR;https://etjanst.sjv.se/hagenpub/rest/base/object/E84-WUR;docs/tuva/sodermanland/objektrapporter/E84-WUR.json
E86-F00;Södermanland;Gnesta;3.75;Bete;2002-05-13;Dalsjö 1;https://etjanst.sjv.se/tuvaut/?f=&id=E86-F00;https://etjanst.sjv.se/hagenpub/rest/base/object/E86-F00;docs/tuva/sodermanland/objektrapporter/E86-F00.json
E88-NBS;Södermanland;Eskilstuna;4.51;Bete;2003-08-20;Vidökna3;https://etjanst.sjv.se/tuvaut/?f=&id=E88-NBS;https://etjanst.sjv.se/hagenpub/rest/base/object/E88-NBS;docs/tuva/sodermanland/objektrapporter/E88-NBS.json
E88-SHI;Södermanland;Katrineholm;3.63;Bete;2003-07-16;Djupvik 1;https://etjanst.sjv.se/tuvaut/?f=&id=E88-SHI;https://etjanst.sjv.se/hagenpub/rest/base/object/E88-SHI;docs/tuva/sodermanland/objektrapporter/E88-SHI.json
E89-HJW;Södermanland;Nyköping;1.0;Bete;2004-06-08;Åsund 2;https://etjanst.sjv.se/tuvaut/?f=&id=E89-HJW;https://etjanst.sjv.se/hagenpub/rest/base/object/E89-HJW;docs/tuva/sodermanland/objektrapporter/E89-HJW.json
E89-NAN;Södermanland;Flen;0.35;Bete;2003-09-16;Mälby;https://etjanst.sjv.se/tuvaut/?f=&id=E89-NAN;https://etjanst.sjv.se/hagenpub/rest/base/object/E89-NAN;docs/tuva/sodermanland/objektrapporter/E89-NAN.json
E8A-CHE;Södermanland;Eskilstuna;0.1;Bete;2002-08-12;Stora Tidö2;https://etjanst.sjv.se/tuvaut/?f=&id=E8A-CHE;https://etjanst.sjv.se/hagenpub/rest/base/object/E8A-CHE;docs/tuva/sodermanland/objektrapporter/E8A-CHE.json
E8B-880;Södermanland;Strängnäs;3.94;Restaurerbar;2002-06-03;Krågesta3;https://etjanst.sjv.se/tuvaut/?f=&id=E8B-880;https://etjanst.sjv.se/hagenpub/rest/base/object/E8B-880;docs/tuva/sodermanland/objektrapporter/E8B-880.json
E8D-SAJ;Södermanland;Katrineholm;4.53;Äng;2004-05-11;östra vegred 2;https://etjanst.sjv.se/tuvaut/?f=&id=E8D-SAJ;https://etjanst.sjv.se/hagenpub/rest/base/object/E8D-SAJ;docs/tuva/sodermanland/objektrapporter/E8D-SAJ.json
E8E-XEU;Södermanland;Katrineholm;1.66;Bete;2004-07-01;v grysta;https://etjanst.sjv.se/tuvaut/?f=&id=E8E-XEU;https://etjanst.sjv.se/hagenpub/rest/base/object/E8E-XEU;docs/tuva/sodermanland/objektrapporter/E8E-XEU.json
E8F-ATV;Södermanland;Trosa;3.24;Bete;2023-08-14;Åby;https://etjanst.sjv.se/tuvaut/?f=&id=E8F-ATV;https://etjanst.sjv.se/hagenpub/rest/base/object/E8F-ATV;docs/tuva/sodermanland/objektrapporter/E8F-ATV.json
E8F-XVP;Södermanland;Flen;1.18;Äng;2026-06-17;veckla 1;https://etjanst.sjv.se/tuvaut/?f=&id=E8F-XVP;https://etjanst.sjv.se/hagenpub/rest/base/object/E8F-XVP;docs/tuva/sodermanland/objektrapporter/E8F-XVP.json
E90-JSZ;Södermanland;Katrineholm;2.74;Bete;2004-07-15;ökna by;https://etjanst.sjv.se/tuvaut/?f=&id=E90-JSZ;https://etjanst.sjv.se/hagenpub/rest/base/object/E90-JSZ;docs/tuva/sodermanland/objektrapporter/E90-JSZ.json
E91-580;Södermanland;Strängnäs;0.84;Bete;2002-06-25;Boda2;https://etjanst.sjv.se/tuvaut/?f=&id=E91-580;https://etjanst.sjv.se/hagenpub/rest/base/object/E91-580;docs/tuva/sodermanland/objektrapporter/E91-580.json
E91-CFQ;Södermanland;Flen;0.29;Bete;2003-09-23;Röl4;https://etjanst.sjv.se/tuvaut/?f=&id=E91-CFQ;https://etjanst.sjv.se/hagenpub/rest/base/object/E91-CFQ;docs/tuva/sodermanland/objektrapporter/E91-CFQ.json
E91-SDK;Södermanland;Strängnäs;8.72;Bete;2002-07-05;Näsbyholm;https://etjanst.sjv.se/tuvaut/?f=&id=E91-SDK;https://etjanst.sjv.se/hagenpub/rest/base/object/E91-SDK;docs/tuva/sodermanland/objektrapporter/E91-SDK.json
E93-YMD;Södermanland;Nyköping;9.06;Restaurerbar;2002-09-17;Torsberga;https://etjanst.sjv.se/tuvaut/?f=&id=E93-YMD;https://etjanst.sjv.se/hagenpub/rest/base/object/E93-YMD;docs/tuva/sodermanland/objektrapporter/E93-YMD.json
E95-YNV;Södermanland;Flen;7.53;Bete;2004-07-07;Valsund 1;https://etjanst.sjv.se/tuvaut/?f=&id=E95-YNV;https://etjanst.sjv.se/hagenpub/rest/base/object/E95-YNV;docs/tuva/sodermanland/objektrapporter/E95-YNV.json
E96-UYT;Södermanland;Vingåker;4.31;Bete;2003-08-07;;https://etjanst.sjv.se/tuvaut/?f=&id=E96-UYT;https://etjanst.sjv.se/hagenpub/rest/base/object/E96-UYT;docs/tuva/sodermanland/objektrapporter/E96-UYT.json
E96-WVY;Södermanland;Eskilstuna;0.25;Ej aktuell;2003-12-30;Klinten;https://etjanst.sjv.se/tuvaut/?f=&id=E96-WVY;https://etjanst.sjv.se/hagenpub/rest/base/object/E96-WVY;docs/tuva/sodermanland/objektrapporter/E96-WVY.json
E98-VUX;Södermanland;Eskilstuna;0.13;Bete;2004-08-30;Öknatorp 2;https://etjanst.sjv.se/tuvaut/?f=&id=E98-VUX;https://etjanst.sjv.se/hagenpub/rest/base/object/E98-VUX;docs/tuva/sodermanland/objektrapporter/E98-VUX.json
E9A-QWY;Södermanland;Eskilstuna;0.85;Bete;2003-05-30;Ribbingelund-Hummelkärr4;https://etjanst.sjv.se/tuvaut/?f=&id=E9A-QWY;https://etjanst.sjv.se/hagenpub/rest/base/object/E9A-QWY;docs/tuva/sodermanland/objektrapporter/E9A-QWY.json
E9C-FVH;Södermanland;Gnesta;0.55;Bete;2004-08-05;Jordanstorp 2;https://etjanst.sjv.se/tuvaut/?f=&id=E9C-FVH;https://etjanst.sjv.se/hagenpub/rest/base/object/E9C-FVH;docs/tuva/sodermanland/objektrapporter/E9C-FVH.json
E9C-XIP;Södermanland;Nyköping;0.13;Bete;2003-05-27;Stockbäcken 2;https://etjanst.sjv.se/tuvaut/?f=&id=E9C-XIP;https://etjanst.sjv.se/hagenpub/rest/base/object/E9C-XIP;docs/tuva/sodermanland/objektrapporter/E9C-XIP.json
E9D-PGP;Södermanland;Katrineholm;9.18;Bete;2003-07-01;Bäck;https://etjanst.sjv.se/tuvaut/?f=&id=E9D-PGP;https://etjanst.sjv.se/hagenpub/rest/base/object/E9D-PGP;docs/tuva/sodermanland/objektrapporter/E9D-PGP.json
E9E-QBC;Södermanland;Gnesta;2.51;Bete;2004-06-10;Klockarebol;https://etjanst.sjv.se/tuvaut/?f=&id=E9E-QBC;https://etjanst.sjv.se/hagenpub/rest/base/object/E9E-QBC;docs/tuva/sodermanland/objektrapporter/E9E-QBC.json
E9E-YIF;Södermanland;Vingåker;1.41;Bete;2003-08-14;Klockarbol 1;https://etjanst.sjv.se/tuvaut/?f=&id=E9E-YIF;https://etjanst.sjv.se/hagenpub/rest/base/object/E9E-YIF;docs/tuva/sodermanland/objektrapporter/E9E-YIF.json
EA1-RTU;Södermanland;Gnesta;2.8;Bete;2003-08-12;Hultängen;https://etjanst.sjv.se/tuvaut/?f=&id=EA1-RTU;https://etjanst.sjv.se/hagenpub/rest/base/object/EA1-RTU;docs/tuva/sodermanland/objektrapporter/EA1-RTU.json
EA1-VRV;Södermanland;Nyköping;1.94;Bete;2002-08-11;Broby;https://etjanst.sjv.se/tuvaut/?f=&id=EA1-VRV;https://etjanst.sjv.se/hagenpub/rest/base/object/EA1-VRV;docs/tuva/sodermanland/objektrapporter/EA1-VRV.json
EA2-COL;Södermanland;Nyköping;6.72;Äng;2026-06-11;Sjösa;https://etjanst.sjv.se/tuvaut/?f=&id=EA2-COL;https://etjanst.sjv.se/hagenpub/rest/base/object/EA2-COL;docs/tuva/sodermanland/objektrapporter/EA2-COL.json
EA2-JTQ;Södermanland;Nyköping;1.28;Bete;2004-08-25;Segnesta 1;https://etjanst.sjv.se/tuvaut/?f=&id=EA2-JTQ;https://etjanst.sjv.se/hagenpub/rest/base/object/EA2-JTQ;docs/tuva/sodermanland/objektrapporter/EA2-JTQ.json
EA7-FFT;Södermanland;Nyköping;0.56;Bete;2002-07-18;Gummersta;https://etjanst.sjv.se/tuvaut/?f=&id=EA7-FFT;https://etjanst.sjv.se/hagenpub/rest/base/object/EA7-FFT;docs/tuva/sodermanland/objektrapporter/EA7-FFT.json
EA7-WXC;Södermanland;Nyköping;5.23;Bete;2004-06-05;Västra Malma 2;https://etjanst.sjv.se/tuvaut/?f=&id=EA7-WXC;https://etjanst.sjv.se/hagenpub/rest/base/object/EA7-WXC;docs/tuva/sodermanland/objektrapporter/EA7-WXC.json
EA7-YAH;Södermanland;Nyköping;15.36;Restaurerbar;2002-07-10;BrännEkeby;https://etjanst.sjv.se/tuvaut/?f=&id=EA7-YAH;https://etjanst.sjv.se/hagenpub/rest/base/object/EA7-YAH;docs/tuva/sodermanland/objektrapporter/EA7-YAH.json
EA8-CMH;Södermanland;Gnesta;1.0;Bete;2004-07-02;Ekeby 2;https://etjanst.sjv.se/tuvaut/?f=&id=EA8-CMH;https://etjanst.sjv.se/hagenpub/rest/base/object/EA8-CMH;docs/tuva/sodermanland/objektrapporter/EA8-CMH.json
EA8-D80;Södermanland;Strängnäs;1.2;Bete;2002-06-25;Svedäng;https://etjanst.sjv.se/tuvaut/?f=&id=EA8-D80;https://etjanst.sjv.se/hagenpub/rest/base/object/EA8-D80;docs/tuva/sodermanland/objektrapporter/EA8-D80.json
EA9-XAH;Södermanland;Vingåker;2.71;Bete;2003-08-05;;https://etjanst.sjv.se/tuvaut/?f=&id=EA9-XAH;https://etjanst.sjv.se/hagenpub/rest/base/object/EA9-XAH;docs/tuva/sodermanland/objektrapporter/EA9-XAH.json
EAC-VMT;Södermanland;Vingåker;1.14;Bete;2003-09-04;;https://etjanst.sjv.se/tuvaut/?f=&id=EAC-VMT;https://etjanst.sjv.se/hagenpub/rest/base/object/EAC-VMT;docs/tuva/sodermanland/objektrapporter/EAC-VMT.json
EAF-280;Södermanland;Nyköping;1.49;Restaurerbar;2002-06-26;Gärdesta;https://etjanst.sjv.se/tuvaut/?f=&id=EAF-280;https://etjanst.sjv.se/hagenpub/rest/base/object/EAF-280;docs/tuva/sodermanland/objektrapporter/EAF-280.json
EAH-TBV;Södermanland;Katrineholm;5.69;Bete;2023-07-11;Lagmansö;https://etjanst.sjv.se/tuvaut/?f=&id=EAH-TBV;https://etjanst.sjv.se/hagenpub/rest/base/object/EAH-TBV;docs/tuva/sodermanland/objektrapporter/EAH-TBV.json
EB0-980;Södermanland;Nyköping;2.05;Restaurerbar;2002-07-04;Måstena, Lervik;https://etjanst.sjv.se/tuvaut/?f=&id=EB0-980;https://etjanst.sjv.se/hagenpub/rest/base/object/EB0-980;docs/tuva/sodermanland/objektrapporter/EB0-980.json
EB0-NPW;Södermanland;Gnesta;1.23;Bete;2004-06-22;Lilltorp 1;https://etjanst.sjv.se/tuvaut/?f=&id=EB0-NPW;https://etjanst.sjv.se/hagenpub/rest/base/object/EB0-NPW;docs/tuva/sodermanland/objektrapporter/EB0-NPW.json
EB1-NXN;Södermanland;Flen;4.9;Bete;2003-07-25;Lundby 1;https://etjanst.sjv.se/tuvaut/?f=&id=EB1-NXN;https://etjanst.sjv.se/hagenpub/rest/base/object/EB1-NXN;docs/tuva/sodermanland/objektrapporter/EB1-NXN.json
EB3-DMK;Södermanland;Katrineholm;1.99;Bete;2004-07-02;Ö grysta;https://etjanst.sjv.se/tuvaut/?f=&id=EB3-DMK;https://etjanst.sjv.se/hagenpub/rest/base/object/EB3-DMK;docs/tuva/sodermanland/objektrapporter/EB3-DMK.json
EB3-TJV;Södermanland;Gnesta;0.97;Bete;2004-06-22;Lilltorp 1;https://etjanst.sjv.se/tuvaut/?f=&id=EB3-TJV;https://etjanst.sjv.se/hagenpub/rest/base/object/EB3-TJV;docs/tuva/sodermanland/objektrapporter/EB3-TJV.json
EB4-PVX;Södermanland;Nyköping;2.95;Bete;2004-06-08;Kallmyra 1;https://etjanst.sjv.se/tuvaut/?f=&id=EB4-PVX;https://etjanst.sjv.se/hagenpub/rest/base/object/EB4-PVX;docs/tuva/sodermanland/objektrapporter/EB4-PVX.json
EB5-BUW;Södermanland;Nyköping;18.4;Bete;2018-06-12;Ånga 1;https://etjanst.sjv.se/tuvaut/?f=&id=EB5-BUW;https://etjanst.sjv.se/hagenpub/rest/base/object/EB5-BUW;docs/tuva/sodermanland/objektrapporter/EB5-BUW.json
EB5-QYA;Södermanland;Trosa;0.85;Äng;2026-07-09;Askö;https://etjanst.sjv.se/tuvaut/?f=&id=EB5-QYA;https://etjanst.sjv.se/hagenpub/rest/base/object/EB5-QYA;docs/tuva/sodermanland/objektrapporter/EB5-QYA.json
EB6-TEI;Södermanland;Katrineholm;0.6;Bete;2003-07-17;;https://etjanst.sjv.se/tuvaut/?f=&id=EB6-TEI;https://etjanst.sjv.se/hagenpub/rest/base/object/EB6-TEI;docs/tuva/sodermanland/objektrapporter/EB6-TEI.json
EB8-GFH;Södermanland;Katrineholm;1.05;Bete;2004-05-12;västra vegred 1;https://etjanst.sjv.se/tuvaut/?f=&id=EB8-GFH;https://etjanst.sjv.se/hagenpub/rest/base/object/EB8-GFH;docs/tuva/sodermanland/objektrapporter/EB8-GFH.json
EB8-XIJ;Södermanland;Flen;0.25;Bete;2003-09-29;Bjursätter 3;https://etjanst.sjv.se/tuvaut/?f=&id=EB8-XIJ;https://etjanst.sjv.se/hagenpub/rest/base/object/EB8-XIJ;docs/tuva/sodermanland/objektrapporter/EB8-XIJ.json
EB9-LID;Södermanland;Katrineholm;6.36;Bete;2003-06-05;Nygård;https://etjanst.sjv.se/tuvaut/?f=&id=EB9-LID;https://etjanst.sjv.se/hagenpub/rest/base/object/EB9-LID;docs/tuva/sodermanland/objektrapporter/EB9-LID.json
EB9-PWK;Södermanland;Katrineholm;1.02;Bete;2004-09-01;berga 3;https://etjanst.sjv.se/tuvaut/?f=&id=EB9-PWK;https://etjanst.sjv.se/hagenpub/rest/base/object/EB9-PWK;docs/tuva/sodermanland/objektrapporter/EB9-PWK.json
EB9-QRT;Södermanland;Nyköping;1.76;Bete;2004-09-09;Utterö;https://etjanst.sjv.se/tuvaut/?f=&id=EB9-QRT;https://etjanst.sjv.se/hagenpub/rest/base/object/EB9-QRT;docs/tuva/sodermanland/objektrapporter/EB9-QRT.json
EBA-NJE;Södermanland;Flen;0.42;Bete;2004-07-26;Hall 3;https://etjanst.sjv.se/tuvaut/?f=&id=EBA-NJE;https://etjanst.sjv.se/hagenpub/rest/base/object/EBA-NJE;docs/tuva/sodermanland/objektrapporter/EBA-NJE.json
EBB-000;Södermanland;Nyköping;3.08;Bete;2002-07-03;Överbo;https://etjanst.sjv.se/tuvaut/?f=&id=EBB-000;https://etjanst.sjv.se/hagenpub/rest/base/object/EBB-000;docs/tuva/sodermanland/objektrapporter/EBB-000.json
EBB-F00;Södermanland;Katrineholm;6.03;Bete;2002-06-11;Löppsjötorp 4;https://etjanst.sjv.se/tuvaut/?f=&id=EBB-F00;https://etjanst.sjv.se/hagenpub/rest/base/object/EBB-F00;docs/tuva/sodermanland/objektrapporter/EBB-F00.json
EBB-FPR;Södermanland;Flen;18.85;Bete;2004-08-04;stenhammar 2;https://etjanst.sjv.se/tuvaut/?f=&id=EBB-FPR;https://etjanst.sjv.se/hagenpub/rest/base/object/EBB-FPR;docs/tuva/sodermanland/objektrapporter/EBB-FPR.json
EBD-NYE;Södermanland;Flen;4.78;Bete;2004-07-26;Gäversnäs 1;https://etjanst.sjv.se/tuvaut/?f=&id=EBD-NYE;https://etjanst.sjv.se/hagenpub/rest/base/object/EBD-NYE;docs/tuva/sodermanland/objektrapporter/EBD-NYE.json
EBF-CVX;Södermanland;Eskilstuna;1.14;Restaurerbar;2004-09-01;Björstorp;https://etjanst.sjv.se/tuvaut/?f=&id=EBF-CVX;https://etjanst.sjv.se/hagenpub/rest/base/object/EBF-CVX;docs/tuva/sodermanland/objektrapporter/EBF-CVX.json
EC0-SAK;Södermanland;Gnesta;1.28;Ej aktuell;2003-09-29;Viby 6;https://etjanst.sjv.se/tuvaut/?f=&id=EC0-SAK;https://etjanst.sjv.se/hagenpub/rest/base/object/EC0-SAK;docs/tuva/sodermanland/objektrapporter/EC0-SAK.json
EC1-PIK;Södermanland;Katrineholm;6.1;Bete;2004-07-02;simonstorp 1;https://etjanst.sjv.se/tuvaut/?f=&id=EC1-PIK;https://etjanst.sjv.se/hagenpub/rest/base/object/EC1-PIK;docs/tuva/sodermanland/objektrapporter/EC1-PIK.json
EC3-F00;Södermanland;Nyköping;0.86;Restaurerbar;2002-07-01;Löfhagen;https://etjanst.sjv.se/tuvaut/?f=&id=EC3-F00;https://etjanst.sjv.se/hagenpub/rest/base/object/EC3-F00;docs/tuva/sodermanland/objektrapporter/EC3-F00.json
EC4-BPA;Södermanland;Eskilstuna;0.44;Bete;2003-08-01;Tummelsta2;https://etjanst.sjv.se/tuvaut/?f=&id=EC4-BPA;https://etjanst.sjv.se/hagenpub/rest/base/object/EC4-BPA;docs/tuva/sodermanland/objektrapporter/EC4-BPA.json
EC4-XNZ;Södermanland;Flen;1.78;Bete;2004-08-09;ölmstorp 2;https://etjanst.sjv.se/tuvaut/?f=&id=EC4-XNZ;https://etjanst.sjv.se/hagenpub/rest/base/object/EC4-XNZ;docs/tuva/sodermanland/objektrapporter/EC4-XNZ.json
EC5-ONK;Södermanland;Katrineholm;0.82;Bete;2004-05-11;dagöholm 3;https://etjanst.sjv.se/tuvaut/?f=&id=EC5-ONK;https://etjanst.sjv.se/hagenpub/rest/base/object/EC5-ONK;docs/tuva/sodermanland/objektrapporter/EC5-ONK.json
EC6-TAF;Södermanland;Katrineholm;0.37;Äng;2004-07-01;valdemarsön 1;https://etjanst.sjv.se/tuvaut/?f=&id=EC6-TAF;https://etjanst.sjv.se/hagenpub/rest/base/object/EC6-TAF;docs/tuva/sodermanland/objektrapporter/EC6-TAF.json
EC7-QZX;Södermanland;Strängnäs;0.92;Bete;2002-08-01;Mällby;https://etjanst.sjv.se/tuvaut/?f=&id=EC7-QZX;https://etjanst.sjv.se/hagenpub/rest/base/object/EC7-QZX;docs/tuva/sodermanland/objektrapporter/EC7-QZX.json
EC8-PWV;Södermanland;Eskilstuna;3.02;Bete;2003-07-31;Hagby1;https://etjanst.sjv.se/tuvaut/?f=&id=EC8-PWV;https://etjanst.sjv.se/hagenpub/rest/base/object/EC8-PWV;docs/tuva/sodermanland/objektrapporter/EC8-PWV.json
EC9-480D;Södermanland;Katrineholm;8.09;Bete;2002-06-07;Jakobsberg 1;https://etjanst.sjv.se/tuvaut/?f=&id=EC9-480D;https://etjanst.sjv.se/hagenpub/rest/base/object/EC9-480D;docs/tuva/sodermanland/objektrapporter/EC9-480D.json
EC9-TYV;Södermanland;Eskilstuna;1.88;Bete;2003-08-15;Hedensö6;https://etjanst.sjv.se/tuvaut/?f=&id=EC9-TYV;https://etjanst.sjv.se/hagenpub/rest/base/object/EC9-TYV;docs/tuva/sodermanland/objektrapporter/EC9-TYV.json
EC9-UDJ;Södermanland;Flen;0.94;Bete;2004-06-29;Slaggärdet 1;https://etjanst.sjv.se/tuvaut/?f=&id=EC9-UDJ;https://etjanst.sjv.se/hagenpub/rest/base/object/EC9-UDJ;docs/tuva/sodermanland/objektrapporter/EC9-UDJ.json
EC9-YNC;Södermanland;Strängnäs;0.15;Bete;2004-08-25;Nursa 2;https://etjanst.sjv.se/tuvaut/?f=&id=EC9-YNC;https://etjanst.sjv.se/hagenpub/rest/base/object/EC9-YNC;docs/tuva/sodermanland/objektrapporter/EC9-YNC.json
ECA-BSN;Södermanland;Vingåker;1.49;Bete;2004-09-09;nederhult;https://etjanst.sjv.se/tuvaut/?f=&id=ECA-BSN;https://etjanst.sjv.se/hagenpub/rest/base/object/ECA-BSN;docs/tuva/sodermanland/objektrapporter/ECA-BSN.json
ECF-JFR;Södermanland;Flen;3.48;Bete;2004-06-03;Sörby 3;https://etjanst.sjv.se/tuvaut/?f=&id=ECF-JFR;https://etjanst.sjv.se/hagenpub/rest/base/object/ECF-JFR;docs/tuva/sodermanland/objektrapporter/ECF-JFR.json
ED1-780;Södermanland;Nyköping;34.73;Bete;2002-06-27;Ekeslöt;https://etjanst.sjv.se/tuvaut/?f=&id=ED1-780;https://etjanst.sjv.se/hagenpub/rest/base/object/ED1-780;docs/tuva/sodermanland/objektrapporter/ED1-780.json
ED1-GOW;Södermanland;Flen;0.74;Bete;2004-09-08;fågelsundstorp 2;https://etjanst.sjv.se/tuvaut/?f=&id=ED1-GOW;https://etjanst.sjv.se/hagenpub/rest/base/object/ED1-GOW;docs/tuva/sodermanland/objektrapporter/ED1-GOW.json
ED2-RPM;Södermanland;Eskilstuna;2.35;Bete;2003-05-30;Ribbingelund-Hummelkärr1;https://etjanst.sjv.se/tuvaut/?f=&id=ED2-RPM;https://etjanst.sjv.se/hagenpub/rest/base/object/ED2-RPM;docs/tuva/sodermanland/objektrapporter/ED2-RPM.json
ED5-400;Södermanland;Trosa;21.13;Bete;2002-05-08;;https://etjanst.sjv.se/tuvaut/?f=&id=ED5-400;https://etjanst.sjv.se/hagenpub/rest/base/object/ED5-400;docs/tuva/sodermanland/objektrapporter/ED5-400.json
ED5-500;Södermanland;Trosa;0.75;Restaurerbar;2002-05-04;;https://etjanst.sjv.se/tuvaut/?f=&id=ED5-500;https://etjanst.sjv.se/hagenpub/rest/base/object/ED5-500;docs/tuva/sodermanland/objektrapporter/ED5-500.json
ED5-FAV;Södermanland;Flen;5.47;Bete;2003-08-15;Ekensholm 1;https://etjanst.sjv.se/tuvaut/?f=&id=ED5-FAV;https://etjanst.sjv.se/hagenpub/rest/base/object/ED5-FAV;docs/tuva/sodermanland/objektrapporter/ED5-FAV.json
ED9-ZQX;Södermanland;Eskilstuna;1.77;Bete;2003-06-16;Stavtorp4;https://etjanst.sjv.se/tuvaut/?f=&id=ED9-ZQX;https://etjanst.sjv.se/hagenpub/rest/base/object/ED9-ZQX;docs/tuva/sodermanland/objektrapporter/ED9-ZQX.json
EDC-280;Södermanland;Katrineholm;2.11;Ej aktuell;2002-04-29;Vedeby;https://etjanst.sjv.se/tuvaut/?f=&id=EDC-280;https://etjanst.sjv.se/hagenpub/rest/base/object/EDC-280;docs/tuva/sodermanland/objektrapporter/EDC-280.json
EDF-ASJ;Södermanland;Gnesta;3.28;Bete;2003-09-04;Jansnäs;https://etjanst.sjv.se/tuvaut/?f=&id=EDF-ASJ;https://etjanst.sjv.se/hagenpub/rest/base/object/EDF-ASJ;docs/tuva/sodermanland/objektrapporter/EDF-ASJ.json
EE1-CHE;Södermanland;Gnesta;0.82;Bete;2003-09-29;Viby 4;https://etjanst.sjv.se/tuvaut/?f=&id=EE1-CHE;https://etjanst.sjv.se/hagenpub/rest/base/object/EE1-CHE;docs/tuva/sodermanland/objektrapporter/EE1-CHE.json
EE2-FDX;Södermanland;Nyköping;0.46;Bete;2003-05-27;Börsta 3;https://etjanst.sjv.se/tuvaut/?f=&id=EE2-FDX;https://etjanst.sjv.se/hagenpub/rest/base/object/EE2-FDX;docs/tuva/sodermanland/objektrapporter/EE2-FDX.json
EE4-RMH;Södermanland;Katrineholm;6.27;Bete;2002-08-07;Gersnäs 2;https://etjanst.sjv.se/tuvaut/?f=&id=EE4-RMH;https://etjanst.sjv.se/hagenpub/rest/base/object/EE4-RMH;docs/tuva/sodermanland/objektrapporter/EE4-RMH.json
EE5-BVO;Södermanland;Eskilstuna;4.66;Bete;2003-07-04;Lilla Störhult;https://etjanst.sjv.se/tuvaut/?f=&id=EE5-BVO;https://etjanst.sjv.se/hagenpub/rest/base/object/EE5-BVO;docs/tuva/sodermanland/objektrapporter/EE5-BVO.json
EE6-ASJ;Södermanland;Nyköping;1.04;Bete;2003-06-11;Valla 3;https://etjanst.sjv.se/tuvaut/?f=&id=EE6-ASJ;https://etjanst.sjv.se/hagenpub/rest/base/object/EE6-ASJ;docs/tuva/sodermanland/objektrapporter/EE6-ASJ.json
EE6-DNC;Södermanland;Flen;0.98;Bete;2003-09-22;;https://etjanst.sjv.se/tuvaut/?f=&id=EE6-DNC;https://etjanst.sjv.se/hagenpub/rest/base/object/EE6-DNC;docs/tuva/sodermanland/objektrapporter/EE6-DNC.json
EE7-ZFF;Södermanland;Gnesta;3.18;Bete;2003-08-12;Härsbrotorp;https://etjanst.sjv.se/tuvaut/?f=&id=EE7-ZFF;https://etjanst.sjv.se/hagenpub/rest/base/object/EE7-ZFF;docs/tuva/sodermanland/objektrapporter/EE7-ZFF.json
EE9-QDO;Södermanland;Nyköping;2.86;Restaurerbar;2002-09-17;Snesta gård;https://etjanst.sjv.se/tuvaut/?f=&id=EE9-QDO;https://etjanst.sjv.se/hagenpub/rest/base/object/EE9-QDO;docs/tuva/sodermanland/objektrapporter/EE9-QDO.json
EEB-DTX;Södermanland;Katrineholm;1.42;Bete;2003-07-10;Målartorp 2;https://etjanst.sjv.se/tuvaut/?f=&id=EEB-DTX;https://etjanst.sjv.se/hagenpub/rest/base/object/EEB-DTX;docs/tuva/sodermanland/objektrapporter/EEB-DTX.json
EEB-WBT;Södermanland;Katrineholm;1.18;Bete;2003-06-05;;https://etjanst.sjv.se/tuvaut/?f=&id=EEB-WBT;https://etjanst.sjv.se/hagenpub/rest/base/object/EEB-WBT;docs/tuva/sodermanland/objektrapporter/EEB-WBT.json
EEC-LQC;Södermanland;Trosa;4.2;Bete;2004-05-26;Hallsta;https://etjanst.sjv.se/tuvaut/?f=&id=EEC-LQC;https://etjanst.sjv.se/hagenpub/rest/base/object/EEC-LQC;docs/tuva/sodermanland/objektrapporter/EEC-LQC.json
EEC-WEO;Södermanland;Eskilstuna;4.87;Bete;2003-07-04;Hjälmsäter;https://etjanst.sjv.se/tuvaut/?f=&id=EEC-WEO;https://etjanst.sjv.se/hagenpub/rest/base/object/EEC-WEO;docs/tuva/sodermanland/objektrapporter/EEC-WEO.json
EED-280;Södermanland;Strängnäs;4.62;Bete;2002-07-02;Hannemyra1;https://etjanst.sjv.se/tuvaut/?f=&id=EED-280;https://etjanst.sjv.se/hagenpub/rest/base/object/EED-280;docs/tuva/sodermanland/objektrapporter/EED-280.json
EED-KHW;Södermanland;Flen;1.16;Bete;2004-09-08;eketorp ny 2;https://etjanst.sjv.se/tuvaut/?f=&id=EED-KHW;https://etjanst.sjv.se/hagenpub/rest/base/object/EED-KHW;docs/tuva/sodermanland/objektrapporter/EED-KHW.json
EEH-KQR;Södermanland;Katrineholm;0.87;Bete;2023-10-27;Hagbyberga;https://etjanst.sjv.se/tuvaut/?f=&id=EEH-KQR;https://etjanst.sjv.se/hagenpub/rest/base/object/EEH-KQR;docs/tuva/sodermanland/objektrapporter/EEH-KQR.json
EF0-NBS;Södermanland;Trosa;4.43;Bete;2004-05-24;Åby 1;https://etjanst.sjv.se/tuvaut/?f=&id=EF0-NBS;https://etjanst.sjv.se/hagenpub/rest/base/object/EF0-NBS;docs/tuva/sodermanland/objektrapporter/EF0-NBS.json
EF1-MRI;Södermanland;Gnesta;5.86;Bete;2003-08-28;Misätter 1;https://etjanst.sjv.se/tuvaut/?f=&id=EF1-MRI;https://etjanst.sjv.se/hagenpub/rest/base/object/EF1-MRI;docs/tuva/sodermanland/objektrapporter/EF1-MRI.json
EF2-QGE;Södermanland;Katrineholm;2.51;Bete;2004-09-15;broby extra 1;https://etjanst.sjv.se/tuvaut/?f=&id=EF2-QGE;https://etjanst.sjv.se/hagenpub/rest/base/object/EF2-QGE;docs/tuva/sodermanland/objektrapporter/EF2-QGE.json
EF5-RBC;Södermanland;Eskilstuna;1.84;Bete;2002-08-12;Stora Tidö1;https://etjanst.sjv.se/tuvaut/?f=&id=EF5-RBC;https://etjanst.sjv.se/hagenpub/rest/base/object/EF5-RBC;docs/tuva/sodermanland/objektrapporter/EF5-RBC.json
EF5-ZGQ;Södermanland;Eskilstuna;1.5;Bete;2003-07-07;Kråksten;https://etjanst.sjv.se/tuvaut/?f=&id=EF5-ZGQ;https://etjanst.sjv.se/hagenpub/rest/base/object/EF5-ZGQ;docs/tuva/sodermanland/objektrapporter/EF5-ZGQ.json
EF8-VEX;Södermanland;Flen;1.69;Bete;2004-07-09;Hall 1;https://etjanst.sjv.se/tuvaut/?f=&id=EF8-VEX;https://etjanst.sjv.se/hagenpub/rest/base/object/EF8-VEX;docs/tuva/sodermanland/objektrapporter/EF8-VEX.json
EF9-DYT;Södermanland;Trosa;0.69;Bete;2004-05-17;Dalbyö 1;https://etjanst.sjv.se/tuvaut/?f=&id=EF9-DYT;https://etjanst.sjv.se/hagenpub/rest/base/object/EF9-DYT;docs/tuva/sodermanland/objektrapporter/EF9-DYT.json
EGH-FBT;Södermanland;Nyköping;2.42;Bete;2023-06-12;Ripsa-Edeby;https://etjanst.sjv.se/tuvaut/?f=&id=EGH-FBT;https://etjanst.sjv.se/hagenpub/rest/base/object/EGH-FBT;docs/tuva/sodermanland/objektrapporter/EGH-FBT.json
EGP-XDV;Södermanland;Gnesta;2.73;Bete;2009-08-21;;https://etjanst.sjv.se/tuvaut/?f=&id=EGP-XDV;https://etjanst.sjv.se/hagenpub/rest/base/object/EGP-XDV;docs/tuva/sodermanland/objektrapporter/EGP-XDV.json
EGQ-HXZ;Södermanland;Nyköping;0.19;Bete;2012-07-31;Gettäppan 2;https://etjanst.sjv.se/tuvaut/?f=&id=EGQ-HXZ;https://etjanst.sjv.se/hagenpub/rest/base/object/EGQ-HXZ;docs/tuva/sodermanland/objektrapporter/EGQ-HXZ.json
EHW-HOU;Södermanland;Flen;0.89;Bete;2009-09-23;;https://etjanst.sjv.se/tuvaut/?f=&id=EHW-HOU;https://etjanst.sjv.se/hagenpub/rest/base/object/EHW-HOU;docs/tuva/sodermanland/objektrapporter/EHW-HOU.json
EHW-RXI;Södermanland;Flen;0.37;Restaurerbar;2023-08-10;Berga;https://etjanst.sjv.se/tuvaut/?f=&id=EHW-RXI;https://etjanst.sjv.se/hagenpub/rest/base/object/EHW-RXI;docs/tuva/sodermanland/objektrapporter/EHW-RXI.json
EIC-PRN;Södermanland;Gnesta;0.93;Bete;2019-06-25;Björnlunda-Jakobsberg 1;https://etjanst.sjv.se/tuvaut/?f=&id=EIC-PRN;https://etjanst.sjv.se/hagenpub/rest/base/object/EIC-PRN;docs/tuva/sodermanland/objektrapporter/EIC-PRN.json
EIF-WCE;Södermanland;Gnesta;0.99;Bete;2019-07-02;Öllösa 1;https://etjanst.sjv.se/tuvaut/?f=&id=EIF-WCE;https://etjanst.sjv.se/hagenpub/rest/base/object/EIF-WCE;docs/tuva/sodermanland/objektrapporter/EIF-WCE.json
EIP-VGF;Södermanland;Vingåker;6.47;Bete;2012-09-26;Bresätter;https://etjanst.sjv.se/tuvaut/?f=&id=EIP-VGF;https://etjanst.sjv.se/hagenpub/rest/base/object/EIP-VGF;docs/tuva/sodermanland/objektrapporter/EIP-VGF.json
EIX-ZJL;Södermanland;Trosa;2.12;Bete;2026-07-02;;https://etjanst.sjv.se/tuvaut/?f=&id=EIX-ZJL;https://etjanst.sjv.se/hagenpub/rest/base/object/EIX-ZJL;docs/tuva/sodermanland/objektrapporter/EIX-ZJL.json
EKB-PTM;Södermanland;Nyköping;10.06;Bete;2019-07-10;Åboö 2;https://etjanst.sjv.se/tuvaut/?f=&id=EKB-PTM;https://etjanst.sjv.se/hagenpub/rest/base/object/EKB-PTM;docs/tuva/sodermanland/objektrapporter/EKB-PTM.json
ELR-TFF;Södermanland;Nyköping;0.65;Bete;2023-08-02;Ripsa-Edeby;https://etjanst.sjv.se/tuvaut/?f=&id=ELR-TFF;https://etjanst.sjv.se/hagenpub/rest/base/object/ELR-TFF;docs/tuva/sodermanland/objektrapporter/ELR-TFF.json
EMR-BRU;Södermanland;Flen;2.64;Bete;2023-08-21;Lagmansö;https://etjanst.sjv.se/tuvaut/?f=&id=EMR-BRU;https://etjanst.sjv.se/hagenpub/rest/base/object/EMR-BRU;docs/tuva/sodermanland/objektrapporter/EMR-BRU.json
ENA-RQY;Södermanland;Flen;0.28;Bete;2009-09-23;;https://etjanst.sjv.se/tuvaut/?f=&id=ENA-RQY;https://etjanst.sjv.se/hagenpub/rest/base/object/ENA-RQY;docs/tuva/sodermanland/objektrapporter/ENA-RQY.json
EOR-MLC;Södermanland;Katrineholm;4.74;Bete;2011-07-05;;https://etjanst.sjv.se/tuvaut/?f=&id=EOR-MLC;https://etjanst.sjv.se/hagenpub/rest/base/object/EOR-MLC;docs/tuva/sodermanland/objektrapporter/EOR-MLC.json
EPI-NWC;Södermanland;Gnesta;0.36;Bete;2019-06-25;Björnlunda-Jakobsberg 1;https://etjanst.sjv.se/tuvaut/?f=&id=EPI-NWC;https://etjanst.sjv.se/hagenpub/rest/base/object/EPI-NWC;docs/tuva/sodermanland/objektrapporter/EPI-NWC.json
ERY-AME;Södermanland;Trosa;2.48;Bete;2023-10-06;Lutebol;https://etjanst.sjv.se/tuvaut/?f=&id=ERY-AME;https://etjanst.sjv.se/hagenpub/rest/base/object/ERY-AME;docs/tuva/sodermanland/objektrapporter/ERY-AME.json
ESL-USY;Södermanland;Nyköping;1.2;Äng;2026-07-31;;https://etjanst.sjv.se/tuvaut/?f=&id=ESL-USY;https://etjanst.sjv.se/hagenpub/rest/base/object/ESL-USY;docs/tuva/sodermanland/objektrapporter/ESL-USY.json
ETM-HTW;Södermanland;Nyköping;0.1;Bete;2023-08-01;Ripsa-Edeby;https://etjanst.sjv.se/tuvaut/?f=&id=ETM-HTW;https://etjanst.sjv.se/hagenpub/rest/base/object/ETM-HTW;docs/tuva/sodermanland/objektrapporter/ETM-HTW.json
ETU-RBM;Södermanland;Eskilstuna;1.94;Bete;2018-10-17;Västermo-Motorp 1;https://etjanst.sjv.se/tuvaut/?f=&id=ETU-RBM;https://etjanst.sjv.se/hagenpub/rest/base/object/ETU-RBM;docs/tuva/sodermanland/objektrapporter/ETU-RBM.json
EUN-GYD;Södermanland;Trosa;1.79;Bete;2023-09-27;Långbro;https://etjanst.sjv.se/tuvaut/?f=&id=EUN-GYD;https://etjanst.sjv.se/hagenpub/rest/base/object/EUN-GYD;docs/tuva/sodermanland/objektrapporter/EUN-GYD.json
EUZ-OXK;Södermanland;Eskilstuna;0.29;Bete;2019-09-03;Kafjärdsskogen 1;https://etjanst.sjv.se/tuvaut/?f=&id=EUZ-OXK;https://etjanst.sjv.se/hagenpub/rest/base/object/EUZ-OXK;docs/tuva/sodermanland/objektrapporter/EUZ-OXK.json
EVX-JJZ;Södermanland;Eskilstuna;0.62;Bete;2023-08-29;;https://etjanst.sjv.se/tuvaut/?f=&id=EVX-JJZ;https://etjanst.sjv.se/hagenpub/rest/base/object/EVX-JJZ;docs/tuva/sodermanland/objektrapporter/EVX-JJZ.json
EVY-ETO;Södermanland;Nyköping;3.64;Bete;2010-07-08;;https://etjanst.sjv.se/tuvaut/?f=&id=EVY-ETO;https://etjanst.sjv.se/hagenpub/rest/base/object/EVY-ETO;docs/tuva/sodermanland/objektrapporter/EVY-ETO.json
EWP-SRM;Södermanland;Eskilstuna;0.49;Bete;2018-09-28;Stora Härdsäng 1;https://etjanst.sjv.se/tuvaut/?f=&id=EWP-SRM;https://etjanst.sjv.se/hagenpub/rest/base/object/EWP-SRM;docs/tuva/sodermanland/objektrapporter/EWP-SRM.json
EWQ-XXG;Södermanland;Nyköping;1.64;Bete;2023-09-18;Arnö;https://etjanst.sjv.se/tuvaut/?f=&id=EWQ-XXG;https://etjanst.sjv.se/hagenpub/rest/base/object/EWQ-XXG;docs/tuva/sodermanland/objektrapporter/EWQ-XXG.json
EXC-RBC;Södermanland;Strängnäs;4.96;Bete;2023-08-09;Hässelbyholm;https://etjanst.sjv.se/tuvaut/?f=&id=EXC-RBC;https://etjanst.sjv.se/hagenpub/rest/base/object/EXC-RBC;docs/tuva/sodermanland/objektrapporter/EXC-RBC.json
EXH-TYZ;Södermanland;Nyköping;6.39;Bete;2019-06-28;Tå;https://etjanst.sjv.se/tuvaut/?f=&id=EXH-TYZ;https://etjanst.sjv.se/hagenpub/rest/base/object/EXH-TYZ;docs/tuva/sodermanland/objektrapporter/EXH-TYZ.json
EXV-OAT;Södermanland;Flen;10.06;Bete;2009-09-23;;https://etjanst.sjv.se/tuvaut/?f=&id=EXV-OAT;https://etjanst.sjv.se/hagenpub/rest/base/object/EXV-OAT;docs/tuva/sodermanland/objektrapporter/EXV-OAT.json
EYE-HMS;Södermanland;Katrineholm;0.32;Bete;2008-08-27;Brebol;https://etjanst.sjv.se/tuvaut/?f=&id=EYE-HMS;https://etjanst.sjv.se/hagenpub/rest/base/object/EYE-HMS;docs/tuva/sodermanland/objektrapporter/EYE-HMS.json
EZC-KIS;Södermanland;Eskilstuna;0.86;Bete;2019-09-04;Kafjärdsskogen 1;https://etjanst.sjv.se/tuvaut/?f=&id=EZC-KIS;https://etjanst.sjv.se/hagenpub/rest/base/object/EZC-KIS;docs/tuva/sodermanland/objektrapporter/EZC-KIS.json
EZG-QZF;Södermanland;Nyköping;0.22;Bete;2019-06-17;Sättersta-Lida 1;https://etjanst.sjv.se/tuvaut/?f=&id=EZG-QZF;https://etjanst.sjv.se/hagenpub/rest/base/object/EZG-QZF;docs/tuva/sodermanland/objektrapporter/EZG-QZF.json
EZW-MER;Södermanland;Strängnäs;1.6;Bete;2023-08-24;Aspö-Lagnö;https://etjanst.sjv.se/tuvaut/?f=&id=EZW-MER;https://etjanst.sjv.se/hagenpub/rest/base/object/EZW-MER;docs/tuva/sodermanland/objektrapporter/EZW-MER.json
F00-XGE;Södermanland;Nyköping;1.31;Bete;2003-06-10;Vävelsund 3;https://etjanst.sjv.se/tuvaut/?f=&id=F00-XGE;https://etjanst.sjv.se/hagenpub/rest/base/object/F00-XGE;docs/tuva/sodermanland/objektrapporter/F00-XGE.json
F01-GRD;Södermanland;Eskilstuna;1.85;Bete;2003-06-11;Öknatorp5;https://etjanst.sjv.se/tuvaut/?f=&id=F01-GRD;https://etjanst.sjv.se/hagenpub/rest/base/object/F01-GRD;docs/tuva/sodermanland/objektrapporter/F01-GRD.json
F03-AFX;Södermanland;Nyköping;1.52;Bete;2003-06-05;Eneby 3;https://etjanst.sjv.se/tuvaut/?f=&id=F03-AFX;https://etjanst.sjv.se/hagenpub/rest/base/object/F03-AFX;docs/tuva/sodermanland/objektrapporter/F03-AFX.json
F04-ZXU;Södermanland;Nyköping;6.51;Bete;2004-06-10;Tybble;https://etjanst.sjv.se/tuvaut/?f=&id=F04-ZXU;https://etjanst.sjv.se/hagenpub/rest/base/object/F04-ZXU;docs/tuva/sodermanland/objektrapporter/F04-ZXU.json
F08-QBN;Södermanland;Flen;0.19;Äng;2004-09-17;ällmora 1;https://etjanst.sjv.se/tuvaut/?f=&id=F08-QBN;https://etjanst.sjv.se/hagenpub/rest/base/object/F08-QBN;docs/tuva/sodermanland/objektrapporter/F08-QBN.json
F0A-ZIF;Södermanland;Flen;0.94;Bete;2003-06-04;Sjölunda 2;https://etjanst.sjv.se/tuvaut/?f=&id=F0A-ZIF;https://etjanst.sjv.se/hagenpub/rest/base/object/F0A-ZIF;docs/tuva/sodermanland/objektrapporter/F0A-ZIF.json
F0B-AHR;Södermanland;Katrineholm;5.94;Bete;2003-07-03;Hacksta;https://etjanst.sjv.se/tuvaut/?f=&id=F0B-AHR;https://etjanst.sjv.se/hagenpub/rest/base/object/F0B-AHR;docs/tuva/sodermanland/objektrapporter/F0B-AHR.json
F0E-IZG;Södermanland;Katrineholm;0.96;Bete;2003-07-19;Grindberga 1;https://etjanst.sjv.se/tuvaut/?f=&id=F0E-IZG;https://etjanst.sjv.se/hagenpub/rest/base/object/F0E-IZG;docs/tuva/sodermanland/objektrapporter/F0E-IZG.json
F0E-QVS;Södermanland;Katrineholm;2.87;Bete;2004-08-25;hägerbo 2;https://etjanst.sjv.se/tuvaut/?f=&id=F0E-QVS;https://etjanst.sjv.se/hagenpub/rest/base/object/F0E-QVS;docs/tuva/sodermanland/objektrapporter/F0E-QVS.json
F0F-HYG;Södermanland;Eskilstuna;0.72;Restaurerbar;2002-08-12;Gällsta1;https://etjanst.sjv.se/tuvaut/?f=&id=F0F-HYG;https://etjanst.sjv.se/hagenpub/rest/base/object/F0F-HYG;docs/tuva/sodermanland/objektrapporter/F0F-HYG.json
F10-300;Södermanland;Gnesta;2.0;Bete;2002-05-07;Grinda;https://etjanst.sjv.se/tuvaut/?f=&id=F10-300;https://etjanst.sjv.se/hagenpub/rest/base/object/F10-300;docs/tuva/sodermanland/objektrapporter/F10-300.json
F10-EOR;Södermanland;Flen;3.34;Bete;2004-08-04;Kåveta 2;https://etjanst.sjv.se/tuvaut/?f=&id=F10-EOR;https://etjanst.sjv.se/hagenpub/rest/base/object/F10-EOR;docs/tuva/sodermanland/objektrapporter/F10-EOR.json
F10-RSX;Södermanland;Vingåker;1.1;Bete;2003-09-05;;https://etjanst.sjv.se/tuvaut/?f=&id=F10-RSX;https://etjanst.sjv.se/hagenpub/rest/base/object/F10-RSX;docs/tuva/sodermanland/objektrapporter/F10-RSX.json
F11-KVV;Södermanland;Katrineholm;6.54;Bete;2004-08-25;hägerbo 1;https://etjanst.sjv.se/tuvaut/?f=&id=F11-KVV;https://etjanst.sjv.se/hagenpub/rest/base/object/F11-KVV;docs/tuva/sodermanland/objektrapporter/F11-KVV.json
F13-400;Södermanland;Strängnäs;8.02;Bete;2002-06-04;Algö2;https://etjanst.sjv.se/tuvaut/?f=&id=F13-400;https://etjanst.sjv.se/hagenpub/rest/base/object/F13-400;docs/tuva/sodermanland/objektrapporter/F13-400.json
F15-FES;Södermanland;Nyköping;1.73;Restaurerbar;2004-09-28;Hartsö 11;https://etjanst.sjv.se/tuvaut/?f=&id=F15-FES;https://etjanst.sjv.se/hagenpub/rest/base/object/F15-FES;docs/tuva/sodermanland/objektrapporter/F15-FES.json
F17-XSN;Södermanland;Katrineholm;0.64;Bete;2002-08-12;Högerga 2;https://etjanst.sjv.se/tuvaut/?f=&id=F17-XSN;https://etjanst.sjv.se/hagenpub/rest/base/object/F17-XSN;docs/tuva/sodermanland/objektrapporter/F17-XSN.json
F18-JIW;Södermanland;Katrineholm;3.6;Bete;2004-07-14;sättra 8;https://etjanst.sjv.se/tuvaut/?f=&id=F18-JIW;https://etjanst.sjv.se/hagenpub/rest/base/object/F18-JIW;docs/tuva/sodermanland/objektrapporter/F18-JIW.json
F19-VFG;Södermanland;Eskilstuna;0.82;Bete;2003-07-07;Björktorp 1;https://etjanst.sjv.se/tuvaut/?f=&id=F19-VFG;https://etjanst.sjv.se/hagenpub/rest/base/object/F19-VFG;docs/tuva/sodermanland/objektrapporter/F19-VFG.json
F1A-OYV;Södermanland;Gnesta;13.83;Bete;2003-09-03;Herrökna 4;https://etjanst.sjv.se/tuvaut/?f=&id=F1A-OYV;https://etjanst.sjv.se/hagenpub/rest/base/object/F1A-OYV;docs/tuva/sodermanland/objektrapporter/F1A-OYV.json
F1B-HCY;Södermanland;Eskilstuna;0.81;Bete;2003-06-23;Rännbäcken2;https://etjanst.sjv.se/tuvaut/?f=&id=F1B-HCY;https://etjanst.sjv.se/hagenpub/rest/base/object/F1B-HCY;docs/tuva/sodermanland/objektrapporter/F1B-HCY.json
F1D-VLR;Södermanland;Eskilstuna;0.95;Bete;2003-06-13;Bondökna5;https://etjanst.sjv.se/tuvaut/?f=&id=F1D-VLR;https://etjanst.sjv.se/hagenpub/rest/base/object/F1D-VLR;docs/tuva/sodermanland/objektrapporter/F1D-VLR.json
F1D-YOU;Södermanland;Nyköping;2.52;Restaurerbar;2004-08-10;Långö 2;https://etjanst.sjv.se/tuvaut/?f=&id=F1D-YOU;https://etjanst.sjv.se/hagenpub/rest/base/object/F1D-YOU;docs/tuva/sodermanland/objektrapporter/F1D-YOU.json
F1E-480;Södermanland;Nyköping;22.19;Restaurerbar;2002-06-18;Åby;https://etjanst.sjv.se/tuvaut/?f=&id=F1E-480;https://etjanst.sjv.se/hagenpub/rest/base/object/F1E-480;docs/tuva/sodermanland/objektrapporter/F1E-480.json
F21-VXZ;Södermanland;Gnesta;1.28;Bete;2003-09-04;Pungsund 5;https://etjanst.sjv.se/tuvaut/?f=&id=F21-VXZ;https://etjanst.sjv.se/hagenpub/rest/base/object/F21-VXZ;docs/tuva/sodermanland/objektrapporter/F21-VXZ.json
F23-FKH;Södermanland;Nyköping;0.43;Bete;2002-08-09;Alby;https://etjanst.sjv.se/tuvaut/?f=&id=F23-FKH;https://etjanst.sjv.se/hagenpub/rest/base/object/F23-FKH;docs/tuva/sodermanland/objektrapporter/F23-FKH.json
F23-LQN;Södermanland;Strängnäs;3.04;Bete;2002-07-18;Vretstugan2;https://etjanst.sjv.se/tuvaut/?f=&id=F23-LQN;https://etjanst.sjv.se/hagenpub/rest/base/object/F23-LQN;docs/tuva/sodermanland/objektrapporter/F23-LQN.json
F25-980;Södermanland;Flen;2.37;Bete;2002-05-07;Stenhammar;https://etjanst.sjv.se/tuvaut/?f=&id=F25-980;https://etjanst.sjv.se/hagenpub/rest/base/object/F25-980;docs/tuva/sodermanland/objektrapporter/F25-980.json
F28-OZF;Södermanland;Trosa;0.95;Bete;2004-05-07;nyckelby, sörgården;https://etjanst.sjv.se/tuvaut/?f=&id=F28-OZF;https://etjanst.sjv.se/hagenpub/rest/base/object/F28-OZF;docs/tuva/sodermanland/objektrapporter/F28-OZF.json
F2B-QDQ;Södermanland;Nyköping;2.83;Bete;2002-07-18;Gummersta;https://etjanst.sjv.se/tuvaut/?f=&id=F2B-QDQ;https://etjanst.sjv.se/hagenpub/rest/base/object/F2B-QDQ;docs/tuva/sodermanland/objektrapporter/F2B-QDQ.json
F2B-TAF;Södermanland;Flen;3.78;Bete;2004-08-02;hornsund 1;https://etjanst.sjv.se/tuvaut/?f=&id=F2B-TAF;https://etjanst.sjv.se/hagenpub/rest/base/object/F2B-TAF;docs/tuva/sodermanland/objektrapporter/F2B-TAF.json
F2C-KKM;Södermanland;Trosa;1.33;Bete;2004-05-11;Granhusa 2;https://etjanst.sjv.se/tuvaut/?f=&id=F2C-KKM;https://etjanst.sjv.se/hagenpub/rest/base/object/F2C-KKM;docs/tuva/sodermanland/objektrapporter/F2C-KKM.json
F2D-AUN;Södermanland;Flen;0.39;Bete;2004-07-26;Hall 4;https://etjanst.sjv.se/tuvaut/?f=&id=F2D-AUN;https://etjanst.sjv.se/hagenpub/rest/base/object/F2D-AUN;docs/tuva/sodermanland/objektrapporter/F2D-AUN.json
F2E-BZF;Södermanland;Katrineholm;1.28;Bete;2004-08-31;ingelstorp 1;https://etjanst.sjv.se/tuvaut/?f=&id=F2E-BZF;https://etjanst.sjv.se/hagenpub/rest/base/object/F2E-BZF;docs/tuva/sodermanland/objektrapporter/F2E-BZF.json
F2F-POL;Södermanland;Vingåker;0.45;Bete;2003-09-10;Viala 1;https://etjanst.sjv.se/tuvaut/?f=&id=F2F-POL;https://etjanst.sjv.se/hagenpub/rest/base/object/F2F-POL;docs/tuva/sodermanland/objektrapporter/F2F-POL.json
F34-DXQ;Södermanland;Katrineholm;0.58;Restaurerbar;2003-06-11;Bränntorp 4;https://etjanst.sjv.se/tuvaut/?f=&id=F34-DXQ;https://etjanst.sjv.se/hagenpub/rest/base/object/F34-DXQ;docs/tuva/sodermanland/objektrapporter/F34-DXQ.json
F36-ZMS;Södermanland;Eskilstuna;10.23;Bete;2003-06-06;Öknatorp3;https://etjanst.sjv.se/tuvaut/?f=&id=F36-ZMS;https://etjanst.sjv.se/hagenpub/rest/base/object/F36-ZMS;docs/tuva/sodermanland/objektrapporter/F36-ZMS.json
F39-100;Södermanland;Katrineholm;2.29;Bete;2002-06-07;Jakobsberg 2;https://etjanst.sjv.se/tuvaut/?f=&id=F39-100;https://etjanst.sjv.se/hagenpub/rest/base/object/F39-100;docs/tuva/sodermanland/objektrapporter/F39-100.json
F3D-DOM;Södermanland;Eskilstuna;0.62;Bete;2003-11-21;Kasön3;https://etjanst.sjv.se/tuvaut/?f=&id=F3D-DOM;https://etjanst.sjv.se/hagenpub/rest/base/object/F3D-DOM;docs/tuva/sodermanland/objektrapporter/F3D-DOM.json
F3E-YAT;Södermanland;Gnesta;3.29;Bete;2004-06-23;Rösund 1;https://etjanst.sjv.se/tuvaut/?f=&id=F3E-YAT;https://etjanst.sjv.se/hagenpub/rest/base/object/F3E-YAT;docs/tuva/sodermanland/objektrapporter/F3E-YAT.json
F3F-GRD;Södermanland;Strängnäs;6.15;Bete;2002-08-01;Norrlänna2;https://etjanst.sjv.se/tuvaut/?f=&id=F3F-GRD;https://etjanst.sjv.se/hagenpub/rest/base/object/F3F-GRD;docs/tuva/sodermanland/objektrapporter/F3F-GRD.json
F3F-JGH;Södermanland;Eskilstuna;3.92;Bete;2003-07-21;Berga1;https://etjanst.sjv.se/tuvaut/?f=&id=F3F-JGH;https://etjanst.sjv.se/hagenpub/rest/base/object/F3F-JGH;docs/tuva/sodermanland/objektrapporter/F3F-JGH.json
F42-XJY;Södermanland;Gnesta;4.47;Bete;2004-07-01;Önnersta 4;https://etjanst.sjv.se/tuvaut/?f=&id=F42-XJY;https://etjanst.sjv.se/hagenpub/rest/base/object/F42-XJY;docs/tuva/sodermanland/objektrapporter/F42-XJY.json
F45-NXM;Södermanland;Flen;0.1;Bete;2004-08-02;torp 4;https://etjanst.sjv.se/tuvaut/?f=&id=F45-NXM;https://etjanst.sjv.se/hagenpub/rest/base/object/F45-NXM;docs/tuva/sodermanland/objektrapporter/F45-NXM.json
F45-XMU;Södermanland;Gnesta;4.0;Bete;2004-09-17;smedsta 2;https://etjanst.sjv.se/tuvaut/?f=&id=F45-XMU;https://etjanst.sjv.se/hagenpub/rest/base/object/F45-XMU;docs/tuva/sodermanland/objektrapporter/F45-XMU.json
F46-380;Södermanland;Nyköping;0.17;Restaurerbar;2002-06-17;Törstalund;https://etjanst.sjv.se/tuvaut/?f=&id=F46-380;https://etjanst.sjv.se/hagenpub/rest/base/object/F46-380;docs/tuva/sodermanland/objektrapporter/F46-380.json
F46-EXZ;Södermanland;Flen;1.35;Bete;2003-09-23;;https://etjanst.sjv.se/tuvaut/?f=&id=F46-EXZ;https://etjanst.sjv.se/hagenpub/rest/base/object/F46-EXZ;docs/tuva/sodermanland/objektrapporter/F46-EXZ.json
F47-SYY;Södermanland;Flen;3.65;Bete;2004-05-26;norrketorp 1;https://etjanst.sjv.se/tuvaut/?f=&id=F47-SYY;https://etjanst.sjv.se/hagenpub/rest/base/object/F47-SYY;docs/tuva/sodermanland/objektrapporter/F47-SYY.json
F49-ZFW;Södermanland;Katrineholm;4.8;Bete;2003-05-21;Gäversnäs;https://etjanst.sjv.se/tuvaut/?f=&id=F49-ZFW;https://etjanst.sjv.se/hagenpub/rest/base/object/F49-ZFW;docs/tuva/sodermanland/objektrapporter/F49-ZFW.json
F4A-A80;Södermanland;Katrineholm;1.48;Bete;2026-06-29;Tåkenön 1;https://etjanst.sjv.se/tuvaut/?f=&id=F4A-A80;https://etjanst.sjv.se/hagenpub/rest/base/object/F4A-A80;docs/tuva/sodermanland/objektrapporter/F4A-A80.json
F4E-QEG;Södermanland;Flen;3.92;Bete;2004-07-20;udden 2;https://etjanst.sjv.se/tuvaut/?f=&id=F4E-QEG;https://etjanst.sjv.se/hagenpub/rest/base/object/F4E-QEG;docs/tuva/sodermanland/objektrapporter/F4E-QEG.json
F4E-WNU;Södermanland;Katrineholm;0.28;Bete;2004-06-14;berg 7?;https://etjanst.sjv.se/tuvaut/?f=&id=F4E-WNU;https://etjanst.sjv.se/hagenpub/rest/base/object/F4E-WNU;docs/tuva/sodermanland/objektrapporter/F4E-WNU.json
F50-KUV;Södermanland;Nyköping;2.99;Bete;2002-08-09;Alby;https://etjanst.sjv.se/tuvaut/?f=&id=F50-KUV;https://etjanst.sjv.se/hagenpub/rest/base/object/F50-KUV;docs/tuva/sodermanland/objektrapporter/F50-KUV.json
F53-GXF;Södermanland;Gnesta;0.39;Äng;2003-08-25;Rocklösa 2;https://etjanst.sjv.se/tuvaut/?f=&id=F53-GXF;https://etjanst.sjv.se/hagenpub/rest/base/object/F53-GXF;docs/tuva/sodermanland/objektrapporter/F53-GXF.json
F53-SNI;Södermanland;Vingåker;5.91;Bete;2004-09-09;björkliden 1;https://etjanst.sjv.se/tuvaut/?f=&id=F53-SNI;https://etjanst.sjv.se/hagenpub/rest/base/object/F53-SNI;docs/tuva/sodermanland/objektrapporter/F53-SNI.json
F56-PZD;Södermanland;Gnesta;2.31;Bete;2004-06-07;Mälby 4;https://etjanst.sjv.se/tuvaut/?f=&id=F56-PZD;https://etjanst.sjv.se/hagenpub/rest/base/object/F56-PZD;docs/tuva/sodermanland/objektrapporter/F56-PZD.json
F57-980;Södermanland;Strängnäs;0.76;Bete;2002-05-31;Näsby6;https://etjanst.sjv.se/tuvaut/?f=&id=F57-980;https://etjanst.sjv.se/hagenpub/rest/base/object/F57-980;docs/tuva/sodermanland/objektrapporter/F57-980.json
F57-INK;Södermanland;Eskilstuna;0.26;Bete;2003-07-07;Björktorp 2;https://etjanst.sjv.se/tuvaut/?f=&id=F57-INK;https://etjanst.sjv.se/hagenpub/rest/base/object/F57-INK;docs/tuva/sodermanland/objektrapporter/F57-INK.json
F59-200;Södermanland;Nyköping;0.28;Äng;2002-06-29;Daltorp;https://etjanst.sjv.se/tuvaut/?f=&id=F59-200;https://etjanst.sjv.se/hagenpub/rest/base/object/F59-200;docs/tuva/sodermanland/objektrapporter/F59-200.json
F5C-GAT;Södermanland;Nyköping;25.09;Bete;2004-06-11;Berga;https://etjanst.sjv.se/tuvaut/?f=&id=F5C-GAT;https://etjanst.sjv.se/hagenpub/rest/base/object/F5C-GAT;docs/tuva/sodermanland/objektrapporter/F5C-GAT.json
F5C-SOJ;Södermanland;Katrineholm;0.53;Restaurerbar;2002-07-10;Östra Djulö 2;https://etjanst.sjv.se/tuvaut/?f=&id=F5C-SOJ;https://etjanst.sjv.se/hagenpub/rest/base/object/F5C-SOJ;docs/tuva/sodermanland/objektrapporter/F5C-SOJ.json
F5F-NEL;Södermanland;Nyköping;3.6;Bete;2002-08-26;Åkra;https://etjanst.sjv.se/tuvaut/?f=&id=F5F-NEL;https://etjanst.sjv.se/hagenpub/rest/base/object/F5F-NEL;docs/tuva/sodermanland/objektrapporter/F5F-NEL.json
F60-NLX;Södermanland;Katrineholm;5.39;Bete;2002-08-01;Skalltorp 1;https://etjanst.sjv.se/tuvaut/?f=&id=F60-NLX;https://etjanst.sjv.se/hagenpub/rest/base/object/F60-NLX;docs/tuva/sodermanland/objektrapporter/F60-NLX.json
F63-HVL;Södermanland;Flen;5.08;Bete;2004-05-27;Månadstorp 1;https://etjanst.sjv.se/tuvaut/?f=&id=F63-HVL;https://etjanst.sjv.se/hagenpub/rest/base/object/F63-HVL;docs/tuva/sodermanland/objektrapporter/F63-HVL.json
F63-KJU;Södermanland;Eskilstuna;2.78;Bete;2002-08-20;Prästgården1;https://etjanst.sjv.se/tuvaut/?f=&id=F63-KJU;https://etjanst.sjv.se/hagenpub/rest/base/object/F63-KJU;docs/tuva/sodermanland/objektrapporter/F63-KJU.json
F63-XNS;Södermanland;Flen;7.06;Bete;2003-09-19;Barrö 1;https://etjanst.sjv.se/tuvaut/?f=&id=F63-XNS;https://etjanst.sjv.se/hagenpub/rest/base/object/F63-XNS;docs/tuva/sodermanland/objektrapporter/F63-XNS.json
F64-OZF;Södermanland;Nyköping;0.96;Bete;2004-06-09;Landhammar 3;https://etjanst.sjv.se/tuvaut/?f=&id=F64-OZF;https://etjanst.sjv.se/hagenpub/rest/base/object/F64-OZF;docs/tuva/sodermanland/objektrapporter/F64-OZF.json
F69-F00;Södermanland;Nyköping;11.86;Bete;2002-06-28;Björksund;https://etjanst.sjv.se/tuvaut/?f=&id=F69-F00;https://etjanst.sjv.se/hagenpub/rest/base/object/F69-F00;docs/tuva/sodermanland/objektrapporter/F69-F00.json
F69-KRW;Södermanland;Nyköping;13.45;Bete;2002-07-20;;https://etjanst.sjv.se/tuvaut/?f=&id=F69-KRW;https://etjanst.sjv.se/hagenpub/rest/base/object/F69-KRW;docs/tuva/sodermanland/objektrapporter/F69-KRW.json
F6D-THY;Södermanland;Katrineholm;10.19;Bete;2003-07-14;Sarpetorp 1;https://etjanst.sjv.se/tuvaut/?f=&id=F6D-THY;https://etjanst.sjv.se/hagenpub/rest/base/object/F6D-THY;docs/tuva/sodermanland/objektrapporter/F6D-THY.json
F6E-PNZ;Södermanland;Eskilstuna;3.93;Bete;2018-10-12;Tandersten 1;https://etjanst.sjv.se/tuvaut/?f=&id=F6E-PNZ;https://etjanst.sjv.se/hagenpub/rest/base/object/F6E-PNZ;docs/tuva/sodermanland/objektrapporter/F6E-PNZ.json
F6E-USY;Södermanland;Nyköping;5.03;Bete;2004-09-22;Ringsö 1;https://etjanst.sjv.se/tuvaut/?f=&id=F6E-USY;https://etjanst.sjv.se/hagenpub/rest/base/object/F6E-USY;docs/tuva/sodermanland/objektrapporter/F6E-USY.json
F6F-INF;Södermanland;Eskilstuna;0.5;Restaurerbar;2003-09-01;Stavhäll2;https://etjanst.sjv.se/tuvaut/?f=&id=F6F-INF;https://etjanst.sjv.se/hagenpub/rest/base/object/F6F-INF;docs/tuva/sodermanland/objektrapporter/F6F-INF.json
F70-MLI;Södermanland;Gnesta;8.46;Bete;2003-09-16;Rundbotorp 3;https://etjanst.sjv.se/tuvaut/?f=&id=F70-MLI;https://etjanst.sjv.se/hagenpub/rest/base/object/F70-MLI;docs/tuva/sodermanland/objektrapporter/F70-MLI.json
F71-JTH;Södermanland;Katrineholm;0.67;Bete;2004-08-30;ödesdal 1;https://etjanst.sjv.se/tuvaut/?f=&id=F71-JTH;https://etjanst.sjv.se/hagenpub/rest/base/object/F71-JTH;docs/tuva/sodermanland/objektrapporter/F71-JTH.json
F74-CJU;Södermanland;Gnesta;5.4;Bete;2003-09-10;Blacksta 4, Daglösan;https://etjanst.sjv.se/tuvaut/?f=&id=F74-CJU;https://etjanst.sjv.se/hagenpub/rest/base/object/F74-CJU;docs/tuva/sodermanland/objektrapporter/F74-CJU.json
F75-FYM;Södermanland;Nyköping;3.17;Bete;2002-07-18;Gummersta;https://etjanst.sjv.se/tuvaut/?f=&id=F75-FYM;https://etjanst.sjv.se/hagenpub/rest/base/object/F75-FYM;docs/tuva/sodermanland/objektrapporter/F75-FYM.json
F75-XHV;Södermanland;Flen;1.91;Bete;2004-05-27;Rävsnäs 2;https://etjanst.sjv.se/tuvaut/?f=&id=F75-XHV;https://etjanst.sjv.se/hagenpub/rest/base/object/F75-XHV;docs/tuva/sodermanland/objektrapporter/F75-XHV.json
F76-AAO;Södermanland;Eskilstuna;18.84;Bete;2003-06-16;Träskaten;https://etjanst.sjv.se/tuvaut/?f=&id=F76-AAO;https://etjanst.sjv.se/hagenpub/rest/base/object/F76-AAO;docs/tuva/sodermanland/objektrapporter/F76-AAO.json
F76-XQJ;Södermanland;Katrineholm;8.69;Bete;2002-08-06;Glopphälla;https://etjanst.sjv.se/tuvaut/?f=&id=F76-XQJ;https://etjanst.sjv.se/hagenpub/rest/base/object/F76-XQJ;docs/tuva/sodermanland/objektrapporter/F76-XQJ.json
F79-WSE;Södermanland;Gnesta;0.96;Bete;2004-06-18;Fräkenvassen 5;https://etjanst.sjv.se/tuvaut/?f=&id=F79-WSE;https://etjanst.sjv.se/hagenpub/rest/base/object/F79-WSE;docs/tuva/sodermanland/objektrapporter/F79-WSE.json
F7A-BNQ;Södermanland;Vingåker;0.75;Bete;2018-08-15;Stora Hökhult 2;https://etjanst.sjv.se/tuvaut/?f=&id=F7A-BNQ;https://etjanst.sjv.se/hagenpub/rest/base/object/F7A-BNQ;docs/tuva/sodermanland/objektrapporter/F7A-BNQ.json
F7A-LWW;Södermanland;Katrineholm;2.29;Bete;2004-09-14;askarbol;https://etjanst.sjv.se/tuvaut/?f=&id=F7A-LWW;https://etjanst.sjv.se/hagenpub/rest/base/object/F7A-LWW;docs/tuva/sodermanland/objektrapporter/F7A-LWW.json
F7A-UIK;Södermanland;Nyköping;18.71;Bete;2002-07-19;;https://etjanst.sjv.se/tuvaut/?f=&id=F7A-UIK;https://etjanst.sjv.se/hagenpub/rest/base/object/F7A-UIK;docs/tuva/sodermanland/objektrapporter/F7A-UIK.json
F7A-WHU;Södermanland;Gnesta;1.24;Bete;2004-07-06;Harbro 2;https://etjanst.sjv.se/tuvaut/?f=&id=F7A-WHU;https://etjanst.sjv.se/hagenpub/rest/base/object/F7A-WHU;docs/tuva/sodermanland/objektrapporter/F7A-WHU.json
F7B-XNR;Södermanland;Gnesta;0.42;Bete;2003-09-17;Bondhälla 2;https://etjanst.sjv.se/tuvaut/?f=&id=F7B-XNR;https://etjanst.sjv.se/hagenpub/rest/base/object/F7B-XNR;docs/tuva/sodermanland/objektrapporter/F7B-XNR.json
F7C-GQE;Södermanland;Flen;0.65;Bete;2003-08-01;Staväng 1;https://etjanst.sjv.se/tuvaut/?f=&id=F7C-GQE;https://etjanst.sjv.se/hagenpub/rest/base/object/F7C-GQE;docs/tuva/sodermanland/objektrapporter/F7C-GQE.json
F7C-TLJ;Södermanland;Katrineholm;0.47;Restaurerbar;2004-09-15;sund extra 2;https://etjanst.sjv.se/tuvaut/?f=&id=F7C-TLJ;https://etjanst.sjv.se/hagenpub/rest/base/object/F7C-TLJ;docs/tuva/sodermanland/objektrapporter/F7C-TLJ.json
F7E-CDH;Södermanland;Vingåker;0.32;Bete;2003-08-06;Dal 3;https://etjanst.sjv.se/tuvaut/?f=&id=F7E-CDH;https://etjanst.sjv.se/hagenpub/rest/base/object/F7E-CDH;docs/tuva/sodermanland/objektrapporter/F7E-CDH.json
F7F-SMF;Södermanland;Nyköping;5.45;Bete;2002-07-06;;https://etjanst.sjv.se/tuvaut/?f=&id=F7F-SMF;https://etjanst.sjv.se/hagenpub/rest/base/object/F7F-SMF;docs/tuva/sodermanland/objektrapporter/F7F-SMF.json
F82-900;Södermanland;Nyköping;1.36;Bete;2002-07-02;Stora Älghammar;https://etjanst.sjv.se/tuvaut/?f=&id=F82-900;https://etjanst.sjv.se/hagenpub/rest/base/object/F82-900;docs/tuva/sodermanland/objektrapporter/F82-900.json
F82-ONK;Södermanland;Katrineholm;5.49;Bete;2003-05-22;Fagertorp;https://etjanst.sjv.se/tuvaut/?f=&id=F82-ONK;https://etjanst.sjv.se/hagenpub/rest/base/object/F82-ONK;docs/tuva/sodermanland/objektrapporter/F82-ONK.json
F82-YWQ;Södermanland;Katrineholm;8.53;Bete;2002-07-09;Kårtorp 1;https://etjanst.sjv.se/tuvaut/?f=&id=F82-YWQ;https://etjanst.sjv.se/hagenpub/rest/base/object/F82-YWQ;docs/tuva/sodermanland/objektrapporter/F82-YWQ.json
F83-INE;Södermanland;Katrineholm;5.1;Bete;2002-07-10;;https://etjanst.sjv.se/tuvaut/?f=&id=F83-INE;https://etjanst.sjv.se/hagenpub/rest/base/object/F83-INE;docs/tuva/sodermanland/objektrapporter/F83-INE.json
F87-IPO;Södermanland;Katrineholm;5.1;Bete;2003-07-11;;https://etjanst.sjv.se/tuvaut/?f=&id=F87-IPO;https://etjanst.sjv.se/hagenpub/rest/base/object/F87-IPO;docs/tuva/sodermanland/objektrapporter/F87-IPO.json
F87-SWC;Södermanland;Nyköping;1.75;Restaurerbar;2002-07-19;;https://etjanst.sjv.se/tuvaut/?f=&id=F87-SWC;https://etjanst.sjv.se/hagenpub/rest/base/object/F87-SWC;docs/tuva/sodermanland/objektrapporter/F87-SWC.json
F8C-C80D;Södermanland;Nyköping;4.79;Bete;2002-07-03;Nynäs;https://etjanst.sjv.se/tuvaut/?f=&id=F8C-C80D;https://etjanst.sjv.se/hagenpub/rest/base/object/F8C-C80D;docs/tuva/sodermanland/objektrapporter/F8C-C80D.json
F8F-200;Södermanland;Strängnäs;6.69;Bete;2002-06-04;Algö1;https://etjanst.sjv.se/tuvaut/?f=&id=F8F-200;https://etjanst.sjv.se/hagenpub/rest/base/object/F8F-200;docs/tuva/sodermanland/objektrapporter/F8F-200.json
F8F-EMN;Södermanland;Flen;16.92;Bete;2004-06-03;Sörby 2;https://etjanst.sjv.se/tuvaut/?f=&id=F8F-EMN;https://etjanst.sjv.se/hagenpub/rest/base/object/F8F-EMN;docs/tuva/sodermanland/objektrapporter/F8F-EMN.json
F8F-TSP;Södermanland;Gnesta;4.98;Bete;2003-09-29;Norrby 2;https://etjanst.sjv.se/tuvaut/?f=&id=F8F-TSP;https://etjanst.sjv.se/hagenpub/rest/base/object/F8F-TSP;docs/tuva/sodermanland/objektrapporter/F8F-TSP.json
F91-E80;Södermanland;Strängnäs;1.82;Bete;2002-05-27;Nällsta2;https://etjanst.sjv.se/tuvaut/?f=&id=F91-E80;https://etjanst.sjv.se/hagenpub/rest/base/object/F91-E80;docs/tuva/sodermanland/objektrapporter/F91-E80.json
F94-GMO;Södermanland;Katrineholm;1.16;Bete;2003-06-05;Stora Hökhult 1;https://etjanst.sjv.se/tuvaut/?f=&id=F94-GMO;https://etjanst.sjv.se/hagenpub/rest/base/object/F94-GMO;docs/tuva/sodermanland/objektrapporter/F94-GMO.json
F94-UAB;Södermanland;Eskilstuna;6.26;Bete;2002-08-12;Hammarby1;https://etjanst.sjv.se/tuvaut/?f=&id=F94-UAB;https://etjanst.sjv.se/hagenpub/rest/base/object/F94-UAB;docs/tuva/sodermanland/objektrapporter/F94-UAB.json
F94-WGD;Södermanland;Eskilstuna;2.11;Bete;2003-07-30;Örsta3;https://etjanst.sjv.se/tuvaut/?f=&id=F94-WGD;https://etjanst.sjv.se/hagenpub/rest/base/object/F94-WGD;docs/tuva/sodermanland/objektrapporter/F94-WGD.json
F96-IEW;Södermanland;Vingåker;0.73;Bete;2003-08-05;;https://etjanst.sjv.se/tuvaut/?f=&id=F96-IEW;https://etjanst.sjv.se/hagenpub/rest/base/object/F96-IEW;docs/tuva/sodermanland/objektrapporter/F96-IEW.json
F99-XED;Södermanland;Flen;2.18;Bete;2003-07-31;;https://etjanst.sjv.se/tuvaut/?f=&id=F99-XED;https://etjanst.sjv.se/hagenpub/rest/base/object/F99-XED;docs/tuva/sodermanland/objektrapporter/F99-XED.json
F99-XIM;Södermanland;Flen;1.28;Bete;2004-08-04;Brolöten 3;https://etjanst.sjv.se/tuvaut/?f=&id=F99-XIM;https://etjanst.sjv.se/hagenpub/rest/base/object/F99-XIM;docs/tuva/sodermanland/objektrapporter/F99-XIM.json
F9A-UYG;Södermanland;Gnesta;0.89;Bete;2004-06-03;Yttervala;https://etjanst.sjv.se/tuvaut/?f=&id=F9A-UYG;https://etjanst.sjv.se/hagenpub/rest/base/object/F9A-UYG;docs/tuva/sodermanland/objektrapporter/F9A-UYG.json
F9A-YWW;Södermanland;Vingåker;4.39;Bete;2003-08-07;Billsbro 1;https://etjanst.sjv.se/tuvaut/?f=&id=F9A-YWW;https://etjanst.sjv.se/hagenpub/rest/base/object/F9A-YWW;docs/tuva/sodermanland/objektrapporter/F9A-YWW.json
F9B-LYB;Södermanland;Flen;2.31;Bete;2003-09-26;Bjursätter 1;https://etjanst.sjv.se/tuvaut/?f=&id=F9B-LYB;https://etjanst.sjv.se/hagenpub/rest/base/object/F9B-LYB;docs/tuva/sodermanland/objektrapporter/F9B-LYB.json
F9B-PIB;Södermanland;Nyköping;0.74;Bete;2004-08-24;Prästebol 2;https://etjanst.sjv.se/tuvaut/?f=&id=F9B-PIB;https://etjanst.sjv.se/hagenpub/rest/base/object/F9B-PIB;docs/tuva/sodermanland/objektrapporter/F9B-PIB.json
F9B-TIJ;Södermanland;Vingåker;0.88;Bete;2003-08-04;Ärnebäck 2;https://etjanst.sjv.se/tuvaut/?f=&id=F9B-TIJ;https://etjanst.sjv.se/hagenpub/rest/base/object/F9B-TIJ;docs/tuva/sodermanland/objektrapporter/F9B-TIJ.json
FA1-900;Södermanland;Nyköping;2.84;Bete;2002-07-03;Överbo;https://etjanst.sjv.se/tuvaut/?f=&id=FA1-900;https://etjanst.sjv.se/hagenpub/rest/base/object/FA1-900;docs/tuva/sodermanland/objektrapporter/FA1-900.json
FA4-IYV;Södermanland;Eskilstuna;2.76;Bete;2003-07-25;Hållsta;https://etjanst.sjv.se/tuvaut/?f=&id=FA4-IYV;https://etjanst.sjv.se/hagenpub/rest/base/object/FA4-IYV;docs/tuva/sodermanland/objektrapporter/FA4-IYV.json
FA4-KJM;Södermanland;Eskilstuna;6.49;Bete;2003-05-20;Lövnäs;https://etjanst.sjv.se/tuvaut/?f=&id=FA4-KJM;https://etjanst.sjv.se/hagenpub/rest/base/object/FA4-KJM;docs/tuva/sodermanland/objektrapporter/FA4-KJM.json
FA5-500;Södermanland;Nyköping;20.12;Restaurerbar;2002-07-04;Segersta, Måstena;https://etjanst.sjv.se/tuvaut/?f=&id=FA5-500;https://etjanst.sjv.se/hagenpub/rest/base/object/FA5-500;docs/tuva/sodermanland/objektrapporter/FA5-500.json
FA6-980;Södermanland;Katrineholm;0.43;Bete;2002-06-24;Strångbäcken 1;https://etjanst.sjv.se/tuvaut/?f=&id=FA6-980;https://etjanst.sjv.se/hagenpub/rest/base/object/FA6-980;docs/tuva/sodermanland/objektrapporter/FA6-980.json
FA8-200;Södermanland;Trosa;5.88;Bete;2026-08-12;Tofsö;https://etjanst.sjv.se/tuvaut/?f=&id=FA8-200;https://etjanst.sjv.se/hagenpub/rest/base/object/FA8-200;docs/tuva/sodermanland/objektrapporter/FA8-200.json
FAC-EES;Södermanland;Eskilstuna;2.47;Bete;2002-08-08;Åsby säteri;https://etjanst.sjv.se/tuvaut/?f=&id=FAC-EES;https://etjanst.sjv.se/hagenpub/rest/base/object/FAC-EES;docs/tuva/sodermanland/objektrapporter/FAC-EES.json
FAD-B80;Södermanland;Nyköping;2.32;Bete;2002-06-26;Gärdesta;https://etjanst.sjv.se/tuvaut/?f=&id=FAD-B80;https://etjanst.sjv.se/hagenpub/rest/base/object/FAD-B80;docs/tuva/sodermanland/objektrapporter/FAD-B80.json
FAE-700;Södermanland;Katrineholm;4.29;Bete;2026-07-08;Tåkenön 2;https://etjanst.sjv.se/tuvaut/?f=&id=FAE-700;https://etjanst.sjv.se/hagenpub/rest/base/object/FAE-700;docs/tuva/sodermanland/objektrapporter/FAE-700.json
FAE-NID;Södermanland;Gnesta;1.67;Bete;2003-08-25;Hässelby 1;https://etjanst.sjv.se/tuvaut/?f=&id=FAE-NID;https://etjanst.sjv.se/hagenpub/rest/base/object/FAE-NID;docs/tuva/sodermanland/objektrapporter/FAE-NID.json
FAF-OIB;Södermanland;Strängnäs;4.48;Restaurerbar;2002-07-10;Hesselbyholm2;https://etjanst.sjv.se/tuvaut/?f=&id=FAF-OIB;https://etjanst.sjv.se/hagenpub/rest/base/object/FAF-OIB;docs/tuva/sodermanland/objektrapporter/FAF-OIB.json
FAY-JEW;Södermanland;Nyköping;3.8;Bete;2023-05-26;Arnö;https://etjanst.sjv.se/tuvaut/?f=&id=FAY-JEW;https://etjanst.sjv.se/hagenpub/rest/base/object/FAY-JEW;docs/tuva/sodermanland/objektrapporter/FAY-JEW.json
FB1-LPK;Södermanland;Eskilstuna;5.31;Bete;2003-08-28;Husby1;https://etjanst.sjv.se/tuvaut/?f=&id=FB1-LPK;https://etjanst.sjv.se/hagenpub/rest/base/object/FB1-LPK;docs/tuva/sodermanland/objektrapporter/FB1-LPK.json
FB1-VMV;Södermanland;Gnesta;3.48;Bete;2004-06-09;Säby 1;https://etjanst.sjv.se/tuvaut/?f=&id=FB1-VMV;https://etjanst.sjv.se/hagenpub/rest/base/object/FB1-VMV;docs/tuva/sodermanland/objektrapporter/FB1-VMV.json
FB4-780;Södermanland;Strängnäs;2.82;Bete;2002-07-02;Hannemyra2;https://etjanst.sjv.se/tuvaut/?f=&id=FB4-780;https://etjanst.sjv.se/hagenpub/rest/base/object/FB4-780;docs/tuva/sodermanland/objektrapporter/FB4-780.json
FB4-LNP;Södermanland;Flen;2.26;Ej aktuell;2004-06-17;Näsby 2;https://etjanst.sjv.se/tuvaut/?f=&id=FB4-LNP;https://etjanst.sjv.se/hagenpub/rest/base/object/FB4-LNP;docs/tuva/sodermanland/objektrapporter/FB4-LNP.json
FB4-XOX;Södermanland;Eskilstuna;0.78;Bete;2003-07-29;Rossviks säteri5;https://etjanst.sjv.se/tuvaut/?f=&id=FB4-XOX;https://etjanst.sjv.se/hagenpub/rest/base/object/FB4-XOX;docs/tuva/sodermanland/objektrapporter/FB4-XOX.json
FB6-BIN;Södermanland;Flen;0.4;Bete;2003-08-01;Staväng 2;https://etjanst.sjv.se/tuvaut/?f=&id=FB6-BIN;https://etjanst.sjv.se/hagenpub/rest/base/object/FB6-BIN;docs/tuva/sodermanland/objektrapporter/FB6-BIN.json
FB7-LTC;Södermanland;Nyköping;0.27;Bete;2002-07-07;Skogsby;https://etjanst.sjv.se/tuvaut/?f=&id=FB7-LTC;https://etjanst.sjv.se/hagenpub/rest/base/object/FB7-LTC;docs/tuva/sodermanland/objektrapporter/FB7-LTC.json
FB7-OWD;Södermanland;Katrineholm;16.82;Bete;2004-06-17;brebol 6;https://etjanst.sjv.se/tuvaut/?f=&id=FB7-OWD;https://etjanst.sjv.se/hagenpub/rest/base/object/FB7-OWD;docs/tuva/sodermanland/objektrapporter/FB7-OWD.json
FB7-QCR;Södermanland;Nyköping;2.23;Restaurerbar;2002-07-20;;https://etjanst.sjv.se/tuvaut/?f=&id=FB7-QCR;https://etjanst.sjv.se/hagenpub/rest/base/object/FB7-QCR;docs/tuva/sodermanland/objektrapporter/FB7-QCR.json
FB7-RFW;Södermanland;Strängnäs;1.1;Bete;2002-07-31;Stora Datorp;https://etjanst.sjv.se/tuvaut/?f=&id=FB7-RFW;https://etjanst.sjv.se/hagenpub/rest/base/object/FB7-RFW;docs/tuva/sodermanland/objektrapporter/FB7-RFW.json
FB9-MOJ;Södermanland;Nyköping;2.7;Bete;2026-06-11;Kryckeläng;https://etjanst.sjv.se/tuvaut/?f=&id=FB9-MOJ;https://etjanst.sjv.se/hagenpub/rest/base/object/FB9-MOJ;docs/tuva/sodermanland/objektrapporter/FB9-MOJ.json
FBC-980;Södermanland;Nyköping;7.18;Bete;2002-06-09;;https://etjanst.sjv.se/tuvaut/?f=&id=FBC-980;https://etjanst.sjv.se/hagenpub/rest/base/object/FBC-980;docs/tuva/sodermanland/objektrapporter/FBC-980.json
FBC-EGT;Södermanland;Strängnäs;3.68;Bete;2002-07-18;Stora Askrännilen2;https://etjanst.sjv.se/tuvaut/?f=&id=FBC-EGT;https://etjanst.sjv.se/hagenpub/rest/base/object/FBC-EGT;docs/tuva/sodermanland/objektrapporter/FBC-EGT.json
FBE-SMM;Södermanland;Flen;4.38;Bete;2004-06-29;Jälund 1;https://etjanst.sjv.se/tuvaut/?f=&id=FBE-SMM;https://etjanst.sjv.se/hagenpub/rest/base/object/FBE-SMM;docs/tuva/sodermanland/objektrapporter/FBE-SMM.json
FBE-WMY;Södermanland;Nyköping;16.77;Bete;2002-07-12;Snäcktorp;https://etjanst.sjv.se/tuvaut/?f=&id=FBE-WMY;https://etjanst.sjv.se/hagenpub/rest/base/object/FBE-WMY;docs/tuva/sodermanland/objektrapporter/FBE-WMY.json
FC0-PVW;Södermanland;Flen;59.73;Bete;2004-06-15;Näsby mfl;https://etjanst.sjv.se/tuvaut/?f=&id=FC0-PVW;https://etjanst.sjv.se/hagenpub/rest/base/object/FC0-PVW;docs/tuva/sodermanland/objektrapporter/FC0-PVW.json
FC1-UYG;Södermanland;Katrineholm;2.01;Bete;2003-09-06;;https://etjanst.sjv.se/tuvaut/?f=&id=FC1-UYG;https://etjanst.sjv.se/hagenpub/rest/base/object/FC1-UYG;docs/tuva/sodermanland/objektrapporter/FC1-UYG.json
FC4-QRW;Södermanland;Katrineholm;4.26;Bete;2004-06-17;brebol 7;https://etjanst.sjv.se/tuvaut/?f=&id=FC4-QRW;https://etjanst.sjv.se/hagenpub/rest/base/object/FC4-QRW;docs/tuva/sodermanland/objektrapporter/FC4-QRW.json
FC6-IHS;Södermanland;Gnesta;1.41;Bete;2004-06-07;Gröndal 3;https://etjanst.sjv.se/tuvaut/?f=&id=FC6-IHS;https://etjanst.sjv.se/hagenpub/rest/base/object/FC6-IHS;docs/tuva/sodermanland/objektrapporter/FC6-IHS.json
FC9-SBF;Södermanland;Eskilstuna;17.86;Bete;2003-07-24;Kinglöt;https://etjanst.sjv.se/tuvaut/?f=&id=FC9-SBF;https://etjanst.sjv.se/hagenpub/rest/base/object/FC9-SBF;docs/tuva/sodermanland/objektrapporter/FC9-SBF.json
FCA-FPM;Södermanland;Flen;0.9;Bete;2003-09-19;Stav 3;https://etjanst.sjv.se/tuvaut/?f=&id=FCA-FPM;https://etjanst.sjv.se/hagenpub/rest/base/object/FCA-FPM;docs/tuva/sodermanland/objektrapporter/FCA-FPM.json
FCE-ETI;Södermanland;Katrineholm;1.56;Bete;2004-06-21;gustafsvik 5;https://etjanst.sjv.se/tuvaut/?f=&id=FCE-ETI;https://etjanst.sjv.se/hagenpub/rest/base/object/FCE-ETI;docs/tuva/sodermanland/objektrapporter/FCE-ETI.json
FCE-QLG;Södermanland;Katrineholm;1.16;Bete;2002-08-14;Kårmossen 2;https://etjanst.sjv.se/tuvaut/?f=&id=FCE-QLG;https://etjanst.sjv.se/hagenpub/rest/base/object/FCE-QLG;docs/tuva/sodermanland/objektrapporter/FCE-QLG.json
FCU-CYG;Södermanland;Eskilstuna;0.13;Bete;2019-09-13;Hedensö 1;https://etjanst.sjv.se/tuvaut/?f=&id=FCU-CYG;https://etjanst.sjv.se/hagenpub/rest/base/object/FCU-CYG;docs/tuva/sodermanland/objektrapporter/FCU-CYG.json
FD1-600;Södermanland;Eskilstuna;9.0;Bete;2002-05-13;Täby1;https://etjanst.sjv.se/tuvaut/?f=&id=FD1-600;https://etjanst.sjv.se/hagenpub/rest/base/object/FD1-600;docs/tuva/sodermanland/objektrapporter/FD1-600.json
FD2-680;Södermanland;Nyköping;0.18;Bete;2002-06-29;Daltorp;https://etjanst.sjv.se/tuvaut/?f=&id=FD2-680;https://etjanst.sjv.se/hagenpub/rest/base/object/FD2-680;docs/tuva/sodermanland/objektrapporter/FD2-680.json
FD5-RXY;Södermanland;Eskilstuna;0.61;Bete;2003-07-30;Balsta1;https://etjanst.sjv.se/tuvaut/?f=&id=FD5-RXY;https://etjanst.sjv.se/hagenpub/rest/base/object/FD5-RXY;docs/tuva/sodermanland/objektrapporter/FD5-RXY.json
FD6-MMU;Södermanland;Nyköping;16.14;Äng;2002-07-19;;https://etjanst.sjv.se/tuvaut/?f=&id=FD6-MMU;https://etjanst.sjv.se/hagenpub/rest/base/object/FD6-MMU;docs/tuva/sodermanland/objektrapporter/FD6-MMU.json
FD6-PGA;Södermanland;Gnesta;1.34;Restaurerbar;2004-06-04;Kolke 2;https://etjanst.sjv.se/tuvaut/?f=&id=FD6-PGA;https://etjanst.sjv.se/hagenpub/rest/base/object/FD6-PGA;docs/tuva/sodermanland/objektrapporter/FD6-PGA.json
FD7-900;Södermanland;Nyköping;11.15;Bete;2002-05-06;;https://etjanst.sjv.se/tuvaut/?f=&id=FD7-900;https://etjanst.sjv.se/hagenpub/rest/base/object/FD7-900;docs/tuva/sodermanland/objektrapporter/FD7-900.json
FD7-B00;Södermanland;Katrineholm;2.62;Bete;2002-06-03;Sjögetorp 2;https://etjanst.sjv.se/tuvaut/?f=&id=FD7-B00;https://etjanst.sjv.se/hagenpub/rest/base/object/FD7-B00;docs/tuva/sodermanland/objektrapporter/FD7-B00.json
FD7-B80;Södermanland;Strängnäs;8.9;Bete;2002-07-01;Bergshammar1;https://etjanst.sjv.se/tuvaut/?f=&id=FD7-B80;https://etjanst.sjv.se/hagenpub/rest/base/object/FD7-B80;docs/tuva/sodermanland/objektrapporter/FD7-B80.json
FD9-F00;Södermanland;Trosa;2.2;Bete;2002-05-05;;https://etjanst.sjv.se/tuvaut/?f=&id=FD9-F00;https://etjanst.sjv.se/hagenpub/rest/base/object/FD9-F00;docs/tuva/sodermanland/objektrapporter/FD9-F00.json
FD9-KLP;Södermanland;Eskilstuna;5.34;Restaurerbar;2003-07-15;Mågla2;https://etjanst.sjv.se/tuvaut/?f=&id=FD9-KLP;https://etjanst.sjv.se/hagenpub/rest/base/object/FD9-KLP;docs/tuva/sodermanland/objektrapporter/FD9-KLP.json
FDC-NSP;Södermanland;Flen;1.04;Ej aktuell;2004-07-28;Sörby 2;https://etjanst.sjv.se/tuvaut/?f=&id=FDC-NSP;https://etjanst.sjv.se/hagenpub/rest/base/object/FDC-NSP;docs/tuva/sodermanland/objektrapporter/FDC-NSP.json
FDD-HRG;Södermanland;Eskilstuna;9.5;Bete;2003-07-23;Åby;https://etjanst.sjv.se/tuvaut/?f=&id=FDD-HRG;https://etjanst.sjv.se/hagenpub/rest/base/object/FDD-HRG;docs/tuva/sodermanland/objektrapporter/FDD-HRG.json
FDD-YIL;Södermanland;Nyköping;5.13;Restaurerbar;2002-08-15;Grytmar;https://etjanst.sjv.se/tuvaut/?f=&id=FDD-YIL;https://etjanst.sjv.se/hagenpub/rest/base/object/FDD-YIL;docs/tuva/sodermanland/objektrapporter/FDD-YIL.json
FDT-KZF;Södermanland;Flen;10.19;Bete;2008-09-12;Stenhammar1;https://etjanst.sjv.se/tuvaut/?f=&id=FDT-KZF;https://etjanst.sjv.se/hagenpub/rest/base/object/FDT-KZF;docs/tuva/sodermanland/objektrapporter/FDT-KZF.json
FDV-ASB;Södermanland;Gnesta;1.2;Bete;2019-06-25;Björnlunda-Jakobsberg 1;https://etjanst.sjv.se/tuvaut/?f=&id=FDV-ASB;https://etjanst.sjv.se/hagenpub/rest/base/object/FDV-ASB;docs/tuva/sodermanland/objektrapporter/FDV-ASB.json
FE1-OLV;Södermanland;Strängnäs;2.83;Bete;2004-08-23;Åbykvarn 1;https://etjanst.sjv.se/tuvaut/?f=&id=FE1-OLV;https://etjanst.sjv.se/hagenpub/rest/base/object/FE1-OLV;docs/tuva/sodermanland/objektrapporter/FE1-OLV.json
FE2-300;Södermanland;Katrineholm;2.9;Bete;2002-07-04;Olofstorp 2;https://etjanst.sjv.se/tuvaut/?f=&id=FE2-300;https://etjanst.sjv.se/hagenpub/rest/base/object/FE2-300;docs/tuva/sodermanland/objektrapporter/FE2-300.json
FE4-OSA;Södermanland;Nyköping;4.95;Bete;2002-09-04;Runtuna, Sörby;https://etjanst.sjv.se/tuvaut/?f=&id=FE4-OSA;https://etjanst.sjv.se/hagenpub/rest/base/object/FE4-OSA;docs/tuva/sodermanland/objektrapporter/FE4-OSA.json
FE5-QOI;Södermanland;Eskilstuna;5.55;Bete;2004-08-17;Ekorneberg 2;https://etjanst.sjv.se/tuvaut/?f=&id=FE5-QOI;https://etjanst.sjv.se/hagenpub/rest/base/object/FE5-QOI;docs/tuva/sodermanland/objektrapporter/FE5-QOI.json
FE6-F80;Södermanland;Strängnäs;9.78;Bete;2002-05-31;Rönnbacken;https://etjanst.sjv.se/tuvaut/?f=&id=FE6-F80;https://etjanst.sjv.se/hagenpub/rest/base/object/FE6-F80;docs/tuva/sodermanland/objektrapporter/FE6-F80.json
FE6-UTQ;Södermanland;Eskilstuna;6.01;Bete;2002-09-09;Klippbergen;https://etjanst.sjv.se/tuvaut/?f=&id=FE6-UTQ;https://etjanst.sjv.se/hagenpub/rest/base/object/FE6-UTQ;docs/tuva/sodermanland/objektrapporter/FE6-UTQ.json
FE8-100;Södermanland;Nyköping;2.97;Bete;2023-08-07;Ärsta;https://etjanst.sjv.se/tuvaut/?f=&id=FE8-100;https://etjanst.sjv.se/hagenpub/rest/base/object/FE8-100;docs/tuva/sodermanland/objektrapporter/FE8-100.json
FE8-XBC;Södermanland;Flen;19.76;Bete;2004-07-22;harpsund 6;https://etjanst.sjv.se/tuvaut/?f=&id=FE8-XBC;https://etjanst.sjv.se/hagenpub/rest/base/object/FE8-XBC;docs/tuva/sodermanland/objektrapporter/FE8-XBC.json
FEC-FAW;Södermanland;Nyköping;0.96;Bete;2003-05-27;Hällen 1;https://etjanst.sjv.se/tuvaut/?f=&id=FEC-FAW;https://etjanst.sjv.se/hagenpub/rest/base/object/FEC-FAW;docs/tuva/sodermanland/objektrapporter/FEC-FAW.json
FED-VFJ;Södermanland;Eskilstuna;1.64;Bete;2003-09-03;Magda7;https://etjanst.sjv.se/tuvaut/?f=&id=FED-VFJ;https://etjanst.sjv.se/hagenpub/rest/base/object/FED-VFJ;docs/tuva/sodermanland/objektrapporter/FED-VFJ.json
FEF-HTW;Södermanland;Flen;0.64;Bete;2004-08-24;eketorp;https://etjanst.sjv.se/tuvaut/?f=&id=FEF-HTW;https://etjanst.sjv.se/hagenpub/rest/base/object/FEF-HTW;docs/tuva/sodermanland/objektrapporter/FEF-HTW.json
FEF-KMZ;Södermanland;Katrineholm;1.09;Bete;2003-05-22;Bie 2;https://etjanst.sjv.se/tuvaut/?f=&id=FEF-KMZ;https://etjanst.sjv.se/hagenpub/rest/base/object/FEF-KMZ;docs/tuva/sodermanland/objektrapporter/FEF-KMZ.json
FET-OZR;Södermanland;Nyköping;4.53;Ej aktuell;2010-07-08;;https://etjanst.sjv.se/tuvaut/?f=&id=FET-OZR;https://etjanst.sjv.se/hagenpub/rest/base/object/FET-OZR;docs/tuva/sodermanland/objektrapporter/FET-OZR.json
FF0-HLT;Södermanland;Nyköping;0.66;Bete;2004-06-07;Långbro 1;https://etjanst.sjv.se/tuvaut/?f=&id=FF0-HLT;https://etjanst.sjv.se/hagenpub/rest/base/object/FF0-HLT;docs/tuva/sodermanland/objektrapporter/FF0-HLT.json
FF0-VAM;Södermanland;Vingåker;0.65;Bete;2003-08-17;;https://etjanst.sjv.se/tuvaut/?f=&id=FF0-VAM;https://etjanst.sjv.se/hagenpub/rest/base/object/FF0-VAM;docs/tuva/sodermanland/objektrapporter/FF0-VAM.json
FF1-JVM;Södermanland;Katrineholm;8.43;Bete;2003-07-21;Åbol 1;https://etjanst.sjv.se/tuvaut/?f=&id=FF1-JVM;https://etjanst.sjv.se/hagenpub/rest/base/object/FF1-JVM;docs/tuva/sodermanland/objektrapporter/FF1-JVM.json
FF2-MWY;Södermanland;Vingåker;0.52;Bete;2003-08-18;;https://etjanst.sjv.se/tuvaut/?f=&id=FF2-MWY;https://etjanst.sjv.se/hagenpub/rest/base/object/FF2-MWY;docs/tuva/sodermanland/objektrapporter/FF2-MWY.json
FF3-MQC;Södermanland;Flen;1.97;Bete;2004-06-21;Kyrkobol 2;https://etjanst.sjv.se/tuvaut/?f=&id=FF3-MQC;https://etjanst.sjv.se/hagenpub/rest/base/object/FF3-MQC;docs/tuva/sodermanland/objektrapporter/FF3-MQC.json
FF3-PKG;Södermanland;Strängnäs;0.55;Bete;2004-08-25;Nursa 4;https://etjanst.sjv.se/tuvaut/?f=&id=FF3-PKG;https://etjanst.sjv.se/hagenpub/rest/base/object/FF3-PKG;docs/tuva/sodermanland/objektrapporter/FF3-PKG.json
FF5-RWO;Södermanland;Nyköping;0.38;Bete;2004-08-24;Axmora 3;https://etjanst.sjv.se/tuvaut/?f=&id=FF5-RWO;https://etjanst.sjv.se/hagenpub/rest/base/object/FF5-RWO;docs/tuva/sodermanland/objektrapporter/FF5-RWO.json
FF5-XAY;Södermanland;Gnesta;2.07;Bete;2004-06-23;Axala 2;https://etjanst.sjv.se/tuvaut/?f=&id=FF5-XAY;https://etjanst.sjv.se/hagenpub/rest/base/object/FF5-XAY;docs/tuva/sodermanland/objektrapporter/FF5-XAY.json
FF7-700;Södermanland;Nyköping;1.36;Bete;2002-06-29;Daltorp;https://etjanst.sjv.se/tuvaut/?f=&id=FF7-700;https://etjanst.sjv.se/hagenpub/rest/base/object/FF7-700;docs/tuva/sodermanland/objektrapporter/FF7-700.json
FF8-NGA;Södermanland;Katrineholm;7.57;Bete;2002-07-10;Trolldal;https://etjanst.sjv.se/tuvaut/?f=&id=FF8-NGA;https://etjanst.sjv.se/hagenpub/rest/base/object/FF8-NGA;docs/tuva/sodermanland/objektrapporter/FF8-NGA.json
FFA-PVX;Södermanland;Flen;2.74;Bete;2004-07-28;vadsbro by 1;https://etjanst.sjv.se/tuvaut/?f=&id=FFA-PVX;https://etjanst.sjv.se/hagenpub/rest/base/object/FFA-PVX;docs/tuva/sodermanland/objektrapporter/FFA-PVX.json
FFA-WUU;Södermanland;Gnesta;1.48;Ej aktuell;2004-06-23;Kalvsboda 1;https://etjanst.sjv.se/tuvaut/?f=&id=FFA-WUU;https://etjanst.sjv.se/hagenpub/rest/base/object/FFA-WUU;docs/tuva/sodermanland/objektrapporter/FFA-WUU.json
FFA-XCH;Södermanland;Gnesta;1.14;Bete;2004-09-17;smedsta 1;https://etjanst.sjv.se/tuvaut/?f=&id=FFA-XCH;https://etjanst.sjv.se/hagenpub/rest/base/object/FFA-XCH;docs/tuva/sodermanland/objektrapporter/FFA-XCH.json
FFB-280;Södermanland;Strängnäs;0.35;Restaurerbar;2002-06-26;Åsby1;https://etjanst.sjv.se/tuvaut/?f=&id=FFB-280;https://etjanst.sjv.se/hagenpub/rest/base/object/FFB-280;docs/tuva/sodermanland/objektrapporter/FFB-280.json
FFB-300;Södermanland;Strängnäs;1.34;Bete;2002-06-18;Marby säteri;https://etjanst.sjv.se/tuvaut/?f=&id=FFB-300;https://etjanst.sjv.se/hagenpub/rest/base/object/FFB-300;docs/tuva/sodermanland/objektrapporter/FFB-300.json
FFE-700;Södermanland;Nyköping;1.46;Restaurerbar;2002-06-03;Laggarbo, järpsätter.;https://etjanst.sjv.se/tuvaut/?f=&id=FFE-700;https://etjanst.sjv.se/hagenpub/rest/base/object/FFE-700;docs/tuva/sodermanland/objektrapporter/FFE-700.json
FFE-LSS;Södermanland;Nyköping;0.74;Bete;2009-07-22;;https://etjanst.sjv.se/tuvaut/?f=&id=FFE-LSS;https://etjanst.sjv.se/hagenpub/rest/base/object/FFE-LSS;docs/tuva/sodermanland/objektrapporter/FFE-LSS.json
FFE-PUL;Södermanland;Gnesta;7.27;Restaurerbar;2003-09-16;Åshammar 2;https://etjanst.sjv.se/tuvaut/?f=&id=FFE-PUL;https://etjanst.sjv.se/hagenpub/rest/base/object/FFE-PUL;docs/tuva/sodermanland/objektrapporter/FFE-PUL.json
FHZ-EYG;Södermanland;Flen;0.67;Bete;2019-08-19;Slättfall 2;https://etjanst.sjv.se/tuvaut/?f=&id=FHZ-EYG;https://etjanst.sjv.se/hagenpub/rest/base/object/FHZ-EYG;docs/tuva/sodermanland/objektrapporter/FHZ-EYG.json
FIE-OZF;Södermanland;Nyköping;2.8;Bete;2019-06-13;Nynäs;https://etjanst.sjv.se/tuvaut/?f=&id=FIE-OZF;https://etjanst.sjv.se/hagenpub/rest/base/object/FIE-OZF;docs/tuva/sodermanland/objektrapporter/FIE-OZF.json
FIW-LWT;Södermanland;Flen;1.57;Bete;2019-08-22;Remna 1;https://etjanst.sjv.se/tuvaut/?f=&id=FIW-LWT;https://etjanst.sjv.se/hagenpub/rest/base/object/FIW-LWT;docs/tuva/sodermanland/objektrapporter/FIW-LWT.json
FIW-MIO;Södermanland;Katrineholm;0.58;Bete;2009-07-21;;https://etjanst.sjv.se/tuvaut/?f=&id=FIW-MIO;https://etjanst.sjv.se/hagenpub/rest/base/object/FIW-MIO;docs/tuva/sodermanland/objektrapporter/FIW-MIO.json
FLJ-BJK;Södermanland;Flen;6.95;Bete;2009-09-23;;https://etjanst.sjv.se/tuvaut/?f=&id=FLJ-BJK;https://etjanst.sjv.se/hagenpub/rest/base/object/FLJ-BJK;docs/tuva/sodermanland/objektrapporter/FLJ-BJK.json
FNP-LKR;Södermanland;Katrineholm;7.15;Bete;2011-07-05;;https://etjanst.sjv.se/tuvaut/?f=&id=FNP-LKR;https://etjanst.sjv.se/hagenpub/rest/base/object/FNP-LKR;docs/tuva/sodermanland/objektrapporter/FNP-LKR.json
FOB-MNB;Södermanland;Strängnäs;1.72;Bete;2023-08-17;Toresunds-Sundby;https://etjanst.sjv.se/tuvaut/?f=&id=FOB-MNB;https://etjanst.sjv.se/hagenpub/rest/base/object/FOB-MNB;docs/tuva/sodermanland/objektrapporter/FOB-MNB.json
FQJ-FIF;Södermanland;Gnesta;0.35;Bete;2012-09-11;Tomtekulla;https://etjanst.sjv.se/tuvaut/?f=&id=FQJ-FIF;https://etjanst.sjv.se/hagenpub/rest/base/object/FQJ-FIF;docs/tuva/sodermanland/objektrapporter/FQJ-FIF.json
FRL-VYW;Södermanland;Katrineholm;0.18;Bete;2026-06-17;brynstorp 2;https://etjanst.sjv.se/tuvaut/?f=&id=FRL-VYW;https://etjanst.sjv.se/hagenpub/rest/base/object/FRL-VYW;docs/tuva/sodermanland/objektrapporter/FRL-VYW.json
FSH-URS;Södermanland;Nyköping;2.28;Restaurerbar;2009-07-22;;https://etjanst.sjv.se/tuvaut/?f=&id=FSH-URS;https://etjanst.sjv.se/hagenpub/rest/base/object/FSH-URS;docs/tuva/sodermanland/objektrapporter/FSH-URS.json
FSL-XNU;Södermanland;Flen;4.35;Bete;2011-07-13;;https://etjanst.sjv.se/tuvaut/?f=&id=FSL-XNU;https://etjanst.sjv.se/hagenpub/rest/base/object/FSL-XNU;docs/tuva/sodermanland/objektrapporter/FSL-XNU.json
FSV-RRD;Södermanland;Strängnäs;2.33;Restaurerbar;2018-09-07;Plångsta Fäboda 1;https://etjanst.sjv.se/tuvaut/?f=&id=FSV-RRD;https://etjanst.sjv.se/hagenpub/rest/base/object/FSV-RRD;docs/tuva/sodermanland/objektrapporter/FSV-RRD.json
FXZ-ILM;Södermanland;Gnesta;1.92;Bete;2006-01-31;;https://etjanst.sjv.se/tuvaut/?f=&id=FXZ-ILM;https://etjanst.sjv.se/hagenpub/rest/base/object/FXZ-ILM;docs/tuva/sodermanland/objektrapporter/FXZ-ILM.json
FZI-WUM;Södermanland;Vingåker;0.88;Bete;2018-08-08;Nolankärr;https://etjanst.sjv.se/tuvaut/?f=&id=FZI-WUM;https://etjanst.sjv.se/hagenpub/rest/base/object/FZI-WUM;docs/tuva/sodermanland/objektrapporter/FZI-WUM.json
GAA-PCN;Södermanland;Strängnäs;2.7;Bete;2018-08-23;Elma 6;https://etjanst.sjv.se/tuvaut/?f=&id=GAA-PCN;https://etjanst.sjv.se/hagenpub/rest/base/object/GAA-PCN;docs/tuva/sodermanland/objektrapporter/GAA-PCN.json
GBM-MVY;Södermanland;Nyköping;4.29;Bete;2009-07-22;;https://etjanst.sjv.se/tuvaut/?f=&id=GBM-MVY;https://etjanst.sjv.se/hagenpub/rest/base/object/GBM-MVY;docs/tuva/sodermanland/objektrapporter/GBM-MVY.json
GCV-ASR;Södermanland;Gnesta;0.9;Restaurerbar;2008-09-12;Lådra3;https://etjanst.sjv.se/tuvaut/?f=&id=GCV-ASR;https://etjanst.sjv.se/hagenpub/rest/base/object/GCV-ASR;docs/tuva/sodermanland/objektrapporter/GCV-ASR.json
GED-RJB;Södermanland;Flen;0.28;Bete;2019-08-07;Hyltinge-Torp 1;https://etjanst.sjv.se/tuvaut/?f=&id=GED-RJB;https://etjanst.sjv.se/hagenpub/rest/base/object/GED-RJB;docs/tuva/sodermanland/objektrapporter/GED-RJB.json
GGH-OYL;Södermanland;Strängnäs;0.48;Bete;2018-08-21;Strängnäs-Åby 5;https://etjanst.sjv.se/tuvaut/?f=&id=GGH-OYL;https://etjanst.sjv.se/hagenpub/rest/base/object/GGH-OYL;docs/tuva/sodermanland/objektrapporter/GGH-OYL.json
GGV-RDG;Södermanland;Eskilstuna;1.82;Bete;2019-09-03;Kafjärdsskogen 1;https://etjanst.sjv.se/tuvaut/?f=&id=GGV-RDG;https://etjanst.sjv.se/hagenpub/rest/base/object/GGV-RDG;docs/tuva/sodermanland/objektrapporter/GGV-RDG.json
GHE-YPD;Södermanland;Flen;0.58;Bete;2023-09-11;Stenhammar;https://etjanst.sjv.se/tuvaut/?f=&id=GHE-YPD;https://etjanst.sjv.se/hagenpub/rest/base/object/GHE-YPD;docs/tuva/sodermanland/objektrapporter/GHE-YPD.json
GIX-VXA;Södermanland;Vingåker;1.58;Bete;2011-06-29;;https://etjanst.sjv.se/tuvaut/?f=&id=GIX-VXA;https://etjanst.sjv.se/hagenpub/rest/base/object/GIX-VXA;docs/tuva/sodermanland/objektrapporter/GIX-VXA.json
GJK-OFV;Södermanland;Nyköping;2.14;Bete;2010-06-30;Århammar 4:1;https://etjanst.sjv.se/tuvaut/?f=&id=GJK-OFV;https://etjanst.sjv.se/hagenpub/rest/base/object/GJK-OFV;docs/tuva/sodermanland/objektrapporter/GJK-OFV.json
GKH-WEG;Södermanland;Gnesta;1.27;Restaurerbar;2008-09-12;Lådra1;https://etjanst.sjv.se/tuvaut/?f=&id=GKH-WEG;https://etjanst.sjv.se/hagenpub/rest/base/object/GKH-WEG;docs/tuva/sodermanland/objektrapporter/GKH-WEG.json
GLC-NAS;Södermanland;Katrineholm;4.01;Bete;2009-07-21;;https://etjanst.sjv.se/tuvaut/?f=&id=GLC-NAS;https://etjanst.sjv.se/hagenpub/rest/base/object/GLC-NAS;docs/tuva/sodermanland/objektrapporter/GLC-NAS.json
GLZ-JBF;Södermanland;Strängnäs;1.25;Bete;2023-08-11;Vältesta;https://etjanst.sjv.se/tuvaut/?f=&id=GLZ-JBF;https://etjanst.sjv.se/hagenpub/rest/base/object/GLZ-JBF;docs/tuva/sodermanland/objektrapporter/GLZ-JBF.json
GMC-IJM;Södermanland;Nyköping;0.31;Bete;2009-08-13;;https://etjanst.sjv.se/tuvaut/?f=&id=GMC-IJM;https://etjanst.sjv.se/hagenpub/rest/base/object/GMC-IJM;docs/tuva/sodermanland/objektrapporter/GMC-IJM.json
GMW-WJN;Södermanland;Nyköping;0.59;Bete;2010-07-08;;https://etjanst.sjv.se/tuvaut/?f=&id=GMW-WJN;https://etjanst.sjv.se/hagenpub/rest/base/object/GMW-WJN;docs/tuva/sodermanland/objektrapporter/GMW-WJN.json
GOC-YWE;Södermanland;Katrineholm;2.33;Bete;2008-08-21;;https://etjanst.sjv.se/tuvaut/?f=&id=GOC-YWE;https://etjanst.sjv.se/hagenpub/rest/base/object/GOC-YWE;docs/tuva/sodermanland/objektrapporter/GOC-YWE.json
GOE-LVO;Södermanland;Eskilstuna;1.82;Bete;2018-10-09;Åsbymon 2;https://etjanst.sjv.se/tuvaut/?f=&id=GOE-LVO;https://etjanst.sjv.se/hagenpub/rest/base/object/GOE-LVO;docs/tuva/sodermanland/objektrapporter/GOE-LVO.json
GPK-XOT;Södermanland;Katrineholm;2.33;Bete;2023-05-30;Östra Vegred;https://etjanst.sjv.se/tuvaut/?f=&id=GPK-XOT;https://etjanst.sjv.se/hagenpub/rest/base/object/GPK-XOT;docs/tuva/sodermanland/objektrapporter/GPK-XOT.json
GQN-FFU;Södermanland;Nyköping;1.97;Äng;2023-06-12;Ripsa-Edeby;https://etjanst.sjv.se/tuvaut/?f=&id=GQN-FFU;https://etjanst.sjv.se/hagenpub/rest/base/object/GQN-FFU;docs/tuva/sodermanland/objektrapporter/GQN-FFU.json
GQX-KHV;Södermanland;Eskilstuna;1.45;Bete;2018-10-18;Stora Sundby 17;https://etjanst.sjv.se/tuvaut/?f=&id=GQX-KHV;https://etjanst.sjv.se/hagenpub/rest/base/object/GQX-KHV;docs/tuva/sodermanland/objektrapporter/GQX-KHV.json
GRL-IFL;Södermanland;Nyköping;4.34;Bete;2007-08-24;Dalvik 2;https://etjanst.sjv.se/tuvaut/?f=&id=GRL-IFL;https://etjanst.sjv.se/hagenpub/rest/base/object/GRL-IFL;docs/tuva/sodermanland/objektrapporter/GRL-IFL.json
GRU-TDA;Södermanland;Katrineholm;3.21;Bete;2011-07-12;;https://etjanst.sjv.se/tuvaut/?f=&id=GRU-TDA;https://etjanst.sjv.se/hagenpub/rest/base/object/GRU-TDA;docs/tuva/sodermanland/objektrapporter/GRU-TDA.json
GRV-AJF;Södermanland;Katrineholm;2.37;Bete;2009-08-25;;https://etjanst.sjv.se/tuvaut/?f=&id=GRV-AJF;https://etjanst.sjv.se/hagenpub/rest/base/object/GRV-AJF;docs/tuva/sodermanland/objektrapporter/GRV-AJF.json
GSH-ZTR;Södermanland;Strängnäs;0.66;Bete;2023-09-19;Granboda;https://etjanst.sjv.se/tuvaut/?f=&id=GSH-ZTR;https://etjanst.sjv.se/hagenpub/rest/base/object/GSH-ZTR;docs/tuva/sodermanland/objektrapporter/GSH-ZTR.json
GSO-IRF;Södermanland;Nyköping;2.17;Bete;2012-06-26;Ytterbo;https://etjanst.sjv.se/tuvaut/?f=&id=GSO-IRF;https://etjanst.sjv.se/hagenpub/rest/base/object/GSO-IRF;docs/tuva/sodermanland/objektrapporter/GSO-IRF.json
GXB-BZA;Södermanland;Flen;0.86;Bete;2019-08-15;Slättfall 2;https://etjanst.sjv.se/tuvaut/?f=&id=GXB-BZA;https://etjanst.sjv.se/hagenpub/rest/base/object/GXB-BZA;docs/tuva/sodermanland/objektrapporter/GXB-BZA.json
GYA-GRX;Södermanland;Eskilstuna;2.91;Restaurerbar;2023-08-31;Ramsund;https://etjanst.sjv.se/tuvaut/?f=&id=GYA-GRX;https://etjanst.sjv.se/hagenpub/rest/base/object/GYA-GRX;docs/tuva/sodermanland/objektrapporter/GYA-GRX.json
GYD-WHL;Södermanland;Strängnäs;0.14;Äng;2023-08-15;Åkers styckebruk;https://etjanst.sjv.se/tuvaut/?f=&id=GYD-WHL;https://etjanst.sjv.se/hagenpub/rest/base/object/GYD-WHL;docs/tuva/sodermanland/objektrapporter/GYD-WHL.json
HBF-DOV;Södermanland;Nyköping;0.64;Restaurerbar;2023-06-09;Listorp;https://etjanst.sjv.se/tuvaut/?f=&id=HBF-DOV;https://etjanst.sjv.se/hagenpub/rest/base/object/HBF-DOV;docs/tuva/sodermanland/objektrapporter/HBF-DOV.json
HCS-ERV;Södermanland;Nyköping;3.4;Bete;2009-09-23;;https://etjanst.sjv.se/tuvaut/?f=&id=HCS-ERV;https://etjanst.sjv.se/hagenpub/rest/base/object/HCS-ERV;docs/tuva/sodermanland/objektrapporter/HCS-ERV.json
HDK-TSE;Södermanland;Flen;0.68;Bete;2019-08-22;Remna 1;https://etjanst.sjv.se/tuvaut/?f=&id=HDK-TSE;https://etjanst.sjv.se/hagenpub/rest/base/object/HDK-TSE;docs/tuva/sodermanland/objektrapporter/HDK-TSE.json
HDQ-HOD;Södermanland;Nyköping;0.26;Bete;2023-08-01;Ripsa-Edeby;https://etjanst.sjv.se/tuvaut/?f=&id=HDQ-HOD;https://etjanst.sjv.se/hagenpub/rest/base/object/HDQ-HOD;docs/tuva/sodermanland/objektrapporter/HDQ-HOD.json
HDT-JIA;Södermanland;Katrineholm;0.66;Bete;2011-07-05;;https://etjanst.sjv.se/tuvaut/?f=&id=HDT-JIA;https://etjanst.sjv.se/hagenpub/rest/base/object/HDT-JIA;docs/tuva/sodermanland/objektrapporter/HDT-JIA.json
HDV-KMS;Södermanland;Nyköping;1.66;Bete;2009-07-16;;https://etjanst.sjv.se/tuvaut/?f=&id=HDV-KMS;https://etjanst.sjv.se/hagenpub/rest/base/object/HDV-KMS;docs/tuva/sodermanland/objektrapporter/HDV-KMS.json
HGC-YJZ;Södermanland;Strängnäs;2.84;Restaurerbar;2023-08-23;Aspö-Lagnö;https://etjanst.sjv.se/tuvaut/?f=&id=HGC-YJZ;https://etjanst.sjv.se/hagenpub/rest/base/object/HGC-YJZ;docs/tuva/sodermanland/objektrapporter/HGC-YJZ.json
HHN-RDO;Södermanland;Nyköping;1.45;Bete;2012-09-18;Gunnersta;https://etjanst.sjv.se/tuvaut/?f=&id=HHN-RDO;https://etjanst.sjv.se/hagenpub/rest/base/object/HHN-RDO;docs/tuva/sodermanland/objektrapporter/HHN-RDO.json
HJB-KAD;Södermanland;Nyköping;0.28;Bete;2018-07-10;Slättkärr 1;https://etjanst.sjv.se/tuvaut/?f=&id=HJB-KAD;https://etjanst.sjv.se/hagenpub/rest/base/object/HJB-KAD;docs/tuva/sodermanland/objektrapporter/HJB-KAD.json
HJX-CGL;Södermanland;Trosa;0.33;Ej aktuell;2026-07-09;Askö;https://etjanst.sjv.se/tuvaut/?f=&id=HJX-CGL;https://etjanst.sjv.se/hagenpub/rest/base/object/HJX-CGL;docs/tuva/sodermanland/objektrapporter/HJX-CGL.json
HKU-PGY;Södermanland;Flen;0.59;Bete;2019-08-15;Baggetorp 3;https://etjanst.sjv.se/tuvaut/?f=&id=HKU-PGY;https://etjanst.sjv.se/hagenpub/rest/base/object/HKU-PGY;docs/tuva/sodermanland/objektrapporter/HKU-PGY.json
HLO-TQX;Södermanland;Nyköping;0.31;Bete;2009-07-21;;https://etjanst.sjv.se/tuvaut/?f=&id=HLO-TQX;https://etjanst.sjv.se/hagenpub/rest/base/object/HLO-TQX;docs/tuva/sodermanland/objektrapporter/HLO-TQX.json
HMP-DEK;Södermanland;Trosa;0.32;Bete;2019-09-27;Berga 4;https://etjanst.sjv.se/tuvaut/?f=&id=HMP-DEK;https://etjanst.sjv.se/hagenpub/rest/base/object/HMP-DEK;docs/tuva/sodermanland/objektrapporter/HMP-DEK.json
HPH-UYN;Södermanland;Eskilstuna;0.1;Bete;2019-09-03;Kafjärdsskogen 1;https://etjanst.sjv.se/tuvaut/?f=&id=HPH-UYN;https://etjanst.sjv.se/hagenpub/rest/base/object/HPH-UYN;docs/tuva/sodermanland/objektrapporter/HPH-UYN.json
HPX-FXV;Södermanland;Gnesta;1.33;Bete;2018-06-28;Herrökna 3;https://etjanst.sjv.se/tuvaut/?f=&id=HPX-FXV;https://etjanst.sjv.se/hagenpub/rest/base/object/HPX-FXV;docs/tuva/sodermanland/objektrapporter/HPX-FXV.json
HQW-ITI;Södermanland;Eskilstuna;2.12;Bete;2018-10-10;Hällby-Ökna 3;https://etjanst.sjv.se/tuvaut/?f=&id=HQW-ITI;https://etjanst.sjv.se/hagenpub/rest/base/object/HQW-ITI;docs/tuva/sodermanland/objektrapporter/HQW-ITI.json
HRX-BOR;Södermanland;Strängnäs;0.65;Bete;2018-08-22;Åbykvarn 2;https://etjanst.sjv.se/tuvaut/?f=&id=HRX-BOR;https://etjanst.sjv.se/hagenpub/rest/base/object/HRX-BOR;docs/tuva/sodermanland/objektrapporter/HRX-BOR.json
HRX-QGQ;Södermanland;Nyköping;4.34;Bete;2009-08-14;;https://etjanst.sjv.se/tuvaut/?f=&id=HRX-QGQ;https://etjanst.sjv.se/hagenpub/rest/base/object/HRX-QGQ;docs/tuva/sodermanland/objektrapporter/HRX-QGQ.json
HSZ-KYB;Södermanland;Katrineholm;0.74;Restaurerbar;2023-08-31;Sköldinge-Smedstorp;https://etjanst.sjv.se/tuvaut/?f=&id=HSZ-KYB;https://etjanst.sjv.se/hagenpub/rest/base/object/HSZ-KYB;docs/tuva/sodermanland/objektrapporter/HSZ-KYB.json
HTG-QHT;Södermanland;Trosa;0.67;Bete;2019-10-04;Vackebol 1;https://etjanst.sjv.se/tuvaut/?f=&id=HTG-QHT;https://etjanst.sjv.se/hagenpub/rest/base/object/HTG-QHT;docs/tuva/sodermanland/objektrapporter/HTG-QHT.json
HUN-OSG;Södermanland;Vingåker;1.3;Bete;2018-08-13;Hemmingstorp 1;https://etjanst.sjv.se/tuvaut/?f=&id=HUN-OSG;https://etjanst.sjv.se/hagenpub/rest/base/object/HUN-OSG;docs/tuva/sodermanland/objektrapporter/HUN-OSG.json
HUS-RHF;Södermanland;Nyköping;0.86;Bete;2009-08-14;;https://etjanst.sjv.se/tuvaut/?f=&id=HUS-RHF;https://etjanst.sjv.se/hagenpub/rest/base/object/HUS-RHF;docs/tuva/sodermanland/objektrapporter/HUS-RHF.json
HXC-RIB;Södermanland;Eskilstuna;0.32;Bete;2019-09-25;Näsna 1;https://etjanst.sjv.se/tuvaut/?f=&id=HXC-RIB;https://etjanst.sjv.se/hagenpub/rest/base/object/HXC-RIB;docs/tuva/sodermanland/objektrapporter/HXC-RIB.json
IAE-CXB;Södermanland;Katrineholm;0.53;Bete;2023-08-30;Årsta;https://etjanst.sjv.se/tuvaut/?f=&id=IAE-CXB;https://etjanst.sjv.se/hagenpub/rest/base/object/IAE-CXB;docs/tuva/sodermanland/objektrapporter/IAE-CXB.json
IBG-WNB;Södermanland;Eskilstuna;0.25;Bete;2019-09-17;Näshulta-Åstorp 2;https://etjanst.sjv.se/tuvaut/?f=&id=IBG-WNB;https://etjanst.sjv.se/hagenpub/rest/base/object/IBG-WNB;docs/tuva/sodermanland/objektrapporter/IBG-WNB.json
IBX-LDD;Södermanland;Katrineholm;0.59;Bete;2008-08-21;Hedetorp 1;https://etjanst.sjv.se/tuvaut/?f=&id=IBX-LDD;https://etjanst.sjv.se/hagenpub/rest/base/object/IBX-LDD;docs/tuva/sodermanland/objektrapporter/IBX-LDD.json
IDU-WQO;Södermanland;Vingåker;0.49;Bete;2018-08-13;Skenäs;https://etjanst.sjv.se/tuvaut/?f=&id=IDU-WQO;https://etjanst.sjv.se/hagenpub/rest/base/object/IDU-WQO;docs/tuva/sodermanland/objektrapporter/IDU-WQO.json
IFR-RZE;Södermanland;Nyköping;1.9;Bete;2019-06-28;;https://etjanst.sjv.se/tuvaut/?f=&id=IFR-RZE;https://etjanst.sjv.se/hagenpub/rest/base/object/IFR-RZE;docs/tuva/sodermanland/objektrapporter/IFR-RZE.json
IJQ-EXY;Södermanland;Eskilstuna;0.2;Bete;2019-09-25;Näshulta-Vad 1;https://etjanst.sjv.se/tuvaut/?f=&id=IJQ-EXY;https://etjanst.sjv.se/hagenpub/rest/base/object/IJQ-EXY;docs/tuva/sodermanland/objektrapporter/IJQ-EXY.json
IJQ-RFH;Södermanland;Eskilstuna;0.96;Bete;2019-09-03;Hedensö 1;https://etjanst.sjv.se/tuvaut/?f=&id=IJQ-RFH;https://etjanst.sjv.se/hagenpub/rest/base/object/IJQ-RFH;docs/tuva/sodermanland/objektrapporter/IJQ-RFH.json
IJV-UNU;Södermanland;Eskilstuna;0.66;Restaurerbar;2018-10-03;Tumbo-Österby 2;https://etjanst.sjv.se/tuvaut/?f=&id=IJV-UNU;https://etjanst.sjv.se/hagenpub/rest/base/object/IJV-UNU;docs/tuva/sodermanland/objektrapporter/IJV-UNU.json
ILH-UAN;Södermanland;Flen;1.79;Bete;2019-08-15;Slättfall 2;https://etjanst.sjv.se/tuvaut/?f=&id=ILH-UAN;https://etjanst.sjv.se/hagenpub/rest/base/object/ILH-UAN;docs/tuva/sodermanland/objektrapporter/ILH-UAN.json
IMR-XJH;Södermanland;Eskilstuna;2.9;Restaurerbar;2023-08-30;;https://etjanst.sjv.se/tuvaut/?f=&id=IMR-XJH;https://etjanst.sjv.se/hagenpub/rest/base/object/IMR-XJH;docs/tuva/sodermanland/objektrapporter/IMR-XJH.json
IOU-SMC;Södermanland;Nyköping;0.29;Bete;2019-06-26;Valsta 3;https://etjanst.sjv.se/tuvaut/?f=&id=IOU-SMC;https://etjanst.sjv.se/hagenpub/rest/base/object/IOU-SMC;docs/tuva/sodermanland/objektrapporter/IOU-SMC.json
IOX-WQE;Södermanland;Trosa;1.93;Bete;2023-08-15;Hallsta;https://etjanst.sjv.se/tuvaut/?f=&id=IOX-WQE;https://etjanst.sjv.se/hagenpub/rest/base/object/IOX-WQE;docs/tuva/sodermanland/objektrapporter/IOX-WQE.json
IPK-OFA;Södermanland;Trosa;0.96;Bete;2019-10-04;Vackbol 1;https://etjanst.sjv.se/tuvaut/?f=&id=IPK-OFA;https://etjanst.sjv.se/hagenpub/rest/base/object/IPK-OFA;docs/tuva/sodermanland/objektrapporter/IPK-OFA.json
IQI-NMI;Södermanland;Gnesta;0.42;Bete;2018-06-14;Sågartorp 3;https://etjanst.sjv.se/tuvaut/?f=&id=IQI-NMI;https://etjanst.sjv.se/hagenpub/rest/base/object/IQI-NMI;docs/tuva/sodermanland/objektrapporter/IQI-NMI.json
IQX-IJS;Södermanland;Nyköping;0.47;Bete;2019-07-10;Kölsätter 1;https://etjanst.sjv.se/tuvaut/?f=&id=IQX-IJS;https://etjanst.sjv.se/hagenpub/rest/base/object/IQX-IJS;docs/tuva/sodermanland/objektrapporter/IQX-IJS.json
IQZ-CBT;Södermanland;Gnesta;0.21;Bete;2018-06-19;Sågartorp 3;https://etjanst.sjv.se/tuvaut/?f=&id=IQZ-CBT;https://etjanst.sjv.se/hagenpub/rest/base/object/IQZ-CBT;docs/tuva/sodermanland/objektrapporter/IQZ-CBT.json
IRB-HLK;Södermanland;Vingåker;1.46;Bete;2012-09-20;Hulla 2;https://etjanst.sjv.se/tuvaut/?f=&id=IRB-HLK;https://etjanst.sjv.se/hagenpub/rest/base/object/IRB-HLK;docs/tuva/sodermanland/objektrapporter/IRB-HLK.json
IRL-EOE;Södermanland;Nyköping;0.6;Bete;2023-08-01;Ripsa-Edeby;https://etjanst.sjv.se/tuvaut/?f=&id=IRL-EOE;https://etjanst.sjv.se/hagenpub/rest/base/object/IRL-EOE;docs/tuva/sodermanland/objektrapporter/IRL-EOE.json
IRL-MAM;Södermanland;Nyköping;2.21;Bete;2023-09-22;Harstahopen;https://etjanst.sjv.se/tuvaut/?f=&id=IRL-MAM;https://etjanst.sjv.se/hagenpub/rest/base/object/IRL-MAM;docs/tuva/sodermanland/objektrapporter/IRL-MAM.json
IRQ-ACX;Södermanland;Strängnäs;16.71;Bete;2008-08-28;Aspö-Lagnö2;https://etjanst.sjv.se/tuvaut/?f=&id=IRQ-ACX;https://etjanst.sjv.se/hagenpub/rest/base/object/IRQ-ACX;docs/tuva/sodermanland/objektrapporter/IRQ-ACX.json
IUH-HCS;Södermanland;Flen;0.83;Bete;2009-08-21;;https://etjanst.sjv.se/tuvaut/?f=&id=IUH-HCS;https://etjanst.sjv.se/hagenpub/rest/base/object/IUH-HCS;docs/tuva/sodermanland/objektrapporter/IUH-HCS.json
IUY-CQH;Södermanland;Nyköping;0.56;Bete;2012-07-31;Gettäppan 1;https://etjanst.sjv.se/tuvaut/?f=&id=IUY-CQH;https://etjanst.sjv.se/hagenpub/rest/base/object/IUY-CQH;docs/tuva/sodermanland/objektrapporter/IUY-CQH.json
IUY-WPJ;Södermanland;Nyköping;1.25;Bete;2019-06-17;Sättersta-Vreta;https://etjanst.sjv.se/tuvaut/?f=&id=IUY-WPJ;https://etjanst.sjv.se/hagenpub/rest/base/object/IUY-WPJ;docs/tuva/sodermanland/objektrapporter/IUY-WPJ.json
IVF-MBA;Södermanland;Eskilstuna;0.7;Bete;2019-09-10;Kafjärdsskogen 1;https://etjanst.sjv.se/tuvaut/?f=&id=IVF-MBA;https://etjanst.sjv.se/hagenpub/rest/base/object/IVF-MBA;docs/tuva/sodermanland/objektrapporter/IVF-MBA.json
IXE-IEP;Södermanland;Eskilstuna;0.32;Bete;2019-09-03;Kafjärdsskogen 1;https://etjanst.sjv.se/tuvaut/?f=&id=IXE-IEP;https://etjanst.sjv.se/hagenpub/rest/base/object/IXE-IEP;docs/tuva/sodermanland/objektrapporter/IXE-IEP.json
IXX-COH;Södermanland;Katrineholm;1.89;Bete;2023-10-23;Stockbäcken 4;https://etjanst.sjv.se/tuvaut/?f=&id=IXX-COH;https://etjanst.sjv.se/hagenpub/rest/base/object/IXX-COH;docs/tuva/sodermanland/objektrapporter/IXX-COH.json
IYX-AKI;Södermanland;Katrineholm;0.27;Bete;2012-09-25;Lilla Boda;https://etjanst.sjv.se/tuvaut/?f=&id=IYX-AKI;https://etjanst.sjv.se/hagenpub/rest/base/object/IYX-AKI;docs/tuva/sodermanland/objektrapporter/IYX-AKI.json
IYZ-GZF;Södermanland;Gnesta;0.27;Bete;2019-08-21;Hästhagen 1;https://etjanst.sjv.se/tuvaut/?f=&id=IYZ-GZF;https://etjanst.sjv.se/hagenpub/rest/base/object/IYZ-GZF;docs/tuva/sodermanland/objektrapporter/IYZ-GZF.json
IZQ-RGH;Södermanland;Strängnäs;0.5;Bete;2018-06-21;Aspö-Rosendal 1;https://etjanst.sjv.se/tuvaut/?f=&id=IZQ-RGH;https://etjanst.sjv.se/hagenpub/rest/base/object/IZQ-RGH;docs/tuva/sodermanland/objektrapporter/IZQ-RGH.json
JCC-SXS;Södermanland;Eskilstuna;0.87;Bete;2019-09-05;Kafjärdsskogen 1;https://etjanst.sjv.se/tuvaut/?f=&id=JCC-SXS;https://etjanst.sjv.se/hagenpub/rest/base/object/JCC-SXS;docs/tuva/sodermanland/objektrapporter/JCC-SXS.json
JEG-KXE;Södermanland;Gnesta;2.99;Bete;2012-09-11;Solvik 1;https://etjanst.sjv.se/tuvaut/?f=&id=JEG-KXE;https://etjanst.sjv.se/hagenpub/rest/base/object/JEG-KXE;docs/tuva/sodermanland/objektrapporter/JEG-KXE.json
JGF-LOP;Södermanland;Nyköping;2.61;Restaurerbar;2009-08-13;;https://etjanst.sjv.se/tuvaut/?f=&id=JGF-LOP;https://etjanst.sjv.se/hagenpub/rest/base/object/JGF-LOP;docs/tuva/sodermanland/objektrapporter/JGF-LOP.json
JGI-LWZ;Södermanland;Eskilstuna;1.24;Bete;2018-09-17;Prostökna 1;https://etjanst.sjv.se/tuvaut/?f=&id=JGI-LWZ;https://etjanst.sjv.se/hagenpub/rest/base/object/JGI-LWZ;docs/tuva/sodermanland/objektrapporter/JGI-LWZ.json
JIC-CNW;Södermanland;Trosa;0.17;Bete;2019-09-27;Berga 4;https://etjanst.sjv.se/tuvaut/?f=&id=JIC-CNW;https://etjanst.sjv.se/hagenpub/rest/base/object/JIC-CNW;docs/tuva/sodermanland/objektrapporter/JIC-CNW.json
JLH-BLO;Södermanland;Nyköping;4.0;Bete;2009-08-13;;https://etjanst.sjv.se/tuvaut/?f=&id=JLH-BLO;https://etjanst.sjv.se/hagenpub/rest/base/object/JLH-BLO;docs/tuva/sodermanland/objektrapporter/JLH-BLO.json
JMO-NIL;Södermanland;Flen;2.26;Bete;2019-08-28;Ålkärr 1;https://etjanst.sjv.se/tuvaut/?f=&id=JMO-NIL;https://etjanst.sjv.se/hagenpub/rest/base/object/JMO-NIL;docs/tuva/sodermanland/objektrapporter/JMO-NIL.json
JRL-CVZ;Södermanland;Nyköping;3.12;Bete;2026-06-10;;https://etjanst.sjv.se/tuvaut/?f=&id=JRL-CVZ;https://etjanst.sjv.se/hagenpub/rest/base/object/JRL-CVZ;docs/tuva/sodermanland/objektrapporter/JRL-CVZ.json
JRW-KZO;Södermanland;Nyköping;0.35;Bete;2023-06-07;Vallersta;https://etjanst.sjv.se/tuvaut/?f=&id=JRW-KZO;https://etjanst.sjv.se/hagenpub/rest/base/object/JRW-KZO;docs/tuva/sodermanland/objektrapporter/JRW-KZO.json
JRX-DTV;Södermanland;Strängnäs;2.65;Bete;2018-08-21;Strängnäs-Åby 5;https://etjanst.sjv.se/tuvaut/?f=&id=JRX-DTV;https://etjanst.sjv.se/hagenpub/rest/base/object/JRX-DTV;docs/tuva/sodermanland/objektrapporter/JRX-DTV.json
JTY-HHY;Södermanland;Gnesta;1.87;Bete;2019-07-04;Klövsta 2;https://etjanst.sjv.se/tuvaut/?f=&id=JTY-HHY;https://etjanst.sjv.se/hagenpub/rest/base/object/JTY-HHY;docs/tuva/sodermanland/objektrapporter/JTY-HHY.json
JUP-HCJ;Södermanland;Eskilstuna;0.15;Bete;2019-09-16;Näshulta-Åstorp 2;https://etjanst.sjv.se/tuvaut/?f=&id=JUP-HCJ;https://etjanst.sjv.se/hagenpub/rest/base/object/JUP-HCJ;docs/tuva/sodermanland/objektrapporter/JUP-HCJ.json
JUV-CKW;Södermanland;Nyköping;2.63;Bete;2012-09-18;Akalby 1;https://etjanst.sjv.se/tuvaut/?f=&id=JUV-CKW;https://etjanst.sjv.se/hagenpub/rest/base/object/JUV-CKW;docs/tuva/sodermanland/objektrapporter/JUV-CKW.json
JVM-PQX;Södermanland;Nyköping;2.2;Bete;2023-06-13;Ripsa-Edeby;https://etjanst.sjv.se/tuvaut/?f=&id=JVM-PQX;https://etjanst.sjv.se/hagenpub/rest/base/object/JVM-PQX;docs/tuva/sodermanland/objektrapporter/JVM-PQX.json
JVO-FUX;Södermanland;Nyköping;1.25;Bete;2010-07-14;;https://etjanst.sjv.se/tuvaut/?f=&id=JVO-FUX;https://etjanst.sjv.se/hagenpub/rest/base/object/JVO-FUX;docs/tuva/sodermanland/objektrapporter/JVO-FUX.json
JWG-KLV;Södermanland;Gnesta;0.5;Bete;2018-06-19;Sågartorp 3;https://etjanst.sjv.se/tuvaut/?f=&id=JWG-KLV;https://etjanst.sjv.se/hagenpub/rest/base/object/JWG-KLV;docs/tuva/sodermanland/objektrapporter/JWG-KLV.json
JYN-HEU;Södermanland;Gnesta;0.67;Restaurerbar;2019-07-09;Skylvalla 1;https://etjanst.sjv.se/tuvaut/?f=&id=JYN-HEU;https://etjanst.sjv.se/hagenpub/rest/base/object/JYN-HEU;docs/tuva/sodermanland/objektrapporter/JYN-HEU.json
JYU-JSB;Södermanland;Flen;4.0;Bete;2008-09-11;Stenhammar 2;https://etjanst.sjv.se/tuvaut/?f=&id=JYU-JSB;https://etjanst.sjv.se/hagenpub/rest/base/object/JYU-JSB;docs/tuva/sodermanland/objektrapporter/JYU-JSB.json
JZL-XSP;Södermanland;Gnesta;0.28;Bete;2010-07-07;;https://etjanst.sjv.se/tuvaut/?f=&id=JZL-XSP;https://etjanst.sjv.se/hagenpub/rest/base/object/JZL-XSP;docs/tuva/sodermanland/objektrapporter/JZL-XSP.json
KAW-VFL;Södermanland;Vingåker;0.86;Bete;2018-09-12;Vännervass;https://etjanst.sjv.se/tuvaut/?f=&id=KAW-VFL;https://etjanst.sjv.se/hagenpub/rest/base/object/KAW-VFL;docs/tuva/sodermanland/objektrapporter/KAW-VFL.json
KBC-TBA;Södermanland;Katrineholm;0.92;Bete;2009-07-01;;https://etjanst.sjv.se/tuvaut/?f=&id=KBC-TBA;https://etjanst.sjv.se/hagenpub/rest/base/object/KBC-TBA;docs/tuva/sodermanland/objektrapporter/KBC-TBA.json
KDO-AJH;Södermanland;Flen;1.78;Bete;2023-07-11;Stenhammar;https://etjanst.sjv.se/tuvaut/?f=&id=KDO-AJH;https://etjanst.sjv.se/hagenpub/rest/base/object/KDO-AJH;docs/tuva/sodermanland/objektrapporter/KDO-AJH.json
KDR-XTV;Södermanland;Eskilstuna;2.31;Bete;2023-10-26;Tumbo Husby;https://etjanst.sjv.se/tuvaut/?f=&id=KDR-XTV;https://etjanst.sjv.se/hagenpub/rest/base/object/KDR-XTV;docs/tuva/sodermanland/objektrapporter/KDR-XTV.json
KFD-KCV;Södermanland;Oxelösund;3.36;Bete;2009-07-14;;https://etjanst.sjv.se/tuvaut/?f=&id=KFD-KCV;https://etjanst.sjv.se/hagenpub/rest/base/object/KFD-KCV;docs/tuva/sodermanland/objektrapporter/KFD-KCV.json
KFT-TPA;Södermanland;Nyköping;1.54;Bete;2012-08-08;Berga;https://etjanst.sjv.se/tuvaut/?f=&id=KFT-TPA;https://etjanst.sjv.se/hagenpub/rest/base/object/KFT-TPA;docs/tuva/sodermanland/objektrapporter/KFT-TPA.json
KKC-AGB;Södermanland;Strängnäs;0.14;Bete;2018-09-04;Marietorp 1;https://etjanst.sjv.se/tuvaut/?f=&id=KKC-AGB;https://etjanst.sjv.se/hagenpub/rest/base/object/KKC-AGB;docs/tuva/sodermanland/objektrapporter/KKC-AGB.json
KKO-ZDW;Södermanland;Strängnäs;1.08;Bete;2018-08-24;Fogdö-Lundby 4;https://etjanst.sjv.se/tuvaut/?f=&id=KKO-ZDW;https://etjanst.sjv.se/hagenpub/rest/base/object/KKO-ZDW;docs/tuva/sodermanland/objektrapporter/KKO-ZDW.json
KNR-YWF;Södermanland;Gnesta;9.99;Bete;2019-08-06;Långvik 1;https://etjanst.sjv.se/tuvaut/?f=&id=KNR-YWF;https://etjanst.sjv.se/hagenpub/rest/base/object/KNR-YWF;docs/tuva/sodermanland/objektrapporter/KNR-YWF.json
KRB-TNI;Södermanland;Strängnäs;1.56;Bete;2018-09-06;Byringe;https://etjanst.sjv.se/tuvaut/?f=&id=KRB-TNI;https://etjanst.sjv.se/hagenpub/rest/base/object/KRB-TNI;docs/tuva/sodermanland/objektrapporter/KRB-TNI.json
KTN-FBY;Södermanland;Flen;0.5;Bete;2023-06-01;Lagmansö;https://etjanst.sjv.se/tuvaut/?f=&id=KTN-FBY;https://etjanst.sjv.se/hagenpub/rest/base/object/KTN-FBY;docs/tuva/sodermanland/objektrapporter/KTN-FBY.json
KUL-USY;Södermanland;Eskilstuna;0.71;Bete;2023-06-29;;https://etjanst.sjv.se/tuvaut/?f=&id=KUL-USY;https://etjanst.sjv.se/hagenpub/rest/base/object/KUL-USY;docs/tuva/sodermanland/objektrapporter/KUL-USY.json
KUN-XNV;Södermanland;Nyköping;0.34;Äng;2023-06-07;Nykyrka-Lida;https://etjanst.sjv.se/tuvaut/?f=&id=KUN-XNV;https://etjanst.sjv.se/hagenpub/rest/base/object/KUN-XNV;docs/tuva/sodermanland/objektrapporter/KUN-XNV.json
KVM-HTZ;Södermanland;Eskilstuna;11.9;Bete;2009-08-27;;https://etjanst.sjv.se/tuvaut/?f=&id=KVM-HTZ;https://etjanst.sjv.se/hagenpub/rest/base/object/KVM-HTZ;docs/tuva/sodermanland/objektrapporter/KVM-HTZ.json
KVZ-YHT;Södermanland;Eskilstuna;3.73;Bete;2019-09-05;Kafjärdsskogen 1;https://etjanst.sjv.se/tuvaut/?f=&id=KVZ-YHT;https://etjanst.sjv.se/hagenpub/rest/base/object/KVZ-YHT;docs/tuva/sodermanland/objektrapporter/KVZ-YHT.json
KWC-TRY;Södermanland;Eskilstuna;1.88;Bete;2023-08-31;Ramsund;https://etjanst.sjv.se/tuvaut/?f=&id=KWC-TRY;https://etjanst.sjv.se/hagenpub/rest/base/object/KWC-TRY;docs/tuva/sodermanland/objektrapporter/KWC-TRY.json
KWU-THL;Södermanland;Vingåker;0.51;Bete;2012-09-20;Vannala;https://etjanst.sjv.se/tuvaut/?f=&id=KWU-THL;https://etjanst.sjv.se/hagenpub/rest/base/object/KWU-THL;docs/tuva/sodermanland/objektrapporter/KWU-THL.json
LAP-ZJD;Södermanland;Strängnäs;2.83;Bete;2023-08-09;Hässelbyholm;https://etjanst.sjv.se/tuvaut/?f=&id=LAP-ZJD;https://etjanst.sjv.se/hagenpub/rest/base/object/LAP-ZJD;docs/tuva/sodermanland/objektrapporter/LAP-ZJD.json
LFH-HWK;Södermanland;Katrineholm;2.22;Bete;2009-08-25;;https://etjanst.sjv.se/tuvaut/?f=&id=LFH-HWK;https://etjanst.sjv.se/hagenpub/rest/base/object/LFH-HWK;docs/tuva/sodermanland/objektrapporter/LFH-HWK.json
LFJ-RBW;Södermanland;Gnesta;0.41;Bete;2019-07-02;Öllösa 1;https://etjanst.sjv.se/tuvaut/?f=&id=LFJ-RBW;https://etjanst.sjv.se/hagenpub/rest/base/object/LFJ-RBW;docs/tuva/sodermanland/objektrapporter/LFJ-RBW.json
LGR-RDV;Södermanland;Katrineholm;0.65;Bete;2023-08-31;Sköldinge-Smedstorp;https://etjanst.sjv.se/tuvaut/?f=&id=LGR-RDV;https://etjanst.sjv.se/hagenpub/rest/base/object/LGR-RDV;docs/tuva/sodermanland/objektrapporter/LGR-RDV.json
LIL-TYR;Södermanland;Gnesta;0.48;Bete;2011-06-21;;https://etjanst.sjv.se/tuvaut/?f=&id=LIL-TYR;https://etjanst.sjv.se/hagenpub/rest/base/object/LIL-TYR;docs/tuva/sodermanland/objektrapporter/LIL-TYR.json
LIU-MUC;Södermanland;Gnesta;2.89;Bete;2019-08-06;Långvik 1;https://etjanst.sjv.se/tuvaut/?f=&id=LIU-MUC;https://etjanst.sjv.se/hagenpub/rest/base/object/LIU-MUC;docs/tuva/sodermanland/objektrapporter/LIU-MUC.json
LJX-PIO;Södermanland;Flen;3.17;Bete;2010-07-08;;https://etjanst.sjv.se/tuvaut/?f=&id=LJX-PIO;https://etjanst.sjv.se/hagenpub/rest/base/object/LJX-PIO;docs/tuva/sodermanland/objektrapporter/LJX-PIO.json
LNC-LJU;Södermanland;Katrineholm;3.07;Bete;2008-08-14;Erikstorp;https://etjanst.sjv.se/tuvaut/?f=&id=LNC-LJU;https://etjanst.sjv.se/hagenpub/rest/base/object/LNC-LJU;docs/tuva/sodermanland/objektrapporter/LNC-LJU.json
LOQ-OMB;Södermanland;Nyköping;0.7;Bete;2019-07-11;Gammelsta 4;https://etjanst.sjv.se/tuvaut/?f=&id=LOQ-OMB;https://etjanst.sjv.se/hagenpub/rest/base/object/LOQ-OMB;docs/tuva/sodermanland/objektrapporter/LOQ-OMB.json
LPR-XZG;Södermanland;Flen;0.71;Bete;2010-07-14;;https://etjanst.sjv.se/tuvaut/?f=&id=LPR-XZG;https://etjanst.sjv.se/hagenpub/rest/base/object/LPR-XZG;docs/tuva/sodermanland/objektrapporter/LPR-XZG.json
LQS-MVU;Södermanland;Eskilstuna;1.5;Bete;2023-09-08;;https://etjanst.sjv.se/tuvaut/?f=&id=LQS-MVU;https://etjanst.sjv.se/hagenpub/rest/base/object/LQS-MVU;docs/tuva/sodermanland/objektrapporter/LQS-MVU.json
LRI-GIS;Södermanland;Gnesta;1.71;Bete;2019-08-21;Hästhagen 1;https://etjanst.sjv.se/tuvaut/?f=&id=LRI-GIS;https://etjanst.sjv.se/hagenpub/rest/base/object/LRI-GIS;docs/tuva/sodermanland/objektrapporter/LRI-GIS.json
LWC-GMU;Södermanland;Strängnäs;1.34;Bete;2018-06-27;Morrarön 1;https://etjanst.sjv.se/tuvaut/?f=&id=LWC-GMU;https://etjanst.sjv.se/hagenpub/rest/base/object/LWC-GMU;docs/tuva/sodermanland/objektrapporter/LWC-GMU.json
LWJ-ZYK;Södermanland;Nyköping;0.74;Restaurerbar;2023-06-12;Ripsa-Edeby;https://etjanst.sjv.se/tuvaut/?f=&id=LWJ-ZYK;https://etjanst.sjv.se/hagenpub/rest/base/object/LWJ-ZYK;docs/tuva/sodermanland/objektrapporter/LWJ-ZYK.json
LYC-XDG;Södermanland;Eskilstuna;0.74;Bete;2019-09-10;Kafjärdsskogen 1;https://etjanst.sjv.se/tuvaut/?f=&id=LYC-XDG;https://etjanst.sjv.se/hagenpub/rest/base/object/LYC-XDG;docs/tuva/sodermanland/objektrapporter/LYC-XDG.json
LZD-OIW;Södermanland;Nyköping;2.32;Bete;2019-06-26;Valsta;https://etjanst.sjv.se/tuvaut/?f=&id=LZD-OIW;https://etjanst.sjv.se/hagenpub/rest/base/object/LZD-OIW;docs/tuva/sodermanland/objektrapporter/LZD-OIW.json
LZJ-WUK;Södermanland;Eskilstuna;0.58;Äng;2023-06-29;;https://etjanst.sjv.se/tuvaut/?f=&id=LZJ-WUK;https://etjanst.sjv.se/hagenpub/rest/base/object/LZJ-WUK;docs/tuva/sodermanland/objektrapporter/LZJ-WUK.json
MAL-FML;Södermanland;Nyköping;3.6;Ej aktuell;2023-08-04;Nilslund;https://etjanst.sjv.se/tuvaut/?f=&id=MAL-FML;https://etjanst.sjv.se/hagenpub/rest/base/object/MAL-FML;docs/tuva/sodermanland/objektrapporter/MAL-FML.json
MAT-BKU;Södermanland;Nyköping;0.37;Bete;2010-07-14;;https://etjanst.sjv.se/tuvaut/?f=&id=MAT-BKU;https://etjanst.sjv.se/hagenpub/rest/base/object/MAT-BKU;docs/tuva/sodermanland/objektrapporter/MAT-BKU.json
MBI-DIE;Södermanland;Nyköping;2.95;Ej aktuell;2009-08-21;;https://etjanst.sjv.se/tuvaut/?f=&id=MBI-DIE;https://etjanst.sjv.se/hagenpub/rest/base/object/MBI-DIE;docs/tuva/sodermanland/objektrapporter/MBI-DIE.json
MBJ-FVX;Södermanland;Eskilstuna;20.05;Bete;2019-09-05;Kafjärdsskogen 1;https://etjanst.sjv.se/tuvaut/?f=&id=MBJ-FVX;https://etjanst.sjv.se/hagenpub/rest/base/object/MBJ-FVX;docs/tuva/sodermanland/objektrapporter/MBJ-FVX.json
MBJ-MTY;Södermanland;Nyköping;0.87;Bete;2010-07-14;;https://etjanst.sjv.se/tuvaut/?f=&id=MBJ-MTY;https://etjanst.sjv.se/hagenpub/rest/base/object/MBJ-MTY;docs/tuva/sodermanland/objektrapporter/MBJ-MTY.json
MBL-WKR;Södermanland;Eskilstuna;1.77;Bete;2018-07-06;Haneberg 2;https://etjanst.sjv.se/tuvaut/?f=&id=MBL-WKR;https://etjanst.sjv.se/hagenpub/rest/base/object/MBL-WKR;docs/tuva/sodermanland/objektrapporter/MBL-WKR.json
MCG-LIC;Södermanland;Nyköping;0.18;Bete;2009-08-20;;https://etjanst.sjv.se/tuvaut/?f=&id=MCG-LIC;https://etjanst.sjv.se/hagenpub/rest/base/object/MCG-LIC;docs/tuva/sodermanland/objektrapporter/MCG-LIC.json
MCU-OIN;Södermanland;Eskilstuna;0.23;Bete;2019-09-17;Näshulta-Åstorp 2;https://etjanst.sjv.se/tuvaut/?f=&id=MCU-OIN;https://etjanst.sjv.se/hagenpub/rest/base/object/MCU-OIN;docs/tuva/sodermanland/objektrapporter/MCU-OIN.json
MCX-RLD;Södermanland;Eskilstuna;1.23;Restaurerbar;2019-09-12;Kafjärdsskogen 1;https://etjanst.sjv.se/tuvaut/?f=&id=MCX-RLD;https://etjanst.sjv.se/hagenpub/rest/base/object/MCX-RLD;docs/tuva/sodermanland/objektrapporter/MCX-RLD.json
MDM-QBB;Södermanland;Vingåker;5.03;Bete;2012-09-20;Hulla 1;https://etjanst.sjv.se/tuvaut/?f=&id=MDM-QBB;https://etjanst.sjv.se/hagenpub/rest/base/object/MDM-QBB;docs/tuva/sodermanland/objektrapporter/MDM-QBB.json
MHP-ZRG;Södermanland;Flen;0.17;Bete;2019-08-07;Hyltinge-Torp 1;https://etjanst.sjv.se/tuvaut/?f=&id=MHP-ZRG;https://etjanst.sjv.se/hagenpub/rest/base/object/MHP-ZRG;docs/tuva/sodermanland/objektrapporter/MHP-ZRG.json
MIJ-JLY;Södermanland;Eskilstuna;1.6;Bete;2011-07-12;;https://etjanst.sjv.se/tuvaut/?f=&id=MIJ-JLY;https://etjanst.sjv.se/hagenpub/rest/base/object/MIJ-JLY;docs/tuva/sodermanland/objektrapporter/MIJ-JLY.json
MIW-CZI;Södermanland;Eskilstuna;0.24;Bete;2011-07-12;;https://etjanst.sjv.se/tuvaut/?f=&id=MIW-CZI;https://etjanst.sjv.se/hagenpub/rest/base/object/MIW-CZI;docs/tuva/sodermanland/objektrapporter/MIW-CZI.json
MJQ-PFI;Södermanland;Nyköping;6.92;Bete;2023-06-07;Nykyrka-Lida;https://etjanst.sjv.se/tuvaut/?f=&id=MJQ-PFI;https://etjanst.sjv.se/hagenpub/rest/base/object/MJQ-PFI;docs/tuva/sodermanland/objektrapporter/MJQ-PFI.json
MJW-PVA;Södermanland;Eskilstuna;2.03;Bete;2008-09-17;Frasta;https://etjanst.sjv.se/tuvaut/?f=&id=MJW-PVA;https://etjanst.sjv.se/hagenpub/rest/base/object/MJW-PVA;docs/tuva/sodermanland/objektrapporter/MJW-PVA.json
MKO-VIG;Södermanland;Nyköping;1.15;Restaurerbar;2007-10-11;;https://etjanst.sjv.se/tuvaut/?f=&id=MKO-VIG;https://etjanst.sjv.se/hagenpub/rest/base/object/MKO-VIG;docs/tuva/sodermanland/objektrapporter/MKO-VIG.json
MLB-XLZ;Södermanland;Vingåker;0.8;Bete;2011-06-29;;https://etjanst.sjv.se/tuvaut/?f=&id=MLB-XLZ;https://etjanst.sjv.se/hagenpub/rest/base/object/MLB-XLZ;docs/tuva/sodermanland/objektrapporter/MLB-XLZ.json
MMC-YIX;Södermanland;Nyköping;2.08;Äng;2018-07-11;Brygelstorp 1;https://etjanst.sjv.se/tuvaut/?f=&id=MMC-YIX;https://etjanst.sjv.se/hagenpub/rest/base/object/MMC-YIX;docs/tuva/sodermanland/objektrapporter/MMC-YIX.json
MMJ-IRL;Södermanland;Flen;0.41;Bete;2019-08-08;Hårdvallsäng 1;https://etjanst.sjv.se/tuvaut/?f=&id=MMJ-IRL;https://etjanst.sjv.se/hagenpub/rest/base/object/MMJ-IRL;docs/tuva/sodermanland/objektrapporter/MMJ-IRL.json
MML-VGX;Södermanland;Katrineholm;0.43;Bete;2023-07-14;Hjortensberg;https://etjanst.sjv.se/tuvaut/?f=&id=MML-VGX;https://etjanst.sjv.se/hagenpub/rest/base/object/MML-VGX;docs/tuva/sodermanland/objektrapporter/MML-VGX.json
MMS-RXK;Södermanland;Nyköping;1.72;Ej aktuell;2010-09-03;;https://etjanst.sjv.se/tuvaut/?f=&id=MMS-RXK;https://etjanst.sjv.se/hagenpub/rest/base/object/MMS-RXK;docs/tuva/sodermanland/objektrapporter/MMS-RXK.json
MNK-DFJ;Södermanland;Nyköping;1.26;Bete;2019-06-27;Torpesta;https://etjanst.sjv.se/tuvaut/?f=&id=MNK-DFJ;https://etjanst.sjv.se/hagenpub/rest/base/object/MNK-DFJ;docs/tuva/sodermanland/objektrapporter/MNK-DFJ.json
MNK-QLP;Södermanland;Katrineholm;1.52;Bete;2008-08-21;Hedtorp2;https://etjanst.sjv.se/tuvaut/?f=&id=MNK-QLP;https://etjanst.sjv.se/hagenpub/rest/base/object/MNK-QLP;docs/tuva/sodermanland/objektrapporter/MNK-QLP.json
MPQ-SKJ;Södermanland;Nyköping;0.68;Restaurerbar;2023-06-09;Listorp;https://etjanst.sjv.se/tuvaut/?f=&id=MPQ-SKJ;https://etjanst.sjv.se/hagenpub/rest/base/object/MPQ-SKJ;docs/tuva/sodermanland/objektrapporter/MPQ-SKJ.json
MQU-FZO;Södermanland;Eskilstuna;0.26;Bete;2018-10-10;Hällby-Ökna;https://etjanst.sjv.se/tuvaut/?f=&id=MQU-FZO;https://etjanst.sjv.se/hagenpub/rest/base/object/MQU-FZO;docs/tuva/sodermanland/objektrapporter/MQU-FZO.json
MSG-DGE;Södermanland;Nyköping;0.16;Bete;2019-07-10;Kölsätter 1;https://etjanst.sjv.se/tuvaut/?f=&id=MSG-DGE;https://etjanst.sjv.se/hagenpub/rest/base/object/MSG-DGE;docs/tuva/sodermanland/objektrapporter/MSG-DGE.json
MSV-IPZ;Södermanland;Nyköping;7.01;Restaurerbar;2023-10-05;Segersta, Måstena;https://etjanst.sjv.se/tuvaut/?f=&id=MSV-IPZ;https://etjanst.sjv.se/hagenpub/rest/base/object/MSV-IPZ;docs/tuva/sodermanland/objektrapporter/MSV-IPZ.json
MVM-MWZ;Södermanland;Vingåker;0.96;Bete;2008-09-05;Vik1;https://etjanst.sjv.se/tuvaut/?f=&id=MVM-MWZ;https://etjanst.sjv.se/hagenpub/rest/base/object/MVM-MWZ;docs/tuva/sodermanland/objektrapporter/MVM-MWZ.json
MWT-HWP;Södermanland;Katrineholm;2.71;Ej aktuell;2009-09-11;;https://etjanst.sjv.se/tuvaut/?f=&id=MWT-HWP;https://etjanst.sjv.se/hagenpub/rest/base/object/MWT-HWP;docs/tuva/sodermanland/objektrapporter/MWT-HWP.json
MXU-YSC;Södermanland;Katrineholm;1.08;Bete;2023-08-30;Årsta;https://etjanst.sjv.se/tuvaut/?f=&id=MXU-YSC;https://etjanst.sjv.se/hagenpub/rest/base/object/MXU-YSC;docs/tuva/sodermanland/objektrapporter/MXU-YSC.json
MYJ-AJU;Södermanland;Strängnäs;0.27;Bete;2018-08-16;Alsängen 2;https://etjanst.sjv.se/tuvaut/?f=&id=MYJ-AJU;https://etjanst.sjv.se/hagenpub/rest/base/object/MYJ-AJU;docs/tuva/sodermanland/objektrapporter/MYJ-AJU.json
MYK-RVQ;Södermanland;Eskilstuna;0.63;Bete;2023-08-16;Viberga;https://etjanst.sjv.se/tuvaut/?f=&id=MYK-RVQ;https://etjanst.sjv.se/hagenpub/rest/base/object/MYK-RVQ;docs/tuva/sodermanland/objektrapporter/MYK-RVQ.json
MYN-NHV;Södermanland;Nyköping;5.87;Bete;2023-06-26;Ripsa-Edeby;https://etjanst.sjv.se/tuvaut/?f=&id=MYN-NHV;https://etjanst.sjv.se/hagenpub/rest/base/object/MYN-NHV;docs/tuva/sodermanland/objektrapporter/MYN-NHV.json
NBC-ELK;Södermanland;Flen;0.41;Bete;2023-08-21;Fyrby;https://etjanst.sjv.se/tuvaut/?f=&id=NBC-ELK;https://etjanst.sjv.se/hagenpub/rest/base/object/NBC-ELK;docs/tuva/sodermanland/objektrapporter/NBC-ELK.json
NBX-MBW;Södermanland;Nyköping;1.61;Bete;2009-08-13;;https://etjanst.sjv.se/tuvaut/?f=&id=NBX-MBW;https://etjanst.sjv.se/hagenpub/rest/base/object/NBX-MBW;docs/tuva/sodermanland/objektrapporter/NBX-MBW.json
NBY-LJY;Södermanland;Trosa;1.28;Ej aktuell;2026-08-12;Tofsö;https://etjanst.sjv.se/tuvaut/?f=&id=NBY-LJY;https://etjanst.sjv.se/hagenpub/rest/base/object/NBY-LJY;docs/tuva/sodermanland/objektrapporter/NBY-LJY.json
NDT-SIV;Södermanland;Gnesta;1.99;Bete;2019-08-30;Näs;https://etjanst.sjv.se/tuvaut/?f=&id=NDT-SIV;https://etjanst.sjv.se/hagenpub/rest/base/object/NDT-SIV;docs/tuva/sodermanland/objektrapporter/NDT-SIV.json
NEQ-RJI;Södermanland;Nyköping;0.32;Bete;2023-06-09;Listorp;https://etjanst.sjv.se/tuvaut/?f=&id=NEQ-RJI;https://etjanst.sjv.se/hagenpub/rest/base/object/NEQ-RJI;docs/tuva/sodermanland/objektrapporter/NEQ-RJI.json
NGP-BWG;Södermanland;Strängnäs;7.7;Bete;2018-08-23;Elma 6;https://etjanst.sjv.se/tuvaut/?f=&id=NGP-BWG;https://etjanst.sjv.se/hagenpub/rest/base/object/NGP-BWG;docs/tuva/sodermanland/objektrapporter/NGP-BWG.json
NGY-QZJ;Södermanland;Flen;0.25;Bete;2008-09-11;Hall;https://etjanst.sjv.se/tuvaut/?f=&id=NGY-QZJ;https://etjanst.sjv.se/hagenpub/rest/base/object/NGY-QZJ;docs/tuva/sodermanland/objektrapporter/NGY-QZJ.json
NIP-MRK;Södermanland;Nyköping;3.37;Äng;2026-06-11;Davik 1;https://etjanst.sjv.se/tuvaut/?f=&id=NIP-MRK;https://etjanst.sjv.se/hagenpub/rest/base/object/NIP-MRK;docs/tuva/sodermanland/objektrapporter/NIP-MRK.json
NJV-BNX;Södermanland;Nyköping;0.93;Bete;2009-08-13;;https://etjanst.sjv.se/tuvaut/?f=&id=NJV-BNX;https://etjanst.sjv.se/hagenpub/rest/base/object/NJV-BNX;docs/tuva/sodermanland/objektrapporter/NJV-BNX.json
NKS-LQD;Södermanland;Trosa;0.78;Äng;2026-07-02;;https://etjanst.sjv.se/tuvaut/?f=&id=NKS-LQD;https://etjanst.sjv.se/hagenpub/rest/base/object/NKS-LQD;docs/tuva/sodermanland/objektrapporter/NKS-LQD.json
NLB-SZA;Södermanland;Nyköping;0.57;Bete;2007-08-23;Ökna 1;https://etjanst.sjv.se/tuvaut/?f=&id=NLB-SZA;https://etjanst.sjv.se/hagenpub/rest/base/object/NLB-SZA;docs/tuva/sodermanland/objektrapporter/NLB-SZA.json
NLU-BDB;Södermanland;Vingåker;2.59;Restaurerbar;2018-08-08;Ärnebäck 1;https://etjanst.sjv.se/tuvaut/?f=&id=NLU-BDB;https://etjanst.sjv.se/hagenpub/rest/base/object/NLU-BDB;docs/tuva/sodermanland/objektrapporter/NLU-BDB.json
NMC-JTO;Södermanland;Flen;0.22;Ej aktuell;2023-08-29;Stenhammar;https://etjanst.sjv.se/tuvaut/?f=&id=NMC-JTO;https://etjanst.sjv.se/hagenpub/rest/base/object/NMC-JTO;docs/tuva/sodermanland/objektrapporter/NMC-JTO.json
NMG-WQN;Södermanland;Gnesta;0.46;Restaurerbar;2012-09-11;Solvik 2;https://etjanst.sjv.se/tuvaut/?f=&id=NMG-WQN;https://etjanst.sjv.se/hagenpub/rest/base/object/NMG-WQN;docs/tuva/sodermanland/objektrapporter/NMG-WQN.json
NNW-KYM;Södermanland;Nyköping;0.25;Bete;2007-08-23;Ökna 2;https://etjanst.sjv.se/tuvaut/?f=&id=NNW-KYM;https://etjanst.sjv.se/hagenpub/rest/base/object/NNW-KYM;docs/tuva/sodermanland/objektrapporter/NNW-KYM.json
NON-BCW;Södermanland;Katrineholm;1.52;Restaurerbar;2008-08-27;Gersnäs;https://etjanst.sjv.se/tuvaut/?f=&id=NON-BCW;https://etjanst.sjv.se/hagenpub/rest/base/object/NON-BCW;docs/tuva/sodermanland/objektrapporter/NON-BCW.json
NOR-EWU;Södermanland;Eskilstuna;0.94;Bete;2018-09-28;Eklången 1;https://etjanst.sjv.se/tuvaut/?f=&id=NOR-EWU;https://etjanst.sjv.se/hagenpub/rest/base/object/NOR-EWU;docs/tuva/sodermanland/objektrapporter/NOR-EWU.json
NPZ-QCA;Södermanland;Flen;0.3;Bete;2019-08-07;Hyltinge-Torp 1;https://etjanst.sjv.se/tuvaut/?f=&id=NPZ-QCA;https://etjanst.sjv.se/hagenpub/rest/base/object/NPZ-QCA;docs/tuva/sodermanland/objektrapporter/NPZ-QCA.json
NSB-ZCZ;Södermanland;Nyköping;3.37;Bete;2023-09-22;Svärta gård;https://etjanst.sjv.se/tuvaut/?f=&id=NSB-ZCZ;https://etjanst.sjv.se/hagenpub/rest/base/object/NSB-ZCZ;docs/tuva/sodermanland/objektrapporter/NSB-ZCZ.json
NSZ-FVV;Södermanland;Vingåker;0.11;Bete;2018-08-08;Nolankärr 2;https://etjanst.sjv.se/tuvaut/?f=&id=NSZ-FVV;https://etjanst.sjv.se/hagenpub/rest/base/object/NSZ-FVV;docs/tuva/sodermanland/objektrapporter/NSZ-FVV.json
NTA-RBW;Södermanland;Eskilstuna;2.32;Bete;2017-08-01;Malmberga;https://etjanst.sjv.se/tuvaut/?f=&id=NTA-RBW;https://etjanst.sjv.se/hagenpub/rest/base/object/NTA-RBW;docs/tuva/sodermanland/objektrapporter/NTA-RBW.json
NTZ-WEZ;Södermanland;Gnesta;0.44;Bete;2019-08-21;Lundby 2;https://etjanst.sjv.se/tuvaut/?f=&id=NTZ-WEZ;https://etjanst.sjv.se/hagenpub/rest/base/object/NTZ-WEZ;docs/tuva/sodermanland/objektrapporter/NTZ-WEZ.json
NUF-GKP;Södermanland;Eskilstuna;0.5;Bete;2019-09-05;Kafjärdsskogen 1;https://etjanst.sjv.se/tuvaut/?f=&id=NUF-GKP;https://etjanst.sjv.se/hagenpub/rest/base/object/NUF-GKP;docs/tuva/sodermanland/objektrapporter/NUF-GKP.json
NWC-BMZ;Södermanland;Nyköping;0.89;Restaurerbar;2009-07-21;;https://etjanst.sjv.se/tuvaut/?f=&id=NWC-BMZ;https://etjanst.sjv.se/hagenpub/rest/base/object/NWC-BMZ;docs/tuva/sodermanland/objektrapporter/NWC-BMZ.json
NXC-OKK;Södermanland;Nyköping;0.37;Bete;2023-06-09;Listorp;https://etjanst.sjv.se/tuvaut/?f=&id=NXC-OKK;https://etjanst.sjv.se/hagenpub/rest/base/object/NXC-OKK;docs/tuva/sodermanland/objektrapporter/NXC-OKK.json
NXK-XDW;Södermanland;Flen;0.26;Bete;2019-08-13;Hytternäs;https://etjanst.sjv.se/tuvaut/?f=&id=NXK-XDW;https://etjanst.sjv.se/hagenpub/rest/base/object/NXK-XDW;docs/tuva/sodermanland/objektrapporter/NXK-XDW.json
NYM-WUN;Södermanland;Nyköping;3.0;Bete;2009-07-16;;https://etjanst.sjv.se/tuvaut/?f=&id=NYM-WUN;https://etjanst.sjv.se/hagenpub/rest/base/object/NYM-WUN;docs/tuva/sodermanland/objektrapporter/NYM-WUN.json
NZO-HXT;Södermanland;Flen;0.37;Bete;2019-08-20;Hökärr;https://etjanst.sjv.se/tuvaut/?f=&id=NZO-HXT;https://etjanst.sjv.se/hagenpub/rest/base/object/NZO-HXT;docs/tuva/sodermanland/objektrapporter/NZO-HXT.json
OBC-TKG;Södermanland;Eskilstuna;5.89;Bete;2018-10-04;Tumbo-Österby 2;https://etjanst.sjv.se/tuvaut/?f=&id=OBC-TKG;https://etjanst.sjv.se/hagenpub/rest/base/object/OBC-TKG;docs/tuva/sodermanland/objektrapporter/OBC-TKG.json
OBN-SVO;Södermanland;Katrineholm;1.85;Bete;2009-07-21;;https://etjanst.sjv.se/tuvaut/?f=&id=OBN-SVO;https://etjanst.sjv.se/hagenpub/rest/base/object/OBN-SVO;docs/tuva/sodermanland/objektrapporter/OBN-SVO.json
OCO-BAV;Södermanland;Vingåker;0.69;Bete;2012-09-20;Sjögölet;https://etjanst.sjv.se/tuvaut/?f=&id=OCO-BAV;https://etjanst.sjv.se/hagenpub/rest/base/object/OCO-BAV;docs/tuva/sodermanland/objektrapporter/OCO-BAV.json
OCR-NCY;Södermanland;Eskilstuna;5.26;Bete;2018-09-05;Mågla 2;https://etjanst.sjv.se/tuvaut/?f=&id=OCR-NCY;https://etjanst.sjv.se/hagenpub/rest/base/object/OCR-NCY;docs/tuva/sodermanland/objektrapporter/OCR-NCY.json
OEI-TBG;Södermanland;Katrineholm;0.68;Bete;2009-07-01;;https://etjanst.sjv.se/tuvaut/?f=&id=OEI-TBG;https://etjanst.sjv.se/hagenpub/rest/base/object/OEI-TBG;docs/tuva/sodermanland/objektrapporter/OEI-TBG.json
OFX-EAW;Södermanland;Gnesta;1.41;Restaurerbar;2008-09-12;Lådra2;https://etjanst.sjv.se/tuvaut/?f=&id=OFX-EAW;https://etjanst.sjv.se/hagenpub/rest/base/object/OFX-EAW;docs/tuva/sodermanland/objektrapporter/OFX-EAW.json
OFZ-MDR;Södermanland;Nyköping;0.19;Bete;2023-06-08;Stensund;https://etjanst.sjv.se/tuvaut/?f=&id=OFZ-MDR;https://etjanst.sjv.se/hagenpub/rest/base/object/OFZ-MDR;docs/tuva/sodermanland/objektrapporter/OFZ-MDR.json
OIR-MPP;Södermanland;Vingåker;1.89;Bete;2011-06-29;;https://etjanst.sjv.se/tuvaut/?f=&id=OIR-MPP;https://etjanst.sjv.se/hagenpub/rest/base/object/OIR-MPP;docs/tuva/sodermanland/objektrapporter/OIR-MPP.json
OJX-ZVW;Södermanland;Nyköping;4.28;Bete;2010-07-14;;https://etjanst.sjv.se/tuvaut/?f=&id=OJX-ZVW;https://etjanst.sjv.se/hagenpub/rest/base/object/OJX-ZVW;docs/tuva/sodermanland/objektrapporter/OJX-ZVW.json
OKI-SZD;Södermanland;Strängnäs;1.75;Restaurerbar;2023-08-04;Elma;https://etjanst.sjv.se/tuvaut/?f=&id=OKI-SZD;https://etjanst.sjv.se/hagenpub/rest/base/object/OKI-SZD;docs/tuva/sodermanland/objektrapporter/OKI-SZD.json
OKJ-GBM;Södermanland;Eskilstuna;0.17;Bete;2019-09-06;Kafjärdsskogen 1;https://etjanst.sjv.se/tuvaut/?f=&id=OKJ-GBM;https://etjanst.sjv.se/hagenpub/rest/base/object/OKJ-GBM;docs/tuva/sodermanland/objektrapporter/OKJ-GBM.json
OMV-LDQ;Södermanland;Nyköping;12.72;Bete;2023-06-27;Ripsa-Edeby;https://etjanst.sjv.se/tuvaut/?f=&id=OMV-LDQ;https://etjanst.sjv.se/hagenpub/rest/base/object/OMV-LDQ;docs/tuva/sodermanland/objektrapporter/OMV-LDQ.json
OOI-TAL;Södermanland;Katrineholm;1.19;Bete;2023-08-14;Adolfsborg;https://etjanst.sjv.se/tuvaut/?f=&id=OOI-TAL;https://etjanst.sjv.se/hagenpub/rest/base/object/OOI-TAL;docs/tuva/sodermanland/objektrapporter/OOI-TAL.json
OOJ-XXB;Södermanland;Flen;0.9;Bete;2019-08-08;Hårdvallsäng 1;https://etjanst.sjv.se/tuvaut/?f=&id=OOJ-XXB;https://etjanst.sjv.se/hagenpub/rest/base/object/OOJ-XXB;docs/tuva/sodermanland/objektrapporter/OOJ-XXB.json
OOX-CEH;Södermanland;Gnesta;4.78;Bete;2010-07-08;;https://etjanst.sjv.se/tuvaut/?f=&id=OOX-CEH;https://etjanst.sjv.se/hagenpub/rest/base/object/OOX-CEH;docs/tuva/sodermanland/objektrapporter/OOX-CEH.json
OPF-IOA;Södermanland;Eskilstuna;2.79;Bete;2009-07-01;;https://etjanst.sjv.se/tuvaut/?f=&id=OPF-IOA;https://etjanst.sjv.se/hagenpub/rest/base/object/OPF-IOA;docs/tuva/sodermanland/objektrapporter/OPF-IOA.json
OPH-YWG;Södermanland;Gnesta;1.19;Bete;2023-08-04;Trön;https://etjanst.sjv.se/tuvaut/?f=&id=OPH-YWG;https://etjanst.sjv.se/hagenpub/rest/base/object/OPH-YWG;docs/tuva/sodermanland/objektrapporter/OPH-YWG.json
OQD-SMO;Södermanland;Flen;6.18;Bete;2010-07-08;;https://etjanst.sjv.se/tuvaut/?f=&id=OQD-SMO;https://etjanst.sjv.se/hagenpub/rest/base/object/OQD-SMO;docs/tuva/sodermanland/objektrapporter/OQD-SMO.json
ORF-RPM;Södermanland;Vingåker;0.55;Bete;2018-08-08;Nolankärr 2;https://etjanst.sjv.se/tuvaut/?f=&id=ORF-RPM;https://etjanst.sjv.se/hagenpub/rest/base/object/ORF-RPM;docs/tuva/sodermanland/objektrapporter/ORF-RPM.json
OSZ-GPU;Södermanland;Gnesta;1.19;Bete;2008-09-12;Hällesta;https://etjanst.sjv.se/tuvaut/?f=&id=OSZ-GPU;https://etjanst.sjv.se/hagenpub/rest/base/object/OSZ-GPU;docs/tuva/sodermanland/objektrapporter/OSZ-GPU.json
OUH-NVL;Södermanland;Nyköping;4.83;Bete;2010-07-07;;https://etjanst.sjv.se/tuvaut/?f=&id=OUH-NVL;https://etjanst.sjv.se/hagenpub/rest/base/object/OUH-NVL;docs/tuva/sodermanland/objektrapporter/OUH-NVL.json
OVV-SJJ;Södermanland;Nyköping;0.58;Ej aktuell;2026-07-31;;https://etjanst.sjv.se/tuvaut/?f=&id=OVV-SJJ;https://etjanst.sjv.se/hagenpub/rest/base/object/OVV-SJJ;docs/tuva/sodermanland/objektrapporter/OVV-SJJ.json
OWG-MSZ;Södermanland;Flen;5.78;Bete;2012-09-28;Stenbro;https://etjanst.sjv.se/tuvaut/?f=&id=OWG-MSZ;https://etjanst.sjv.se/hagenpub/rest/base/object/OWG-MSZ;docs/tuva/sodermanland/objektrapporter/OWG-MSZ.json
OZP-RMU;Södermanland;Trosa;0.43;Ej aktuell;2026-08-13;Dalbyö 4;https://etjanst.sjv.se/tuvaut/?f=&id=OZP-RMU;https://etjanst.sjv.se/hagenpub/rest/base/object/OZP-RMU;docs/tuva/sodermanland/objektrapporter/OZP-RMU.json
PAJ-CWJ;Södermanland;Nyköping;3.96;Bete;2009-08-21;;https://etjanst.sjv.se/tuvaut/?f=&id=PAJ-CWJ;https://etjanst.sjv.se/hagenpub/rest/base/object/PAJ-CWJ;docs/tuva/sodermanland/objektrapporter/PAJ-CWJ.json
PAN-RBH;Södermanland;Nyköping;1.42;Bete;2019-06-13;Nynäs;https://etjanst.sjv.se/tuvaut/?f=&id=PAN-RBH;https://etjanst.sjv.se/hagenpub/rest/base/object/PAN-RBH;docs/tuva/sodermanland/objektrapporter/PAN-RBH.json
PAU-FMH;Södermanland;Nyköping;0.61;Bete;2009-08-14;;https://etjanst.sjv.se/tuvaut/?f=&id=PAU-FMH;https://etjanst.sjv.se/hagenpub/rest/base/object/PAU-FMH;docs/tuva/sodermanland/objektrapporter/PAU-FMH.json
PEL-UKG;Södermanland;Gnesta;0.96;Bete;2019-07-03;Gåsinge-Kalvsätter 1;https://etjanst.sjv.se/tuvaut/?f=&id=PEL-UKG;https://etjanst.sjv.se/hagenpub/rest/base/object/PEL-UKG;docs/tuva/sodermanland/objektrapporter/PEL-UKG.json
PEU-SIX;Södermanland;Strängnäs;0.5;Bete;2018-08-21;Strängnäs-Åby 5;https://etjanst.sjv.se/tuvaut/?f=&id=PEU-SIX;https://etjanst.sjv.se/hagenpub/rest/base/object/PEU-SIX;docs/tuva/sodermanland/objektrapporter/PEU-SIX.json
PFX-DCV;Södermanland;Nyköping;0.15;Bete;2019-06-28;Stockbäcken 4;https://etjanst.sjv.se/tuvaut/?f=&id=PFX-DCV;https://etjanst.sjv.se/hagenpub/rest/base/object/PFX-DCV;docs/tuva/sodermanland/objektrapporter/PFX-DCV.json
PIJ-SUC;Södermanland;Katrineholm;2.37;Bete;2011-07-07;;https://etjanst.sjv.se/tuvaut/?f=&id=PIJ-SUC;https://etjanst.sjv.se/hagenpub/rest/base/object/PIJ-SUC;docs/tuva/sodermanland/objektrapporter/PIJ-SUC.json
PIN-QWO;Södermanland;Nyköping;1.48;Bete;2012-09-12;Valla;https://etjanst.sjv.se/tuvaut/?f=&id=PIN-QWO;https://etjanst.sjv.se/hagenpub/rest/base/object/PIN-QWO;docs/tuva/sodermanland/objektrapporter/PIN-QWO.json
PIP-AXC;Södermanland;Strängnäs;1.29;Bete;2023-08-23;Aspö-Lagnö;https://etjanst.sjv.se/tuvaut/?f=&id=PIP-AXC;https://etjanst.sjv.se/hagenpub/rest/base/object/PIP-AXC;docs/tuva/sodermanland/objektrapporter/PIP-AXC.json
PJD-LWL;Södermanland;Eskilstuna;0.42;Bete;2019-09-12;Kafjärdsskogen 1;https://etjanst.sjv.se/tuvaut/?f=&id=PJD-LWL;https://etjanst.sjv.se/hagenpub/rest/base/object/PJD-LWL;docs/tuva/sodermanland/objektrapporter/PJD-LWL.json
PKE-DKE;Södermanland;Nyköping;3.92;Bete;2009-07-22;;https://etjanst.sjv.se/tuvaut/?f=&id=PKE-DKE;https://etjanst.sjv.se/hagenpub/rest/base/object/PKE-DKE;docs/tuva/sodermanland/objektrapporter/PKE-DKE.json
PKV-QJR;Södermanland;Flen;7.53;Bete;2019-08-20;Hjälmskyl 1;https://etjanst.sjv.se/tuvaut/?f=&id=PKV-QJR;https://etjanst.sjv.se/hagenpub/rest/base/object/PKV-QJR;docs/tuva/sodermanland/objektrapporter/PKV-QJR.json
PKX-QEZ;Södermanland;Nyköping;1.63;Bete;2010-09-01;;https://etjanst.sjv.se/tuvaut/?f=&id=PKX-QEZ;https://etjanst.sjv.se/hagenpub/rest/base/object/PKX-QEZ;docs/tuva/sodermanland/objektrapporter/PKX-QEZ.json
PON-LUE;Södermanland;Katrineholm;1.46;Bete;2008-09-05;Barksätter1;https://etjanst.sjv.se/tuvaut/?f=&id=PON-LUE;https://etjanst.sjv.se/hagenpub/rest/base/object/PON-LUE;docs/tuva/sodermanland/objektrapporter/PON-LUE.json
PON-MKB;Södermanland;Vingåker;2.43;Bete;2012-09-26;Hultet;https://etjanst.sjv.se/tuvaut/?f=&id=PON-MKB;https://etjanst.sjv.se/hagenpub/rest/base/object/PON-MKB;docs/tuva/sodermanland/objektrapporter/PON-MKB.json
POS-UOT;Södermanland;Nyköping;0.1;Ej aktuell;2026-06-30;Sävö 6;https://etjanst.sjv.se/tuvaut/?f=&id=POS-UOT;https://etjanst.sjv.se/hagenpub/rest/base/object/POS-UOT;docs/tuva/sodermanland/objektrapporter/POS-UOT.json
POY-SWU;Södermanland;Katrineholm;2.73;Bete;2011-07-07; Bönan;https://etjanst.sjv.se/tuvaut/?f=&id=POY-SWU;https://etjanst.sjv.se/hagenpub/rest/base/object/POY-SWU;docs/tuva/sodermanland/objektrapporter/POY-SWU.json
PQA-OGO;Södermanland;Vingåker;0.66;Bete;2012-09-20;Sjötorp;https://etjanst.sjv.se/tuvaut/?f=&id=PQA-OGO;https://etjanst.sjv.se/hagenpub/rest/base/object/PQA-OGO;docs/tuva/sodermanland/objektrapporter/PQA-OGO.json
PQL-FYL;Södermanland;Nyköping;0.25;Bete;2023-06-19;Ripsa-Edeby;https://etjanst.sjv.se/tuvaut/?f=&id=PQL-FYL;https://etjanst.sjv.se/hagenpub/rest/base/object/PQL-FYL;docs/tuva/sodermanland/objektrapporter/PQL-FYL.json
PRW-EWV;Södermanland;Katrineholm;1.61;Bete;2009-07-02;;https://etjanst.sjv.se/tuvaut/?f=&id=PRW-EWV;https://etjanst.sjv.se/hagenpub/rest/base/object/PRW-EWV;docs/tuva/sodermanland/objektrapporter/PRW-EWV.json
PRW-WAH;Södermanland;Eskilstuna;1.66;Bete;2012-08-24;Nysslingen;https://etjanst.sjv.se/tuvaut/?f=&id=PRW-WAH;https://etjanst.sjv.se/hagenpub/rest/base/object/PRW-WAH;docs/tuva/sodermanland/objektrapporter/PRW-WAH.json
PTT-WHI;Södermanland;Eskilstuna;2.15;Bete;2009-08-26;;https://etjanst.sjv.se/tuvaut/?f=&id=PTT-WHI;https://etjanst.sjv.se/hagenpub/rest/base/object/PTT-WHI;docs/tuva/sodermanland/objektrapporter/PTT-WHI.json
PVF-JPB;Södermanland;Eskilstuna;0.18;Bete;2019-09-10;Kafjärdsskogen 1;https://etjanst.sjv.se/tuvaut/?f=&id=PVF-JPB;https://etjanst.sjv.se/hagenpub/rest/base/object/PVF-JPB;docs/tuva/sodermanland/objektrapporter/PVF-JPB.json
PVN-UTI;Södermanland;Eskilstuna;0.63;Bete;2018-10-10;Hällby-Ökna 3;https://etjanst.sjv.se/tuvaut/?f=&id=PVN-UTI;https://etjanst.sjv.se/hagenpub/rest/base/object/PVN-UTI;docs/tuva/sodermanland/objektrapporter/PVN-UTI.json
PWC-AIF;Södermanland;Eskilstuna;0.82;Bete;2019-09-16;Nästorp 1;https://etjanst.sjv.se/tuvaut/?f=&id=PWC-AIF;https://etjanst.sjv.se/hagenpub/rest/base/object/PWC-AIF;docs/tuva/sodermanland/objektrapporter/PWC-AIF.json
PXK-EQX;Södermanland;Flen;0.95;Bete;2023-08-08;Björkudden;https://etjanst.sjv.se/tuvaut/?f=&id=PXK-EQX;https://etjanst.sjv.se/hagenpub/rest/base/object/PXK-EQX;docs/tuva/sodermanland/objektrapporter/PXK-EQX.json
PZV-NCX;Södermanland;Nyköping;1.6;Bete;2009-08-14;;https://etjanst.sjv.se/tuvaut/?f=&id=PZV-NCX;https://etjanst.sjv.se/hagenpub/rest/base/object/PZV-NCX;docs/tuva/sodermanland/objektrapporter/PZV-NCX.json
QAK-GTQ;Södermanland;Gnesta;2.57;Bete;2006-02-01;;https://etjanst.sjv.se/tuvaut/?f=&id=QAK-GTQ;https://etjanst.sjv.se/hagenpub/rest/base/object/QAK-GTQ;docs/tuva/sodermanland/objektrapporter/QAK-GTQ.json
QAO-EOA;Södermanland;Katrineholm;2.43;Bete;2023-09-05;Dagöholm;https://etjanst.sjv.se/tuvaut/?f=&id=QAO-EOA;https://etjanst.sjv.se/hagenpub/rest/base/object/QAO-EOA;docs/tuva/sodermanland/objektrapporter/QAO-EOA.json
QAZ-DWE;Södermanland;Nyköping;0.57;Bete;2019-06-17;Esta 1;https://etjanst.sjv.se/tuvaut/?f=&id=QAZ-DWE;https://etjanst.sjv.se/hagenpub/rest/base/object/QAZ-DWE;docs/tuva/sodermanland/objektrapporter/QAZ-DWE.json
QBP-OXJ;Södermanland;Vingåker;2.29;Restaurerbar;2012-09-24;Bergaholm;https://etjanst.sjv.se/tuvaut/?f=&id=QBP-OXJ;https://etjanst.sjv.se/hagenpub/rest/base/object/QBP-OXJ;docs/tuva/sodermanland/objektrapporter/QBP-OXJ.json
QDX-BYB;Södermanland;Nyköping;0.2;Äng;2026-06-11;Davik 1;https://etjanst.sjv.se/tuvaut/?f=&id=QDX-BYB;https://etjanst.sjv.se/hagenpub/rest/base/object/QDX-BYB;docs/tuva/sodermanland/objektrapporter/QDX-BYB.json
QFZ-JTA;Södermanland;Eskilstuna;0.13;Bete;2019-09-16;Näshulta-Åstorp 2;https://etjanst.sjv.se/tuvaut/?f=&id=QFZ-JTA;https://etjanst.sjv.se/hagenpub/rest/base/object/QFZ-JTA;docs/tuva/sodermanland/objektrapporter/QFZ-JTA.json
QGM-PTR;Södermanland;Nyköping;1.3;Bete;2019-07-11;Gammelsta 4;https://etjanst.sjv.se/tuvaut/?f=&id=QGM-PTR;https://etjanst.sjv.se/hagenpub/rest/base/object/QGM-PTR;docs/tuva/sodermanland/objektrapporter/QGM-PTR.json
QGS-ZSV;Södermanland;Katrineholm;1.07;Bete;2010-06-29;;https://etjanst.sjv.se/tuvaut/?f=&id=QGS-ZSV;https://etjanst.sjv.se/hagenpub/rest/base/object/QGS-ZSV;docs/tuva/sodermanland/objektrapporter/QGS-ZSV.json
QHU-YLV;Södermanland;Vingåker;1.75;Bete;2023-07-13;Högsjö gård;https://etjanst.sjv.se/tuvaut/?f=&id=QHU-YLV;https://etjanst.sjv.se/hagenpub/rest/base/object/QHU-YLV;docs/tuva/sodermanland/objektrapporter/QHU-YLV.json
QJZ-PCU;Södermanland;Katrineholm;1.12;Bete;2023-10-25;Löketorp;https://etjanst.sjv.se/tuvaut/?f=&id=QJZ-PCU;https://etjanst.sjv.se/hagenpub/rest/base/object/QJZ-PCU;docs/tuva/sodermanland/objektrapporter/QJZ-PCU.json
QKQ-CSL;Södermanland;Katrineholm;0.15;Bete;2018-07-06;Fjällskäfte 1;https://etjanst.sjv.se/tuvaut/?f=&id=QKQ-CSL;https://etjanst.sjv.se/hagenpub/rest/base/object/QKQ-CSL;docs/tuva/sodermanland/objektrapporter/QKQ-CSL.json
QLR-FJT;Södermanland;Nyköping;1.67;Bete;2023-06-14;Ripsa-Edeby;https://etjanst.sjv.se/tuvaut/?f=&id=QLR-FJT;https://etjanst.sjv.se/hagenpub/rest/base/object/QLR-FJT;docs/tuva/sodermanland/objektrapporter/QLR-FJT.json
QMB-UAY;Södermanland;Eskilstuna;1.22;Bete;2018-09-28;Eklången 1;https://etjanst.sjv.se/tuvaut/?f=&id=QMB-UAY;https://etjanst.sjv.se/hagenpub/rest/base/object/QMB-UAY;docs/tuva/sodermanland/objektrapporter/QMB-UAY.json
QMJ-ZWR;Södermanland;Nyköping;9.1;Äng;2018-07-13;Gevle;https://etjanst.sjv.se/tuvaut/?f=&id=QMJ-ZWR;https://etjanst.sjv.se/hagenpub/rest/base/object/QMJ-ZWR;docs/tuva/sodermanland/objektrapporter/QMJ-ZWR.json
QMR-FTV;Södermanland;Flen;0.92;Bete;2019-08-22;Remna 1;https://etjanst.sjv.se/tuvaut/?f=&id=QMR-FTV;https://etjanst.sjv.se/hagenpub/rest/base/object/QMR-FTV;docs/tuva/sodermanland/objektrapporter/QMR-FTV.json
QMR-JLU;Södermanland;Eskilstuna;0.74;Bete;2018-09-17;Prostökna 1;https://etjanst.sjv.se/tuvaut/?f=&id=QMR-JLU;https://etjanst.sjv.se/hagenpub/rest/base/object/QMR-JLU;docs/tuva/sodermanland/objektrapporter/QMR-JLU.json
QOT-EYI;Södermanland;Nyköping;1.31;Bete;2019-06-28;Stockbäcken 4;https://etjanst.sjv.se/tuvaut/?f=&id=QOT-EYI;https://etjanst.sjv.se/hagenpub/rest/base/object/QOT-EYI;docs/tuva/sodermanland/objektrapporter/QOT-EYI.json
QPF-PTY;Södermanland;Nyköping;0.7;Bete;2007-08-23;Ökna 3;https://etjanst.sjv.se/tuvaut/?f=&id=QPF-PTY;https://etjanst.sjv.se/hagenpub/rest/base/object/QPF-PTY;docs/tuva/sodermanland/objektrapporter/QPF-PTY.json
QRO-GJX;Södermanland;Vingåker;0.16;Bete;2018-08-13;Hökhult 1;https://etjanst.sjv.se/tuvaut/?f=&id=QRO-GJX;https://etjanst.sjv.se/hagenpub/rest/base/object/QRO-GJX;docs/tuva/sodermanland/objektrapporter/QRO-GJX.json
QTL-KRZ;Södermanland;Katrineholm;0.46;Bete;2023-05-31;Lagmansö;https://etjanst.sjv.se/tuvaut/?f=&id=QTL-KRZ;https://etjanst.sjv.se/hagenpub/rest/base/object/QTL-KRZ;docs/tuva/sodermanland/objektrapporter/QTL-KRZ.json
QUA-EHX;Södermanland;Nyköping;0.3;Bete;2009-07-16;;https://etjanst.sjv.se/tuvaut/?f=&id=QUA-EHX;https://etjanst.sjv.se/hagenpub/rest/base/object/QUA-EHX;docs/tuva/sodermanland/objektrapporter/QUA-EHX.json
QUT-NXC;Södermanland;Eskilstuna;0.54;Bete;2019-09-06;Kafjärdsskogen 1;https://etjanst.sjv.se/tuvaut/?f=&id=QUT-NXC;https://etjanst.sjv.se/hagenpub/rest/base/object/QUT-NXC;docs/tuva/sodermanland/objektrapporter/QUT-NXC.json
QVB-VBI;Södermanland;Eskilstuna;2.89;Restaurerbar;2023-08-30;;https://etjanst.sjv.se/tuvaut/?f=&id=QVB-VBI;https://etjanst.sjv.se/hagenpub/rest/base/object/QVB-VBI;docs/tuva/sodermanland/objektrapporter/QVB-VBI.json
QWE-PYM;Södermanland;Nyköping;1.17;Bete;2009-07-14;;https://etjanst.sjv.se/tuvaut/?f=&id=QWE-PYM;https://etjanst.sjv.se/hagenpub/rest/base/object/QWE-PYM;docs/tuva/sodermanland/objektrapporter/QWE-PYM.json
QWU-HNV;Södermanland;Nyköping;4.03;Ej aktuell;2009-08-14;;https://etjanst.sjv.se/tuvaut/?f=&id=QWU-HNV;https://etjanst.sjv.se/hagenpub/rest/base/object/QWU-HNV;docs/tuva/sodermanland/objektrapporter/QWU-HNV.json
QXB-XET;Södermanland;Nyköping;0.23;Bete;2019-06-26;Valsta 3;https://etjanst.sjv.se/tuvaut/?f=&id=QXB-XET;https://etjanst.sjv.se/hagenpub/rest/base/object/QXB-XET;docs/tuva/sodermanland/objektrapporter/QXB-XET.json
QXV-AUM;Södermanland;Eskilstuna;1.39;Bete;2019-09-05;Kafjärdsskogen 1;https://etjanst.sjv.se/tuvaut/?f=&id=QXV-AUM;https://etjanst.sjv.se/hagenpub/rest/base/object/QXV-AUM;docs/tuva/sodermanland/objektrapporter/QXV-AUM.json
QXX-EMU;Södermanland;Strängnäs;0.9;Bete;2023-03-20;Hässelboholm;https://etjanst.sjv.se/tuvaut/?f=&id=QXX-EMU;https://etjanst.sjv.se/hagenpub/rest/base/object/QXX-EMU;docs/tuva/sodermanland/objektrapporter/QXX-EMU.json
QYN-LHP;Södermanland;Katrineholm;0.18;Äng;2012-09-28;Stockbäcken 2;https://etjanst.sjv.se/tuvaut/?f=&id=QYN-LHP;https://etjanst.sjv.se/hagenpub/rest/base/object/QYN-LHP;docs/tuva/sodermanland/objektrapporter/QYN-LHP.json
QZQ-PBZ;Södermanland;Gnesta;1.42;Bete;2019-07-03;Gåsinge-Kalvsätter 1;https://etjanst.sjv.se/tuvaut/?f=&id=QZQ-PBZ;https://etjanst.sjv.se/hagenpub/rest/base/object/QZQ-PBZ;docs/tuva/sodermanland/objektrapporter/QZQ-PBZ.json
RAL-BNI;Södermanland;Nyköping;7.71;Bete;2018-07-10;Bergatuna 1;https://etjanst.sjv.se/tuvaut/?f=&id=RAL-BNI;https://etjanst.sjv.se/hagenpub/rest/base/object/RAL-BNI;docs/tuva/sodermanland/objektrapporter/RAL-BNI.json
RBD-NJN;Södermanland;Nyköping;1.54;Bete;2023-09-18;Tystberga-Ekeby;https://etjanst.sjv.se/tuvaut/?f=&id=RBD-NJN;https://etjanst.sjv.se/hagenpub/rest/base/object/RBD-NJN;docs/tuva/sodermanland/objektrapporter/RBD-NJN.json
RBR-HPY;Södermanland;Katrineholm;1.74;Bete;2009-07-01;;https://etjanst.sjv.se/tuvaut/?f=&id=RBR-HPY;https://etjanst.sjv.se/hagenpub/rest/base/object/RBR-HPY;docs/tuva/sodermanland/objektrapporter/RBR-HPY.json
RBR-SOJ;Södermanland;Eskilstuna;0.11;Bete;2019-09-12;Kafjärdsskogen 1;https://etjanst.sjv.se/tuvaut/?f=&id=RBR-SOJ;https://etjanst.sjv.se/hagenpub/rest/base/object/RBR-SOJ;docs/tuva/sodermanland/objektrapporter/RBR-SOJ.json
RCR-VTO;Södermanland;Flen;1.19;Bete;2019-08-08;Hårdvallsäng 1;https://etjanst.sjv.se/tuvaut/?f=&id=RCR-VTO;https://etjanst.sjv.se/hagenpub/rest/base/object/RCR-VTO;docs/tuva/sodermanland/objektrapporter/RCR-VTO.json
RDD-JZW;Södermanland;Katrineholm;2.86;Ej aktuell;2009-09-11;;https://etjanst.sjv.se/tuvaut/?f=&id=RDD-JZW;https://etjanst.sjv.se/hagenpub/rest/base/object/RDD-JZW;docs/tuva/sodermanland/objektrapporter/RDD-JZW.json
RDF-GOX;Södermanland;Nyköping;1.72;Bete;2009-07-16;;https://etjanst.sjv.se/tuvaut/?f=&id=RDF-GOX;https://etjanst.sjv.se/hagenpub/rest/base/object/RDF-GOX;docs/tuva/sodermanland/objektrapporter/RDF-GOX.json
RDK-URO;Södermanland;Strängnäs;1.36;Bete;2009-07-15;;https://etjanst.sjv.se/tuvaut/?f=&id=RDK-URO;https://etjanst.sjv.se/hagenpub/rest/base/object/RDK-URO;docs/tuva/sodermanland/objektrapporter/RDK-URO.json
REE-OGJ;Södermanland;Nyköping;0.22;Bete;2023-06-08;Vrena-Berga;https://etjanst.sjv.se/tuvaut/?f=&id=REE-OGJ;https://etjanst.sjv.se/hagenpub/rest/base/object/REE-OGJ;docs/tuva/sodermanland/objektrapporter/REE-OGJ.json
REJ-BOX;Södermanland;Flen;2.15;Bete;2019-08-22;Remna 1;https://etjanst.sjv.se/tuvaut/?f=&id=REJ-BOX;https://etjanst.sjv.se/hagenpub/rest/base/object/REJ-BOX;docs/tuva/sodermanland/objektrapporter/REJ-BOX.json
RFY-JTV;Södermanland;Nyköping;1.51;Ej aktuell;2026-07-31;;https://etjanst.sjv.se/tuvaut/?f=&id=RFY-JTV;https://etjanst.sjv.se/hagenpub/rest/base/object/RFY-JTV;docs/tuva/sodermanland/objektrapporter/RFY-JTV.json
RJS-BJF;Södermanland;Strängnäs;0.23;Restaurerbar;2018-06-27;Morrarön;https://etjanst.sjv.se/tuvaut/?f=&id=RJS-BJF;https://etjanst.sjv.se/hagenpub/rest/base/object/RJS-BJF;docs/tuva/sodermanland/objektrapporter/RJS-BJF.json
RKX-FPZ;Södermanland;Eskilstuna;5.09;Bete;2019-09-03;Kafjärdsskogen 1;https://etjanst.sjv.se/tuvaut/?f=&id=RKX-FPZ;https://etjanst.sjv.se/hagenpub/rest/base/object/RKX-FPZ;docs/tuva/sodermanland/objektrapporter/RKX-FPZ.json
RMU-UYK;Södermanland;Nyköping;0.8;Bete;2009-08-13;;https://etjanst.sjv.se/tuvaut/?f=&id=RMU-UYK;https://etjanst.sjv.se/hagenpub/rest/base/object/RMU-UYK;docs/tuva/sodermanland/objektrapporter/RMU-UYK.json
RON-JUU;Södermanland;Strängnäs;0.38;Äng;2018-06-21;Askare;https://etjanst.sjv.se/tuvaut/?f=&id=RON-JUU;https://etjanst.sjv.se/hagenpub/rest/base/object/RON-JUU;docs/tuva/sodermanland/objektrapporter/RON-JUU.json
RPL-AAN;Södermanland;Trosa;1.79;Bete;2023-08-14;Trössla;https://etjanst.sjv.se/tuvaut/?f=&id=RPL-AAN;https://etjanst.sjv.se/hagenpub/rest/base/object/RPL-AAN;docs/tuva/sodermanland/objektrapporter/RPL-AAN.json
RRZ-WPK;Södermanland;Flen;0.68;Bete;2019-08-14;Heby 3;https://etjanst.sjv.se/tuvaut/?f=&id=RRZ-WPK;https://etjanst.sjv.se/hagenpub/rest/base/object/RRZ-WPK;docs/tuva/sodermanland/objektrapporter/RRZ-WPK.json
RTN-PHO;Södermanland;Eskilstuna;0.99;Bete;2019-09-12;Kafjärdsskogen 1;https://etjanst.sjv.se/tuvaut/?f=&id=RTN-PHO;https://etjanst.sjv.se/hagenpub/rest/base/object/RTN-PHO;docs/tuva/sodermanland/objektrapporter/RTN-PHO.json
RTR-HUE;Södermanland;Nyköping;1.21;Bete;2007-10-05;Holmby;https://etjanst.sjv.se/tuvaut/?f=&id=RTR-HUE;https://etjanst.sjv.se/hagenpub/rest/base/object/RTR-HUE;docs/tuva/sodermanland/objektrapporter/RTR-HUE.json
RUS-YXT;Södermanland;Nyköping;2.74;Bete;2023-05-26;Bränn-Ekeby;https://etjanst.sjv.se/tuvaut/?f=&id=RUS-YXT;https://etjanst.sjv.se/hagenpub/rest/base/object/RUS-YXT;docs/tuva/sodermanland/objektrapporter/RUS-YXT.json
RVQ-TSP;Södermanland;Katrineholm;2.23;Bete;2012-08-02;Eneby;https://etjanst.sjv.se/tuvaut/?f=&id=RVQ-TSP;https://etjanst.sjv.se/hagenpub/rest/base/object/RVQ-TSP;docs/tuva/sodermanland/objektrapporter/RVQ-TSP.json
SAK-TAT;Södermanland;Eskilstuna;0.31;Bete;2018-10-05;Tumbo-Lövsta 4;https://etjanst.sjv.se/tuvaut/?f=&id=SAK-TAT;https://etjanst.sjv.se/hagenpub/rest/base/object/SAK-TAT;docs/tuva/sodermanland/objektrapporter/SAK-TAT.json
SAW-AMZ;Södermanland;Eskilstuna;0.18;Bete;2019-09-16;Nästorp 1;https://etjanst.sjv.se/tuvaut/?f=&id=SAW-AMZ;https://etjanst.sjv.se/hagenpub/rest/base/object/SAW-AMZ;docs/tuva/sodermanland/objektrapporter/SAW-AMZ.json
SDD-HHV;Södermanland;Nyköping;1.1;Restaurerbar;2009-07-21;;https://etjanst.sjv.se/tuvaut/?f=&id=SDD-HHV;https://etjanst.sjv.se/hagenpub/rest/base/object/SDD-HHV;docs/tuva/sodermanland/objektrapporter/SDD-HHV.json
SDI-TBN;Södermanland;Strängnäs;10.84;Bete;2018-08-23;Elma 6;https://etjanst.sjv.se/tuvaut/?f=&id=SDI-TBN;https://etjanst.sjv.se/hagenpub/rest/base/object/SDI-TBN;docs/tuva/sodermanland/objektrapporter/SDI-TBN.json
SDU-AMX;Södermanland;Katrineholm;1.4;Bete;2009-08-25;;https://etjanst.sjv.se/tuvaut/?f=&id=SDU-AMX;https://etjanst.sjv.se/hagenpub/rest/base/object/SDU-AMX;docs/tuva/sodermanland/objektrapporter/SDU-AMX.json
SFD-GQL;Södermanland;Vingåker;1.73;Bete;2018-08-08;Haddetorp 1;https://etjanst.sjv.se/tuvaut/?f=&id=SFD-GQL;https://etjanst.sjv.se/hagenpub/rest/base/object/SFD-GQL;docs/tuva/sodermanland/objektrapporter/SFD-GQL.json
SFT-BCS;Södermanland;Nyköping;2.46;Äng;2007-10-04;Ödesbrunn;https://etjanst.sjv.se/tuvaut/?f=&id=SFT-BCS;https://etjanst.sjv.se/hagenpub/rest/base/object/SFT-BCS;docs/tuva/sodermanland/objektrapporter/SFT-BCS.json
SHA-SCV;Södermanland;Katrineholm;1.22;Bete;2023-08-30;Årsta;https://etjanst.sjv.se/tuvaut/?f=&id=SHA-SCV;https://etjanst.sjv.se/hagenpub/rest/base/object/SHA-SCV;docs/tuva/sodermanland/objektrapporter/SHA-SCV.json
SIH-KGJ;Södermanland;Nyköping;0.25;Bete;2010-07-14;;https://etjanst.sjv.se/tuvaut/?f=&id=SIH-KGJ;https://etjanst.sjv.se/hagenpub/rest/base/object/SIH-KGJ;docs/tuva/sodermanland/objektrapporter/SIH-KGJ.json
SJH-QIL;Södermanland;Nyköping;4.81;Bete;2007-08-23;Svärta Väsby;https://etjanst.sjv.se/tuvaut/?f=&id=SJH-QIL;https://etjanst.sjv.se/hagenpub/rest/base/object/SJH-QIL;docs/tuva/sodermanland/objektrapporter/SJH-QIL.json
SJK-RTL;Södermanland;Katrineholm;4.09;Bete;2012-09-19;Gimgölet 1;https://etjanst.sjv.se/tuvaut/?f=&id=SJK-RTL;https://etjanst.sjv.se/hagenpub/rest/base/object/SJK-RTL;docs/tuva/sodermanland/objektrapporter/SJK-RTL.json
SJS-XFQ;Södermanland;Trosa;1.55;Ej aktuell;2026-07-02;;https://etjanst.sjv.se/tuvaut/?f=&id=SJS-XFQ;https://etjanst.sjv.se/hagenpub/rest/base/object/SJS-XFQ;docs/tuva/sodermanland/objektrapporter/SJS-XFQ.json
SKD-ZJH;Södermanland;Nyköping;8.94;Restaurerbar;2019-10-10;Ålberga gård 3;https://etjanst.sjv.se/tuvaut/?f=&id=SKD-ZJH;https://etjanst.sjv.se/hagenpub/rest/base/object/SKD-ZJH;docs/tuva/sodermanland/objektrapporter/SKD-ZJH.json
SKO-GFB;Södermanland;Nyköping;12.07;Bete;2023-06-13;Ripsa-Edeby;https://etjanst.sjv.se/tuvaut/?f=&id=SKO-GFB;https://etjanst.sjv.se/hagenpub/rest/base/object/SKO-GFB;docs/tuva/sodermanland/objektrapporter/SKO-GFB.json
SLL-VSI;Södermanland;Vingåker;2.41;Bete;2012-09-19;Forsby 1;https://etjanst.sjv.se/tuvaut/?f=&id=SLL-VSI;https://etjanst.sjv.se/hagenpub/rest/base/object/SLL-VSI;docs/tuva/sodermanland/objektrapporter/SLL-VSI.json
SMH-PXI;Södermanland;Flen;0.13;Bete;2019-08-22;Remna 1;https://etjanst.sjv.se/tuvaut/?f=&id=SMH-PXI;https://etjanst.sjv.se/hagenpub/rest/base/object/SMH-PXI;docs/tuva/sodermanland/objektrapporter/SMH-PXI.json
SNM-ASU;Södermanland;Eskilstuna;0.11;Bete;2018-09-12;Prostökna;https://etjanst.sjv.se/tuvaut/?f=&id=SNM-ASU;https://etjanst.sjv.se/hagenpub/rest/base/object/SNM-ASU;docs/tuva/sodermanland/objektrapporter/SNM-ASU.json
SNT-KKO;Södermanland;Nyköping;1.66;Bete;2023-09-18;Tystberga-Ekeby;https://etjanst.sjv.se/tuvaut/?f=&id=SNT-KKO;https://etjanst.sjv.se/hagenpub/rest/base/object/SNT-KKO;docs/tuva/sodermanland/objektrapporter/SNT-KKO.json
SNX-MNM;Södermanland;Eskilstuna;0.77;Bete;2018-09-17;Prostökna 1;https://etjanst.sjv.se/tuvaut/?f=&id=SNX-MNM;https://etjanst.sjv.se/hagenpub/rest/base/object/SNX-MNM;docs/tuva/sodermanland/objektrapporter/SNX-MNM.json
SOW-DDI;Södermanland;Flen;0.32;Bete;2019-08-16;Slättfall 1;https://etjanst.sjv.se/tuvaut/?f=&id=SOW-DDI;https://etjanst.sjv.se/hagenpub/rest/base/object/SOW-DDI;docs/tuva/sodermanland/objektrapporter/SOW-DDI.json
SPN-VGJ;Södermanland;Strängnäs;1.02;Bete;2018-09-06;Byringe 7;https://etjanst.sjv.se/tuvaut/?f=&id=SPN-VGJ;https://etjanst.sjv.se/hagenpub/rest/base/object/SPN-VGJ;docs/tuva/sodermanland/objektrapporter/SPN-VGJ.json
SQP-SRD;Södermanland;Gnesta;1.34;Restaurerbar;2019-07-04;Taffsnäs 1;https://etjanst.sjv.se/tuvaut/?f=&id=SQP-SRD;https://etjanst.sjv.se/hagenpub/rest/base/object/SQP-SRD;docs/tuva/sodermanland/objektrapporter/SQP-SRD.json
SQY-GHM;Södermanland;Flen;0.17;Bete;2018-07-05;Oppeby 1:2;https://etjanst.sjv.se/tuvaut/?f=&id=SQY-GHM;https://etjanst.sjv.se/hagenpub/rest/base/object/SQY-GHM;docs/tuva/sodermanland/objektrapporter/SQY-GHM.json
SSP-DNL;Södermanland;Katrineholm;0.87;Restaurerbar;2009-07-01;;https://etjanst.sjv.se/tuvaut/?f=&id=SSP-DNL;https://etjanst.sjv.se/hagenpub/rest/base/object/SSP-DNL;docs/tuva/sodermanland/objektrapporter/SSP-DNL.json
SSV-VWU;Södermanland;Katrineholm;0.38;Bete;2023-06-09;Lisstorp;https://etjanst.sjv.se/tuvaut/?f=&id=SSV-VWU;https://etjanst.sjv.se/hagenpub/rest/base/object/SSV-VWU;docs/tuva/sodermanland/objektrapporter/SSV-VWU.json
SVX-WOT;Södermanland;Strängnäs;1.67;Bete;2023-08-16;Toresunds-Sundby;https://etjanst.sjv.se/tuvaut/?f=&id=SVX-WOT;https://etjanst.sjv.se/hagenpub/rest/base/object/SVX-WOT;docs/tuva/sodermanland/objektrapporter/SVX-WOT.json
SWO-KAS;Södermanland;Trosa;0.17;Bete;2023-08-15;Stortorp;https://etjanst.sjv.se/tuvaut/?f=&id=SWO-KAS;https://etjanst.sjv.se/hagenpub/rest/base/object/SWO-KAS;docs/tuva/sodermanland/objektrapporter/SWO-KAS.json
SWX-RMK;Södermanland;Eskilstuna;3.89;Bete;2023-08-01;Västermo Malmberga;https://etjanst.sjv.se/tuvaut/?f=&id=SWX-RMK;https://etjanst.sjv.se/hagenpub/rest/base/object/SWX-RMK;docs/tuva/sodermanland/objektrapporter/SWX-RMK.json
SXR-CAZ;Södermanland;Katrineholm;0.98;Bete;2023-08-31;Sköldinge-Smedstorp;https://etjanst.sjv.se/tuvaut/?f=&id=SXR-CAZ;https://etjanst.sjv.se/hagenpub/rest/base/object/SXR-CAZ;docs/tuva/sodermanland/objektrapporter/SXR-CAZ.json
SXW-VCU;Södermanland;Strängnäs;1.66;Bete;2023-09-20;Granboda;https://etjanst.sjv.se/tuvaut/?f=&id=SXW-VCU;https://etjanst.sjv.se/hagenpub/rest/base/object/SXW-VCU;docs/tuva/sodermanland/objektrapporter/SXW-VCU.json
SZF-AII;Södermanland;Flen;0.63;Bete;2012-08-08;Svalängen;https://etjanst.sjv.se/tuvaut/?f=&id=SZF-AII;https://etjanst.sjv.se/hagenpub/rest/base/object/SZF-AII;docs/tuva/sodermanland/objektrapporter/SZF-AII.json
SZR-TRS;Södermanland;Nyköping;0.17;Bete;2019-06-26;Valsta 3;https://etjanst.sjv.se/tuvaut/?f=&id=SZR-TRS;https://etjanst.sjv.se/hagenpub/rest/base/object/SZR-TRS;docs/tuva/sodermanland/objektrapporter/SZR-TRS.json
SZX-ZWT;Södermanland;Nyköping;3.68;Bete;2012-09-12;Skeppsta;https://etjanst.sjv.se/tuvaut/?f=&id=SZX-ZWT;https://etjanst.sjv.se/hagenpub/rest/base/object/SZX-ZWT;docs/tuva/sodermanland/objektrapporter/SZX-ZWT.json
TER-XIN;Södermanland;Nyköping;6.27;Bete;2019-06-17;Ökna säteri 1;https://etjanst.sjv.se/tuvaut/?f=&id=TER-XIN;https://etjanst.sjv.se/hagenpub/rest/base/object/TER-XIN;docs/tuva/sodermanland/objektrapporter/TER-XIN.json
TGD-NQN;Södermanland;Katrineholm;0.45;Bete;2018-06-08;Hålbonäs 1:5;https://etjanst.sjv.se/tuvaut/?f=&id=TGD-NQN;https://etjanst.sjv.se/hagenpub/rest/base/object/TGD-NQN;docs/tuva/sodermanland/objektrapporter/TGD-NQN.json
TIU-TGS;Södermanland;Nyköping;0.1;Bete;2019-06-28;Stockbäcken 4;https://etjanst.sjv.se/tuvaut/?f=&id=TIU-TGS;https://etjanst.sjv.se/hagenpub/rest/base/object/TIU-TGS;docs/tuva/sodermanland/objektrapporter/TIU-TGS.json
TIX-WBT;Södermanland;Katrineholm;0.17;Bete;2023-09-05;Dagöholm;https://etjanst.sjv.se/tuvaut/?f=&id=TIX-WBT;https://etjanst.sjv.se/hagenpub/rest/base/object/TIX-WBT;docs/tuva/sodermanland/objektrapporter/TIX-WBT.json
TMY-FLN;Södermanland;Trosa;0.34;Bete;2019-09-27;Österängstugan;https://etjanst.sjv.se/tuvaut/?f=&id=TMY-FLN;https://etjanst.sjv.se/hagenpub/rest/base/object/TMY-FLN;docs/tuva/sodermanland/objektrapporter/TMY-FLN.json
TNP-SEG;Södermanland;Nyköping;0.69;Bete;2019-06-27;Torpesta;https://etjanst.sjv.se/tuvaut/?f=&id=TNP-SEG;https://etjanst.sjv.se/hagenpub/rest/base/object/TNP-SEG;docs/tuva/sodermanland/objektrapporter/TNP-SEG.json
TOH-BEZ;Södermanland;Nyköping;3.16;Bete;2009-08-13;;https://etjanst.sjv.se/tuvaut/?f=&id=TOH-BEZ;https://etjanst.sjv.se/hagenpub/rest/base/object/TOH-BEZ;docs/tuva/sodermanland/objektrapporter/TOH-BEZ.json
TOJ-VNH;Södermanland;Nyköping;2.8;Bete;2023-06-07;Nykyrka-Lida;https://etjanst.sjv.se/tuvaut/?f=&id=TOJ-VNH;https://etjanst.sjv.se/hagenpub/rest/base/object/TOJ-VNH;docs/tuva/sodermanland/objektrapporter/TOJ-VNH.json
TPE-EMF;Södermanland;Nyköping;1.99;Bete;2023-06-26;Ripsa-Edeby;https://etjanst.sjv.se/tuvaut/?f=&id=TPE-EMF;https://etjanst.sjv.se/hagenpub/rest/base/object/TPE-EMF;docs/tuva/sodermanland/objektrapporter/TPE-EMF.json
TPT-EFC;Södermanland;Vingåker;0.39;Restaurerbar;2012-09-26;Lunda 2;https://etjanst.sjv.se/tuvaut/?f=&id=TPT-EFC;https://etjanst.sjv.se/hagenpub/rest/base/object/TPT-EFC;docs/tuva/sodermanland/objektrapporter/TPT-EFC.json
TQB-VYV;Södermanland;Katrineholm;2.04;Bete;2011-07-05;;https://etjanst.sjv.se/tuvaut/?f=&id=TQB-VYV;https://etjanst.sjv.se/hagenpub/rest/base/object/TQB-VYV;docs/tuva/sodermanland/objektrapporter/TQB-VYV.json
TTT-KAE;Södermanland;Flen;2.61;Bete;2019-08-23;Remna 1;https://etjanst.sjv.se/tuvaut/?f=&id=TTT-KAE;https://etjanst.sjv.se/hagenpub/rest/base/object/TTT-KAE;docs/tuva/sodermanland/objektrapporter/TTT-KAE.json
TUF-BOI;Södermanland;Nyköping;0.67;Bete;2023-08-02;Ripsa-Edeby;https://etjanst.sjv.se/tuvaut/?f=&id=TUF-BOI;https://etjanst.sjv.se/hagenpub/rest/base/object/TUF-BOI;docs/tuva/sodermanland/objektrapporter/TUF-BOI.json
TUI-RQX;Södermanland;Eskilstuna;1.41;Bete;2023-08-29;;https://etjanst.sjv.se/tuvaut/?f=&id=TUI-RQX;https://etjanst.sjv.se/hagenpub/rest/base/object/TUI-RQX;docs/tuva/sodermanland/objektrapporter/TUI-RQX.json
TUT-YPC;Södermanland;Nyköping;0.51;Äng;2019-06-18;Valsta;https://etjanst.sjv.se/tuvaut/?f=&id=TUT-YPC;https://etjanst.sjv.se/hagenpub/rest/base/object/TUT-YPC;docs/tuva/sodermanland/objektrapporter/TUT-YPC.json
TVO-EPC;Södermanland;Nyköping;1.19;Bete;2007-08-24;Ödesby;https://etjanst.sjv.se/tuvaut/?f=&id=TVO-EPC;https://etjanst.sjv.se/hagenpub/rest/base/object/TVO-EPC;docs/tuva/sodermanland/objektrapporter/TVO-EPC.json
TVQ-VBK;Södermanland;Trosa;2.41;Bete;2009-08-20;;https://etjanst.sjv.se/tuvaut/?f=&id=TVQ-VBK;https://etjanst.sjv.se/hagenpub/rest/base/object/TVQ-VBK;docs/tuva/sodermanland/objektrapporter/TVQ-VBK.json
TWT-BYQ;Södermanland;Nyköping;1.6;Ej aktuell;2023-08-01;Ripsa-Edeby;https://etjanst.sjv.se/tuvaut/?f=&id=TWT-BYQ;https://etjanst.sjv.se/hagenpub/rest/base/object/TWT-BYQ;docs/tuva/sodermanland/objektrapporter/TWT-BYQ.json
TYI-KKN;Södermanland;Nyköping;0.2;Bete;2019-06-27;Sättersta-Ökna 2;https://etjanst.sjv.se/tuvaut/?f=&id=TYI-KKN;https://etjanst.sjv.se/hagenpub/rest/base/object/TYI-KKN;docs/tuva/sodermanland/objektrapporter/TYI-KKN.json
TZS-OFU;Södermanland;Flen;0.69;Bete;2019-08-22;Remna;https://etjanst.sjv.se/tuvaut/?f=&id=TZS-OFU;https://etjanst.sjv.se/hagenpub/rest/base/object/TZS-OFU;docs/tuva/sodermanland/objektrapporter/TZS-OFU.json
TZZ-QDR;Södermanland;Nyköping;0.14;Bete;2026-06-10;;https://etjanst.sjv.se/tuvaut/?f=&id=TZZ-QDR;https://etjanst.sjv.se/hagenpub/rest/base/object/TZZ-QDR;docs/tuva/sodermanland/objektrapporter/TZZ-QDR.json
UAS-HIK;Södermanland;Eskilstuna;0.24;Bete;2019-09-25;Vidökna 1;https://etjanst.sjv.se/tuvaut/?f=&id=UAS-HIK;https://etjanst.sjv.se/hagenpub/rest/base/object/UAS-HIK;docs/tuva/sodermanland/objektrapporter/UAS-HIK.json
UBQ-HAR;Södermanland;Nyköping;2.69;Bete;2012-09-28;Gräfsta 2;https://etjanst.sjv.se/tuvaut/?f=&id=UBQ-HAR;https://etjanst.sjv.se/hagenpub/rest/base/object/UBQ-HAR;docs/tuva/sodermanland/objektrapporter/UBQ-HAR.json
UCY-XSY;Södermanland;Nyköping;1.14;Ej aktuell;2026-07-07;;https://etjanst.sjv.se/tuvaut/?f=&id=UCY-XSY;https://etjanst.sjv.se/hagenpub/rest/base/object/UCY-XSY;docs/tuva/sodermanland/objektrapporter/UCY-XSY.json
UDD-ESN;Södermanland;Flen;0.6;Bete;2023-08-03;Ulvsund;https://etjanst.sjv.se/tuvaut/?f=&id=UDD-ESN;https://etjanst.sjv.se/hagenpub/rest/base/object/UDD-ESN;docs/tuva/sodermanland/objektrapporter/UDD-ESN.json
UDN-TBA;Södermanland;Flen;2.99;Bete;2019-08-14;Hytternäs 1;https://etjanst.sjv.se/tuvaut/?f=&id=UDN-TBA;https://etjanst.sjv.se/hagenpub/rest/base/object/UDN-TBA;docs/tuva/sodermanland/objektrapporter/UDN-TBA.json
UEI-UQO;Södermanland;Nyköping;2.64;Ej aktuell;2009-08-14;;https://etjanst.sjv.se/tuvaut/?f=&id=UEI-UQO;https://etjanst.sjv.se/hagenpub/rest/base/object/UEI-UQO;docs/tuva/sodermanland/objektrapporter/UEI-UQO.json
UFO-JNF;Södermanland;Flen;0.55;Bete;2019-08-16;Slättfall 2;https://etjanst.sjv.se/tuvaut/?f=&id=UFO-JNF;https://etjanst.sjv.se/hagenpub/rest/base/object/UFO-JNF;docs/tuva/sodermanland/objektrapporter/UFO-JNF.json
UFU-YEO;Södermanland;Nyköping;0.97;Bete;2010-06-30;Farneby 2:1;https://etjanst.sjv.se/tuvaut/?f=&id=UFU-YEO;https://etjanst.sjv.se/hagenpub/rest/base/object/UFU-YEO;docs/tuva/sodermanland/objektrapporter/UFU-YEO.json
UFZ-WCB;Södermanland;Flen;2.13;Bete;2009-09-23;;https://etjanst.sjv.se/tuvaut/?f=&id=UFZ-WCB;https://etjanst.sjv.se/hagenpub/rest/base/object/UFZ-WCB;docs/tuva/sodermanland/objektrapporter/UFZ-WCB.json
UGN-TZW;Södermanland;Flen;0.54;Bete;2019-08-07;Hyltinge-Torp 1;https://etjanst.sjv.se/tuvaut/?f=&id=UGN-TZW;https://etjanst.sjv.se/hagenpub/rest/base/object/UGN-TZW;docs/tuva/sodermanland/objektrapporter/UGN-TZW.json
UHB-WNW;Södermanland;Nyköping;0.36;Bete;2012-06-12;Stora Långbro;https://etjanst.sjv.se/tuvaut/?f=&id=UHB-WNW;https://etjanst.sjv.se/hagenpub/rest/base/object/UHB-WNW;docs/tuva/sodermanland/objektrapporter/UHB-WNW.json
UHD-JKL;Södermanland;Nyköping;0.38;Bete;2019-06-24;Valsta 3;https://etjanst.sjv.se/tuvaut/?f=&id=UHD-JKL;https://etjanst.sjv.se/hagenpub/rest/base/object/UHD-JKL;docs/tuva/sodermanland/objektrapporter/UHD-JKL.json
UHJ-YMT;Södermanland;Vingåker;0.85;Bete;2018-08-13;Sköldnäs 1;https://etjanst.sjv.se/tuvaut/?f=&id=UHJ-YMT;https://etjanst.sjv.se/hagenpub/rest/base/object/UHJ-YMT;docs/tuva/sodermanland/objektrapporter/UHJ-YMT.json
UKC-YMS;Södermanland;Nyköping;1.62;Bete;2019-07-10;Åboö 2;https://etjanst.sjv.se/tuvaut/?f=&id=UKC-YMS;https://etjanst.sjv.se/hagenpub/rest/base/object/UKC-YMS;docs/tuva/sodermanland/objektrapporter/UKC-YMS.json
UKY-GVB;Södermanland;Eskilstuna;0.16;Bete;2019-09-06;Kafjärdsskogen 1;https://etjanst.sjv.se/tuvaut/?f=&id=UKY-GVB;https://etjanst.sjv.se/hagenpub/rest/base/object/UKY-GVB;docs/tuva/sodermanland/objektrapporter/UKY-GVB.json
ULX-PQJ;Södermanland;Gnesta;1.52;Bete;2019-07-03;Gåsinge-Kalvsätter 1;https://etjanst.sjv.se/tuvaut/?f=&id=ULX-PQJ;https://etjanst.sjv.se/hagenpub/rest/base/object/ULX-PQJ;docs/tuva/sodermanland/objektrapporter/ULX-PQJ.json
UMP-HOO;Södermanland;Vingåker;1.84;Restaurerbar;2012-09-26;Hultet 2;https://etjanst.sjv.se/tuvaut/?f=&id=UMP-HOO;https://etjanst.sjv.se/hagenpub/rest/base/object/UMP-HOO;docs/tuva/sodermanland/objektrapporter/UMP-HOO.json
UNQ-HEG;Södermanland;Nyköping;0.26;Bete;2019-06-17;Sättersta-Lida;https://etjanst.sjv.se/tuvaut/?f=&id=UNQ-HEG;https://etjanst.sjv.se/hagenpub/rest/base/object/UNQ-HEG;docs/tuva/sodermanland/objektrapporter/UNQ-HEG.json
UOJ-WTO;Södermanland;Nyköping;0.35;Bete;2012-06-12;Oppeby;https://etjanst.sjv.se/tuvaut/?f=&id=UOJ-WTO;https://etjanst.sjv.se/hagenpub/rest/base/object/UOJ-WTO;docs/tuva/sodermanland/objektrapporter/UOJ-WTO.json
UOQ-SEX;Södermanland;Katrineholm;6.7;Bete;2023-07-11;Kallvik;https://etjanst.sjv.se/tuvaut/?f=&id=UOQ-SEX;https://etjanst.sjv.se/hagenpub/rest/base/object/UOQ-SEX;docs/tuva/sodermanland/objektrapporter/UOQ-SEX.json
UOT-UQH;Södermanland;Katrineholm;0.43;Bete;2023-07-11;;https://etjanst.sjv.se/tuvaut/?f=&id=UOT-UQH;https://etjanst.sjv.se/hagenpub/rest/base/object/UOT-UQH;docs/tuva/sodermanland/objektrapporter/UOT-UQH.json
UPF-SEB;Södermanland;Eskilstuna;5.53;Bete;2018-09-17;Prostökna 1;https://etjanst.sjv.se/tuvaut/?f=&id=UPF-SEB;https://etjanst.sjv.se/hagenpub/rest/base/object/UPF-SEB;docs/tuva/sodermanland/objektrapporter/UPF-SEB.json
UPI-LWA;Södermanland;Katrineholm;4.06;Bete;2011-07-05;;https://etjanst.sjv.se/tuvaut/?f=&id=UPI-LWA;https://etjanst.sjv.se/hagenpub/rest/base/object/UPI-LWA;docs/tuva/sodermanland/objektrapporter/UPI-LWA.json
UQB-BTL;Södermanland;Nyköping;0.17;Bete;2019-07-11;Lunda-Tybble;https://etjanst.sjv.se/tuvaut/?f=&id=UQB-BTL;https://etjanst.sjv.se/hagenpub/rest/base/object/UQB-BTL;docs/tuva/sodermanland/objektrapporter/UQB-BTL.json
URL-EIR;Södermanland;Flen;0.14;Bete;2019-08-13;Heby 3;https://etjanst.sjv.se/tuvaut/?f=&id=URL-EIR;https://etjanst.sjv.se/hagenpub/rest/base/object/URL-EIR;docs/tuva/sodermanland/objektrapporter/URL-EIR.json
URX-MOT;Södermanland;Strängnäs;1.22;Bete;2018-09-04;Hagby 4;https://etjanst.sjv.se/tuvaut/?f=&id=URX-MOT;https://etjanst.sjv.se/hagenpub/rest/base/object/URX-MOT;docs/tuva/sodermanland/objektrapporter/URX-MOT.json
URX-OOV;Södermanland;Gnesta;0.6;Bete;2019-07-02;Öllösa 1;https://etjanst.sjv.se/tuvaut/?f=&id=URX-OOV;https://etjanst.sjv.se/hagenpub/rest/base/object/URX-OOV;docs/tuva/sodermanland/objektrapporter/URX-OOV.json
UUB-DTK;Södermanland;Nyköping;1.68;Bete;2012-09-28;Gräfsta 1;https://etjanst.sjv.se/tuvaut/?f=&id=UUB-DTK;https://etjanst.sjv.se/hagenpub/rest/base/object/UUB-DTK;docs/tuva/sodermanland/objektrapporter/UUB-DTK.json
UUU-ILO;Södermanland;Flen;4.0;Bete;2009-09-23;;https://etjanst.sjv.se/tuvaut/?f=&id=UUU-ILO;https://etjanst.sjv.se/hagenpub/rest/base/object/UUU-ILO;docs/tuva/sodermanland/objektrapporter/UUU-ILO.json
UUW-AJF;Södermanland;Nyköping;0.24;Ej aktuell;2026-06-30;Sävö 6;https://etjanst.sjv.se/tuvaut/?f=&id=UUW-AJF;https://etjanst.sjv.se/hagenpub/rest/base/object/UUW-AJF;docs/tuva/sodermanland/objektrapporter/UUW-AJF.json
UUZ-VGA;Södermanland;Strängnäs;0.98;Bete;2018-09-04;Hagby 4;https://etjanst.sjv.se/tuvaut/?f=&id=UUZ-VGA;https://etjanst.sjv.se/hagenpub/rest/base/object/UUZ-VGA;docs/tuva/sodermanland/objektrapporter/UUZ-VGA.json
UVN-RVK;Södermanland;Katrineholm;0.68;Bete;2012-09-25;Viggartorp;https://etjanst.sjv.se/tuvaut/?f=&id=UVN-RVK;https://etjanst.sjv.se/hagenpub/rest/base/object/UVN-RVK;docs/tuva/sodermanland/objektrapporter/UVN-RVK.json
UVR-NRI;Södermanland;Nyköping;3.3;Bete;2026-06-30;;https://etjanst.sjv.se/tuvaut/?f=&id=UVR-NRI;https://etjanst.sjv.se/hagenpub/rest/base/object/UVR-NRI;docs/tuva/sodermanland/objektrapporter/UVR-NRI.json
UZU-IVO;Södermanland;Flen;3.83;Bete;2010-07-08;;https://etjanst.sjv.se/tuvaut/?f=&id=UZU-IVO;https://etjanst.sjv.se/hagenpub/rest/base/object/UZU-IVO;docs/tuva/sodermanland/objektrapporter/UZU-IVO.json
VCA-GKW;Södermanland;Nyköping;0.78;Ej aktuell;2010-07-07;;https://etjanst.sjv.se/tuvaut/?f=&id=VCA-GKW;https://etjanst.sjv.se/hagenpub/rest/base/object/VCA-GKW;docs/tuva/sodermanland/objektrapporter/VCA-GKW.json
VCC-RWW;Södermanland;Katrineholm;0.59;Bete;2011-07-07;;https://etjanst.sjv.se/tuvaut/?f=&id=VCC-RWW;https://etjanst.sjv.se/hagenpub/rest/base/object/VCC-RWW;docs/tuva/sodermanland/objektrapporter/VCC-RWW.json
VFO-ILD;Södermanland;Eskilstuna;0.36;Bete;2018-09-12;Prostökna 1;https://etjanst.sjv.se/tuvaut/?f=&id=VFO-ILD;https://etjanst.sjv.se/hagenpub/rest/base/object/VFO-ILD;docs/tuva/sodermanland/objektrapporter/VFO-ILD.json
VGA-QXC;Södermanland;Eskilstuna;1.38;Bete;2019-09-06;Hedtorp 1;https://etjanst.sjv.se/tuvaut/?f=&id=VGA-QXC;https://etjanst.sjv.se/hagenpub/rest/base/object/VGA-QXC;docs/tuva/sodermanland/objektrapporter/VGA-QXC.json
VGS-RTS;Södermanland;Nyköping;0.92;Bete;2010-06-30;Halla-Grindstugan 1:1;https://etjanst.sjv.se/tuvaut/?f=&id=VGS-RTS;https://etjanst.sjv.se/hagenpub/rest/base/object/VGS-RTS;docs/tuva/sodermanland/objektrapporter/VGS-RTS.json
VHG-CLW;Södermanland;Vingåker;1.0;Bete;2018-08-13;Söldnäs 1;https://etjanst.sjv.se/tuvaut/?f=&id=VHG-CLW;https://etjanst.sjv.se/hagenpub/rest/base/object/VHG-CLW;docs/tuva/sodermanland/objektrapporter/VHG-CLW.json
VHY-MBT;Södermanland;Trosa;1.5;Bete;2009-08-20;;https://etjanst.sjv.se/tuvaut/?f=&id=VHY-MBT;https://etjanst.sjv.se/hagenpub/rest/base/object/VHY-MBT;docs/tuva/sodermanland/objektrapporter/VHY-MBT.json
VIC-MFK;Södermanland;Nyköping;3.47;Bete;2019-06-14;Nynäs;https://etjanst.sjv.se/tuvaut/?f=&id=VIC-MFK;https://etjanst.sjv.se/hagenpub/rest/base/object/VIC-MFK;docs/tuva/sodermanland/objektrapporter/VIC-MFK.json
VIE-CXT;Södermanland;Strängnäs;19.63;Bete;2023-08-11;Elma;https://etjanst.sjv.se/tuvaut/?f=&id=VIE-CXT;https://etjanst.sjv.se/hagenpub/rest/base/object/VIE-CXT;docs/tuva/sodermanland/objektrapporter/VIE-CXT.json
VJV-UXL;Södermanland;Vingåker;0.26;Bete;2012-09-26;Lunda;https://etjanst.sjv.se/tuvaut/?f=&id=VJV-UXL;https://etjanst.sjv.se/hagenpub/rest/base/object/VJV-UXL;docs/tuva/sodermanland/objektrapporter/VJV-UXL.json
VLY-SXB;Södermanland;Nyköping;0.57;Bete;2007-10-10;Överbo;https://etjanst.sjv.se/tuvaut/?f=&id=VLY-SXB;https://etjanst.sjv.se/hagenpub/rest/base/object/VLY-SXB;docs/tuva/sodermanland/objektrapporter/VLY-SXB.json
VNL-SBV;Södermanland;Nyköping;1.52;Restaurerbar;2012-09-24;Öksund 2;https://etjanst.sjv.se/tuvaut/?f=&id=VNL-SBV;https://etjanst.sjv.se/hagenpub/rest/base/object/VNL-SBV;docs/tuva/sodermanland/objektrapporter/VNL-SBV.json
VOJ-NOM;Södermanland;Eskilstuna;0.56;Bete;2018-10-17;Knutsta;https://etjanst.sjv.se/tuvaut/?f=&id=VOJ-NOM;https://etjanst.sjv.se/hagenpub/rest/base/object/VOJ-NOM;docs/tuva/sodermanland/objektrapporter/VOJ-NOM.json
VQM-TJY;Södermanland;Nyköping;1.99;Bete;2010-06-29;;https://etjanst.sjv.se/tuvaut/?f=&id=VQM-TJY;https://etjanst.sjv.se/hagenpub/rest/base/object/VQM-TJY;docs/tuva/sodermanland/objektrapporter/VQM-TJY.json
VRA-BTH;Södermanland;Flen;0.76;Bete;2008-09-11;Helgesta-löta;https://etjanst.sjv.se/tuvaut/?f=&id=VRA-BTH;https://etjanst.sjv.se/hagenpub/rest/base/object/VRA-BTH;docs/tuva/sodermanland/objektrapporter/VRA-BTH.json
VTL-EBX;Södermanland;Nyköping;1.98;Bete;2009-07-16;;https://etjanst.sjv.se/tuvaut/?f=&id=VTL-EBX;https://etjanst.sjv.se/hagenpub/rest/base/object/VTL-EBX;docs/tuva/sodermanland/objektrapporter/VTL-EBX.json
VUR-WUY;Södermanland;Nyköping;0.44;Bete;2009-07-22;;https://etjanst.sjv.se/tuvaut/?f=&id=VUR-WUY;https://etjanst.sjv.se/hagenpub/rest/base/object/VUR-WUY;docs/tuva/sodermanland/objektrapporter/VUR-WUY.json
VVO-XBB;Södermanland;Nyköping;0.82;Bete;2026-07-31;Kjulsta;https://etjanst.sjv.se/tuvaut/?f=&id=VVO-XBB;https://etjanst.sjv.se/hagenpub/rest/base/object/VVO-XBB;docs/tuva/sodermanland/objektrapporter/VVO-XBB.json
VXS-PBC;Södermanland;Katrineholm;0.51;Bete;2011-07-07;;https://etjanst.sjv.se/tuvaut/?f=&id=VXS-PBC;https://etjanst.sjv.se/hagenpub/rest/base/object/VXS-PBC;docs/tuva/sodermanland/objektrapporter/VXS-PBC.json
VYM-AEC;Södermanland;Flen;0.51;Bete;2011-07-13;;https://etjanst.sjv.se/tuvaut/?f=&id=VYM-AEC;https://etjanst.sjv.se/hagenpub/rest/base/object/VYM-AEC;docs/tuva/sodermanland/objektrapporter/VYM-AEC.json
VZL-SXY;Södermanland;Nyköping;1.32;Bete;2023-08-01;Ripsa-Edeby;https://etjanst.sjv.se/tuvaut/?f=&id=VZL-SXY;https://etjanst.sjv.se/hagenpub/rest/base/object/VZL-SXY;docs/tuva/sodermanland/objektrapporter/VZL-SXY.json
VZU-VXD;Södermanland;Strängnäs;1.57;Bete;2008-08-28;Lottesta;https://etjanst.sjv.se/tuvaut/?f=&id=VZU-VXD;https://etjanst.sjv.se/hagenpub/rest/base/object/VZU-VXD;docs/tuva/sodermanland/objektrapporter/VZU-VXD.json
VZY-YHR;Södermanland;Katrineholm;1.99;Bete;2009-08-25;;https://etjanst.sjv.se/tuvaut/?f=&id=VZY-YHR;https://etjanst.sjv.se/hagenpub/rest/base/object/VZY-YHR;docs/tuva/sodermanland/objektrapporter/VZY-YHR.json
WBW-YXU;Södermanland;Vingåker;2.87;Bete;2023-07-25;;https://etjanst.sjv.se/tuvaut/?f=&id=WBW-YXU;https://etjanst.sjv.se/hagenpub/rest/base/object/WBW-YXU;docs/tuva/sodermanland/objektrapporter/WBW-YXU.json
WDB-LFH;Södermanland;Gnesta;2.93;Restaurerbar;2023-08-04;Trön;https://etjanst.sjv.se/tuvaut/?f=&id=WDB-LFH;https://etjanst.sjv.se/hagenpub/rest/base/object/WDB-LFH;docs/tuva/sodermanland/objektrapporter/WDB-LFH.json
WEG-WWT;Södermanland;Strängnäs;1.53;Äng;2019-07-09;Åker;https://etjanst.sjv.se/tuvaut/?f=&id=WEG-WWT;https://etjanst.sjv.se/hagenpub/rest/base/object/WEG-WWT;docs/tuva/sodermanland/objektrapporter/WEG-WWT.json
WEX-AWK;Södermanland;Nyköping;0.77;Bete;2023-06-08;Stensund;https://etjanst.sjv.se/tuvaut/?f=&id=WEX-AWK;https://etjanst.sjv.se/hagenpub/rest/base/object/WEX-AWK;docs/tuva/sodermanland/objektrapporter/WEX-AWK.json
WEX-RAC;Södermanland;Eskilstuna;0.51;Bete;2019-09-25;Näshulta-Vad 1;https://etjanst.sjv.se/tuvaut/?f=&id=WEX-RAC;https://etjanst.sjv.se/hagenpub/rest/base/object/WEX-RAC;docs/tuva/sodermanland/objektrapporter/WEX-RAC.json
WFL-QIU;Södermanland;Eskilstuna;0.25;Bete;2019-09-13;Hedensö 1;https://etjanst.sjv.se/tuvaut/?f=&id=WFL-QIU;https://etjanst.sjv.se/hagenpub/rest/base/object/WFL-QIU;docs/tuva/sodermanland/objektrapporter/WFL-QIU.json
WGC-IBI;Södermanland;Flen;3.44;Restaurerbar;2023-09-01;Stenhammar;https://etjanst.sjv.se/tuvaut/?f=&id=WGC-IBI;https://etjanst.sjv.se/hagenpub/rest/base/object/WGC-IBI;docs/tuva/sodermanland/objektrapporter/WGC-IBI.json
WHL-YPD;Södermanland;Gnesta;2.95;Bete;2018-06-28;Herrökna 3;https://etjanst.sjv.se/tuvaut/?f=&id=WHL-YPD;https://etjanst.sjv.se/hagenpub/rest/base/object/WHL-YPD;docs/tuva/sodermanland/objektrapporter/WHL-YPD.json
WHW-MAK;Södermanland;Strängnäs;1.71;Bete;2008-08-28;Aspö-Lagnö1;https://etjanst.sjv.se/tuvaut/?f=&id=WHW-MAK;https://etjanst.sjv.se/hagenpub/rest/base/object/WHW-MAK;docs/tuva/sodermanland/objektrapporter/WHW-MAK.json
WIA-EFK;Södermanland;Eskilstuna;1.34;Bete;2012-08-27;Bengtsbo;https://etjanst.sjv.se/tuvaut/?f=&id=WIA-EFK;https://etjanst.sjv.se/hagenpub/rest/base/object/WIA-EFK;docs/tuva/sodermanland/objektrapporter/WIA-EFK.json
WJF-JJH;Södermanland;Eskilstuna;2.6;Bete;2019-09-13;Tomt 1;https://etjanst.sjv.se/tuvaut/?f=&id=WJF-JJH;https://etjanst.sjv.se/hagenpub/rest/base/object/WJF-JJH;docs/tuva/sodermanland/objektrapporter/WJF-JJH.json
WJK-QMK;Södermanland;Nyköping;1.35;Restaurerbar;2009-07-21;;https://etjanst.sjv.se/tuvaut/?f=&id=WJK-QMK;https://etjanst.sjv.se/hagenpub/rest/base/object/WJK-QMK;docs/tuva/sodermanland/objektrapporter/WJK-QMK.json
WLG-EZG;Södermanland;Nyköping;0.36;Bete;2019-06-26;Valsta;https://etjanst.sjv.se/tuvaut/?f=&id=WLG-EZG;https://etjanst.sjv.se/hagenpub/rest/base/object/WLG-EZG;docs/tuva/sodermanland/objektrapporter/WLG-EZG.json
WLV-OID;Södermanland;Katrineholm;2.36;Bete;2023-06-21;Bossbol;https://etjanst.sjv.se/tuvaut/?f=&id=WLV-OID;https://etjanst.sjv.se/hagenpub/rest/base/object/WLV-OID;docs/tuva/sodermanland/objektrapporter/WLV-OID.json
WMI-AVE;Södermanland;Vingåker;0.47;Äng;2012-08-07;Skenäs;https://etjanst.sjv.se/tuvaut/?f=&id=WMI-AVE;https://etjanst.sjv.se/hagenpub/rest/base/object/WMI-AVE;docs/tuva/sodermanland/objektrapporter/WMI-AVE.json
WMV-FSI;Södermanland;Flen;0.91;Bete;2023-08-10;Helgesta-Sund;https://etjanst.sjv.se/tuvaut/?f=&id=WMV-FSI;https://etjanst.sjv.se/hagenpub/rest/base/object/WMV-FSI;docs/tuva/sodermanland/objektrapporter/WMV-FSI.json
WQM-HFQ;Södermanland;Trosa;1.26;Bete;2023-08-15;Stortorp;https://etjanst.sjv.se/tuvaut/?f=&id=WQM-HFQ;https://etjanst.sjv.se/hagenpub/rest/base/object/WQM-HFQ;docs/tuva/sodermanland/objektrapporter/WQM-HFQ.json
WQZ-YZF;Södermanland;Flen;0.25;Bete;2019-08-22;Remna;https://etjanst.sjv.se/tuvaut/?f=&id=WQZ-YZF;https://etjanst.sjv.se/hagenpub/rest/base/object/WQZ-YZF;docs/tuva/sodermanland/objektrapporter/WQZ-YZF.json
WRE-FKR;Södermanland;Nyköping;0.32;Bete;2012-06-12;Ökna;https://etjanst.sjv.se/tuvaut/?f=&id=WRE-FKR;https://etjanst.sjv.se/hagenpub/rest/base/object/WRE-FKR;docs/tuva/sodermanland/objektrapporter/WRE-FKR.json
WRE-QYB;Södermanland;Strängnäs;3.1;Bete;2018-08-16;Ytterselö-Sörtorp 1;https://etjanst.sjv.se/tuvaut/?f=&id=WRE-QYB;https://etjanst.sjv.se/hagenpub/rest/base/object/WRE-QYB;docs/tuva/sodermanland/objektrapporter/WRE-QYB.json
WSS-UCV;Södermanland;Flen;5.25;Bete;2019-08-28;Sparreholms slott;https://etjanst.sjv.se/tuvaut/?f=&id=WSS-UCV;https://etjanst.sjv.se/hagenpub/rest/base/object/WSS-UCV;docs/tuva/sodermanland/objektrapporter/WSS-UCV.json
WUM-VRF;Södermanland;Nyköping;3.1;Bete;2009-07-22;;https://etjanst.sjv.se/tuvaut/?f=&id=WUM-VRF;https://etjanst.sjv.se/hagenpub/rest/base/object/WUM-VRF;docs/tuva/sodermanland/objektrapporter/WUM-VRF.json
WVZ-ADR;Södermanland;Nyköping;0.39;Bete;2012-09-12;Valva;https://etjanst.sjv.se/tuvaut/?f=&id=WVZ-ADR;https://etjanst.sjv.se/hagenpub/rest/base/object/WVZ-ADR;docs/tuva/sodermanland/objektrapporter/WVZ-ADR.json
WXG-RND;Södermanland;Nyköping;0.33;Bete;2009-07-16;;https://etjanst.sjv.se/tuvaut/?f=&id=WXG-RND;https://etjanst.sjv.se/hagenpub/rest/base/object/WXG-RND;docs/tuva/sodermanland/objektrapporter/WXG-RND.json
WZM-OLQ;Södermanland;Katrineholm;1.26;Bete;2023-10-28;Österby;https://etjanst.sjv.se/tuvaut/?f=&id=WZM-OLQ;https://etjanst.sjv.se/hagenpub/rest/base/object/WZM-OLQ;docs/tuva/sodermanland/objektrapporter/WZM-OLQ.json
XAU-BSB;Södermanland;Eskilstuna;4.5;Bete;2018-09-12;Prostökna 1;https://etjanst.sjv.se/tuvaut/?f=&id=XAU-BSB;https://etjanst.sjv.se/hagenpub/rest/base/object/XAU-BSB;docs/tuva/sodermanland/objektrapporter/XAU-BSB.json
XAV-XOE;Södermanland;Nyköping;2.62;Bete;2019-06-14;Stensätter 1;https://etjanst.sjv.se/tuvaut/?f=&id=XAV-XOE;https://etjanst.sjv.se/hagenpub/rest/base/object/XAV-XOE;docs/tuva/sodermanland/objektrapporter/XAV-XOE.json
XAZ-MOM;Södermanland;Nyköping;0.5;Äng;2026-06-05;;https://etjanst.sjv.se/tuvaut/?f=&id=XAZ-MOM;https://etjanst.sjv.se/hagenpub/rest/base/object/XAZ-MOM;docs/tuva/sodermanland/objektrapporter/XAZ-MOM.json
XCN-XOY;Södermanland;Trosa;2.37;Bete;2023-08-15;Hallsta;https://etjanst.sjv.se/tuvaut/?f=&id=XCN-XOY;https://etjanst.sjv.se/hagenpub/rest/base/object/XCN-XOY;docs/tuva/sodermanland/objektrapporter/XCN-XOY.json
XCP-MXY;Södermanland;Katrineholm;3.4;Bete;2012-09-19;Nybble;https://etjanst.sjv.se/tuvaut/?f=&id=XCP-MXY;https://etjanst.sjv.se/hagenpub/rest/base/object/XCP-MXY;docs/tuva/sodermanland/objektrapporter/XCP-MXY.json
XCQ-YZJ;Södermanland;Strängnäs;4.21;Bete;2023-09-20;Granboda;https://etjanst.sjv.se/tuvaut/?f=&id=XCQ-YZJ;https://etjanst.sjv.se/hagenpub/rest/base/object/XCQ-YZJ;docs/tuva/sodermanland/objektrapporter/XCQ-YZJ.json
XFY-CIQ;Södermanland;Flen;0.36;Bete;2019-08-14;Hytternäs 1;https://etjanst.sjv.se/tuvaut/?f=&id=XFY-CIQ;https://etjanst.sjv.se/hagenpub/rest/base/object/XFY-CIQ;docs/tuva/sodermanland/objektrapporter/XFY-CIQ.json
XIG-OXB;Södermanland;Gnesta;0.28;Bete;2008-09-12;Lådra4;https://etjanst.sjv.se/tuvaut/?f=&id=XIG-OXB;https://etjanst.sjv.se/hagenpub/rest/base/object/XIG-OXB;docs/tuva/sodermanland/objektrapporter/XIG-OXB.json
XIW-LHY;Södermanland;Nyköping;0.91;Bete;2023-06-09;Listorp;https://etjanst.sjv.se/tuvaut/?f=&id=XIW-LHY;https://etjanst.sjv.se/hagenpub/rest/base/object/XIW-LHY;docs/tuva/sodermanland/objektrapporter/XIW-LHY.json
XKE-OXZ;Södermanland;Nyköping;0.3;Bete;2012-09-12;Valva;https://etjanst.sjv.se/tuvaut/?f=&id=XKE-OXZ;https://etjanst.sjv.se/hagenpub/rest/base/object/XKE-OXZ;docs/tuva/sodermanland/objektrapporter/XKE-OXZ.json
XKS-EYN;Södermanland;Eskilstuna;0.79;Bete;2019-09-10;Kafjärdsskogen 1;https://etjanst.sjv.se/tuvaut/?f=&id=XKS-EYN;https://etjanst.sjv.se/hagenpub/rest/base/object/XKS-EYN;docs/tuva/sodermanland/objektrapporter/XKS-EYN.json
XME-LGQ;Södermanland;Gnesta;0.44;Bete;2010-07-08;;https://etjanst.sjv.se/tuvaut/?f=&id=XME-LGQ;https://etjanst.sjv.se/hagenpub/rest/base/object/XME-LGQ;docs/tuva/sodermanland/objektrapporter/XME-LGQ.json
XNT-YGA;Södermanland;Eskilstuna;0.39;Bete;2023-08-16;;https://etjanst.sjv.se/tuvaut/?f=&id=XNT-YGA;https://etjanst.sjv.se/hagenpub/rest/base/object/XNT-YGA;docs/tuva/sodermanland/objektrapporter/XNT-YGA.json
XNY-JFY;Södermanland;Nyköping;2.08;Bete;2019-06-17;Sättersta-Lida;https://etjanst.sjv.se/tuvaut/?f=&id=XNY-JFY;https://etjanst.sjv.se/hagenpub/rest/base/object/XNY-JFY;docs/tuva/sodermanland/objektrapporter/XNY-JFY.json
XOR-TNS;Södermanland;Flen;0.26;Bete;2019-08-13;Hytternäs 1;https://etjanst.sjv.se/tuvaut/?f=&id=XOR-TNS;https://etjanst.sjv.se/hagenpub/rest/base/object/XOR-TNS;docs/tuva/sodermanland/objektrapporter/XOR-TNS.json
XPZ-GTV;Södermanland;Katrineholm;0.25;Äng;2009-07-01;;https://etjanst.sjv.se/tuvaut/?f=&id=XPZ-GTV;https://etjanst.sjv.se/hagenpub/rest/base/object/XPZ-GTV;docs/tuva/sodermanland/objektrapporter/XPZ-GTV.json
XRN-XFL;Södermanland;Strängnäs;0.18;Bete;2023-08-23;Aspö-Lagnö;https://etjanst.sjv.se/tuvaut/?f=&id=XRN-XFL;https://etjanst.sjv.se/hagenpub/rest/base/object/XRN-XFL;docs/tuva/sodermanland/objektrapporter/XRN-XFL.json
XSO-HZC;Södermanland;Nyköping;8.11;Bete;2012-09-18;Öksund;https://etjanst.sjv.se/tuvaut/?f=&id=XSO-HZC;https://etjanst.sjv.se/hagenpub/rest/base/object/XSO-HZC;docs/tuva/sodermanland/objektrapporter/XSO-HZC.json
XTG-QHS;Södermanland;Strängnäs;0.75;Bete;2023-09-19;Granboda;https://etjanst.sjv.se/tuvaut/?f=&id=XTG-QHS;https://etjanst.sjv.se/hagenpub/rest/base/object/XTG-QHS;docs/tuva/sodermanland/objektrapporter/XTG-QHS.json
XUF-BKK;Södermanland;Nyköping;1.46;Bete;2019-07-11;Gammelsta 4;https://etjanst.sjv.se/tuvaut/?f=&id=XUF-BKK;https://etjanst.sjv.se/hagenpub/rest/base/object/XUF-BKK;docs/tuva/sodermanland/objektrapporter/XUF-BKK.json
XVR-BSF;Södermanland;Strängnäs;0.65;Äng;2023-08-15;Magsjötorp;https://etjanst.sjv.se/tuvaut/?f=&id=XVR-BSF;https://etjanst.sjv.se/hagenpub/rest/base/object/XVR-BSF;docs/tuva/sodermanland/objektrapporter/XVR-BSF.json
XWI-MWO;Södermanland;Flen;1.83;Bete;2019-08-13;Heby 3;https://etjanst.sjv.se/tuvaut/?f=&id=XWI-MWO;https://etjanst.sjv.se/hagenpub/rest/base/object/XWI-MWO;docs/tuva/sodermanland/objektrapporter/XWI-MWO.json
YBW-ABB;Södermanland;Nyköping;0.67;Bete;2019-08-08;Ripsa-Haga 1;https://etjanst.sjv.se/tuvaut/?f=&id=YBW-ABB;https://etjanst.sjv.se/hagenpub/rest/base/object/YBW-ABB;docs/tuva/sodermanland/objektrapporter/YBW-ABB.json
YCF-TSB;Södermanland;Vingåker;1.32;Bete;2018-08-13;Sköldnäs 1;https://etjanst.sjv.se/tuvaut/?f=&id=YCF-TSB;https://etjanst.sjv.se/hagenpub/rest/base/object/YCF-TSB;docs/tuva/sodermanland/objektrapporter/YCF-TSB.json
YDB-RRN;Södermanland;Nyköping;1.04;Bete;2009-07-22;;https://etjanst.sjv.se/tuvaut/?f=&id=YDB-RRN;https://etjanst.sjv.se/hagenpub/rest/base/object/YDB-RRN;docs/tuva/sodermanland/objektrapporter/YDB-RRN.json
YDQ-QYA;Södermanland;Eskilstuna;0.22;Bete;2019-09-17;Näshulta-Åstorp 2;https://etjanst.sjv.se/tuvaut/?f=&id=YDQ-QYA;https://etjanst.sjv.se/hagenpub/rest/base/object/YDQ-QYA;docs/tuva/sodermanland/objektrapporter/YDQ-QYA.json
YEF-UMY;Södermanland;Strängnäs;1.22;Restaurerbar;2018-08-24;Fogdö-Lundby 4;https://etjanst.sjv.se/tuvaut/?f=&id=YEF-UMY;https://etjanst.sjv.se/hagenpub/rest/base/object/YEF-UMY;docs/tuva/sodermanland/objektrapporter/YEF-UMY.json
YES-EWF;Södermanland;Nyköping;4.2;Bete;2009-08-13;;https://etjanst.sjv.se/tuvaut/?f=&id=YES-EWF;https://etjanst.sjv.se/hagenpub/rest/base/object/YES-EWF;docs/tuva/sodermanland/objektrapporter/YES-EWF.json
YES-YZG;Södermanland;Flen;0.24;Bete;2019-08-15;Slättfall 2;https://etjanst.sjv.se/tuvaut/?f=&id=YES-YZG;https://etjanst.sjv.se/hagenpub/rest/base/object/YES-YZG;docs/tuva/sodermanland/objektrapporter/YES-YZG.json
YJI-LBZ;Södermanland;Eskilstuna;4.43;Bete;2018-09-17;Prostökna 1;https://etjanst.sjv.se/tuvaut/?f=&id=YJI-LBZ;https://etjanst.sjv.se/hagenpub/rest/base/object/YJI-LBZ;docs/tuva/sodermanland/objektrapporter/YJI-LBZ.json
YJX-DQR;Södermanland;Katrineholm;0.36;Restaurerbar;2023-08-17;Lisstorp 2;https://etjanst.sjv.se/tuvaut/?f=&id=YJX-DQR;https://etjanst.sjv.se/hagenpub/rest/base/object/YJX-DQR;docs/tuva/sodermanland/objektrapporter/YJX-DQR.json
YMH-UCU;Södermanland;Flen;0.24;Bete;2019-08-14;Hytternäs 1;https://etjanst.sjv.se/tuvaut/?f=&id=YMH-UCU;https://etjanst.sjv.se/hagenpub/rest/base/object/YMH-UCU;docs/tuva/sodermanland/objektrapporter/YMH-UCU.json
YMP-ZOT;Södermanland;Nyköping;0.23;Bete;2018-07-10;Slättkärr 1;https://etjanst.sjv.se/tuvaut/?f=&id=YMP-ZOT;https://etjanst.sjv.se/hagenpub/rest/base/object/YMP-ZOT;docs/tuva/sodermanland/objektrapporter/YMP-ZOT.json
YMV-WXB;Södermanland;Flen;4.77;Bete;2009-09-23;;https://etjanst.sjv.se/tuvaut/?f=&id=YMV-WXB;https://etjanst.sjv.se/hagenpub/rest/base/object/YMV-WXB;docs/tuva/sodermanland/objektrapporter/YMV-WXB.json
YOC-NBO;Södermanland;Flen;14.53;Bete;2010-09-01;Sjövik;https://etjanst.sjv.se/tuvaut/?f=&id=YOC-NBO;https://etjanst.sjv.se/hagenpub/rest/base/object/YOC-NBO;docs/tuva/sodermanland/objektrapporter/YOC-NBO.json
YQO-IST;Södermanland;Eskilstuna;0.14;Bete;2019-09-25;Vidökna 1;https://etjanst.sjv.se/tuvaut/?f=&id=YQO-IST;https://etjanst.sjv.se/hagenpub/rest/base/object/YQO-IST;docs/tuva/sodermanland/objektrapporter/YQO-IST.json
YRJ-LVY;Södermanland;Nyköping;1.81;Restaurerbar;2023-10-26;Vrena-Berga;https://etjanst.sjv.se/tuvaut/?f=&id=YRJ-LVY;https://etjanst.sjv.se/hagenpub/rest/base/object/YRJ-LVY;docs/tuva/sodermanland/objektrapporter/YRJ-LVY.json
YUE-UHO;Södermanland;Flen;2.27;Bete;2023-06-01;Lagmansö;https://etjanst.sjv.se/tuvaut/?f=&id=YUE-UHO;https://etjanst.sjv.se/hagenpub/rest/base/object/YUE-UHO;docs/tuva/sodermanland/objektrapporter/YUE-UHO.json
YUG-KUC;Södermanland;Katrineholm;0.87;Äng;2023-07-14;Östra Smedsbol;https://etjanst.sjv.se/tuvaut/?f=&id=YUG-KUC;https://etjanst.sjv.se/hagenpub/rest/base/object/YUG-KUC;docs/tuva/sodermanland/objektrapporter/YUG-KUC.json
YUO-KXT;Södermanland;Gnesta;1.17;Bete;2019-06-25;Björnlunda-Jakobsberg 1;https://etjanst.sjv.se/tuvaut/?f=&id=YUO-KXT;https://etjanst.sjv.se/hagenpub/rest/base/object/YUO-KXT;docs/tuva/sodermanland/objektrapporter/YUO-KXT.json
YUO-XDI;Södermanland;Strängnäs;2.13;Bete;2023-09-19;Granboda;https://etjanst.sjv.se/tuvaut/?f=&id=YUO-XDI;https://etjanst.sjv.se/hagenpub/rest/base/object/YUO-XDI;docs/tuva/sodermanland/objektrapporter/YUO-XDI.json
ZAL-AOX;Södermanland;Katrineholm;4.76;Bete;2012-09-25;Getskav;https://etjanst.sjv.se/tuvaut/?f=&id=ZAL-AOX;https://etjanst.sjv.se/hagenpub/rest/base/object/ZAL-AOX;docs/tuva/sodermanland/objektrapporter/ZAL-AOX.json
ZCO-RMY;Södermanland;Katrineholm;2.97;Bete;2008-09-05;Barksätter2;https://etjanst.sjv.se/tuvaut/?f=&id=ZCO-RMY;https://etjanst.sjv.se/hagenpub/rest/base/object/ZCO-RMY;docs/tuva/sodermanland/objektrapporter/ZCO-RMY.json
ZDX-FAD;Södermanland;Eskilstuna;0.22;Bete;2018-10-09;Mesta;https://etjanst.sjv.se/tuvaut/?f=&id=ZDX-FAD;https://etjanst.sjv.se/hagenpub/rest/base/object/ZDX-FAD;docs/tuva/sodermanland/objektrapporter/ZDX-FAD.json
ZEP-VSF;Södermanland;Strängnäs;10.65;Bete;2023-06-01;Härnöängen;https://etjanst.sjv.se/tuvaut/?f=&id=ZEP-VSF;https://etjanst.sjv.se/hagenpub/rest/base/object/ZEP-VSF;docs/tuva/sodermanland/objektrapporter/ZEP-VSF.json
ZFU-RCM;Södermanland;Katrineholm;3.05;Bete;2012-09-25;Forsa bruk;https://etjanst.sjv.se/tuvaut/?f=&id=ZFU-RCM;https://etjanst.sjv.se/hagenpub/rest/base/object/ZFU-RCM;docs/tuva/sodermanland/objektrapporter/ZFU-RCM.json
ZGA-HAQ;Södermanland;Trosa;1.42;Bete;2023-08-14;Trössla;https://etjanst.sjv.se/tuvaut/?f=&id=ZGA-HAQ;https://etjanst.sjv.se/hagenpub/rest/base/object/ZGA-HAQ;docs/tuva/sodermanland/objektrapporter/ZGA-HAQ.json
ZGA-TNN;Södermanland;Nyköping;0.75;Bete;2019-06-26;Valsta 3;https://etjanst.sjv.se/tuvaut/?f=&id=ZGA-TNN;https://etjanst.sjv.se/hagenpub/rest/base/object/ZGA-TNN;docs/tuva/sodermanland/objektrapporter/ZGA-TNN.json
ZHV-WAC;Södermanland;Flen;1.06;Bete;2009-09-23;;https://etjanst.sjv.se/tuvaut/?f=&id=ZHV-WAC;https://etjanst.sjv.se/hagenpub/rest/base/object/ZHV-WAC;docs/tuva/sodermanland/objektrapporter/ZHV-WAC.json
ZIA-WTW;Södermanland;Gnesta;0.77;Bete;2019-07-04;Taffsnäs 1;https://etjanst.sjv.se/tuvaut/?f=&id=ZIA-WTW;https://etjanst.sjv.se/hagenpub/rest/base/object/ZIA-WTW;docs/tuva/sodermanland/objektrapporter/ZIA-WTW.json
ZJX-CMN;Södermanland;Katrineholm;1.64;Bete;2008-09-05;Barksätter3;https://etjanst.sjv.se/tuvaut/?f=&id=ZJX-CMN;https://etjanst.sjv.se/hagenpub/rest/base/object/ZJX-CMN;docs/tuva/sodermanland/objektrapporter/ZJX-CMN.json
ZKL-MYJ;Södermanland;Flen;0.24;Äng;2010-07-14;;https://etjanst.sjv.se/tuvaut/?f=&id=ZKL-MYJ;https://etjanst.sjv.se/hagenpub/rest/base/object/ZKL-MYJ;docs/tuva/sodermanland/objektrapporter/ZKL-MYJ.json
ZKO-AWJ;Södermanland;Eskilstuna;0.46;Bete;2017-08-01;Malmberga;https://etjanst.sjv.se/tuvaut/?f=&id=ZKO-AWJ;https://etjanst.sjv.se/hagenpub/rest/base/object/ZKO-AWJ;docs/tuva/sodermanland/objektrapporter/ZKO-AWJ.json
ZLY-WTG;Södermanland;Eskilstuna;2.96;Bete;2018-10-09;Åsbymon 2;https://etjanst.sjv.se/tuvaut/?f=&id=ZLY-WTG;https://etjanst.sjv.se/hagenpub/rest/base/object/ZLY-WTG;docs/tuva/sodermanland/objektrapporter/ZLY-WTG.json
ZNH-GEE;Södermanland;Nyköping;0.59;Bete;2023-06-13;Ripsa-Edeby;https://etjanst.sjv.se/tuvaut/?f=&id=ZNH-GEE;https://etjanst.sjv.se/hagenpub/rest/base/object/ZNH-GEE;docs/tuva/sodermanland/objektrapporter/ZNH-GEE.json
ZNH-KKB;Södermanland;Eskilstuna;0.9;Bete;2019-10-03;Hedensö 1;https://etjanst.sjv.se/tuvaut/?f=&id=ZNH-KKB;https://etjanst.sjv.se/hagenpub/rest/base/object/ZNH-KKB;docs/tuva/sodermanland/objektrapporter/ZNH-KKB.json
ZPD-DWY;Södermanland;Katrineholm;3.32;Bete;2008-09-05;Djulö;https://etjanst.sjv.se/tuvaut/?f=&id=ZPD-DWY;https://etjanst.sjv.se/hagenpub/rest/base/object/ZPD-DWY;docs/tuva/sodermanland/objektrapporter/ZPD-DWY.json
ZPM-EWI;Södermanland;Eskilstuna;0.63;Bete;2023-07-28;Näshulta Österby;https://etjanst.sjv.se/tuvaut/?f=&id=ZPM-EWI;https://etjanst.sjv.se/hagenpub/rest/base/object/ZPM-EWI;docs/tuva/sodermanland/objektrapporter/ZPM-EWI.json
ZRB-HPF;Södermanland;Eskilstuna;3.38;Bete;2008-09-17;Skyttinge;https://etjanst.sjv.se/tuvaut/?f=&id=ZRB-HPF;https://etjanst.sjv.se/hagenpub/rest/base/object/ZRB-HPF;docs/tuva/sodermanland/objektrapporter/ZRB-HPF.json
ZSZ-JFF;Södermanland;Katrineholm;0.64;Bete;2008-08-26;Sättra;https://etjanst.sjv.se/tuvaut/?f=&id=ZSZ-JFF;https://etjanst.sjv.se/hagenpub/rest/base/object/ZSZ-JFF;docs/tuva/sodermanland/objektrapporter/ZSZ-JFF.json
ZWL-DZF;Södermanland;Flen;1.03;Bete;2019-08-14;Hytternäs 1;https://etjanst.sjv.se/tuvaut/?f=&id=ZWL-DZF;https://etjanst.sjv.se/hagenpub/rest/base/object/ZWL-DZF;docs/tuva/sodermanland/objektrapporter/ZWL-DZF.json
ZXL-UWE;Södermanland;Strängnäs;1.77;Bete;2018-08-22;Herresta 2;https://etjanst.sjv.se/tuvaut/?f=&id=ZXL-UWE;https://etjanst.sjv.se/hagenpub/rest/base/object/ZXL-UWE;docs/tuva/sodermanland/objektrapporter/ZXL-UWE.json
ZXQ-OCH;Södermanland;Vingåker;0.48;Bete;2012-09-20;Valltrand;https://etjanst.sjv.se/tuvaut/?f=&id=ZXQ-OCH;https://etjanst.sjv.se/hagenpub/rest/base/object/ZXQ-OCH;docs/tuva/sodermanland/objektrapporter/ZXQ-OCH.json
ZXZ-BGI;Södermanland;Oxelösund;4.69;Bete;2009-07-14;;https://etjanst.sjv.se/tuvaut/?f=&id=ZXZ-BGI;https://etjanst.sjv.se/hagenpub/rest/base/object/ZXZ-BGI;docs/tuva/sodermanland/objektrapporter/ZXZ-BGI.json
ZZV-OGO;Södermanland;Vingåker;4.17;Bete;2012-09-19;Forsby 2;https://etjanst.sjv.se/tuvaut/?f=&id=ZZV-OGO;https://etjanst.sjv.se/hagenpub/rest/base/object/ZZV-OGO;docs/tuva/sodermanland/objektrapporter/ZZV-OGO.json
